instance_count	machine_type	slots	memory	data_size_MB	use_dense	examples	features	pages	classes	gross_runtime	cpu_sysbench	disk_seq_fio	memory_sysbench
4	c4.2xlarge	32	60000	bigdata	False	10000	100000	20000000	20000	1297	1.0	0.975170773880192	0.995589462652916
4	c4.2xlarge	32	60000	bigdata	False	10000	100000	20000000	20000	1366	1.0	0.975170773880192	0.995589462652916
4	c4.2xlarge	32	60000	bigdata	False	10000	100000	20000000	20000	1504	1.0	0.975170773880192	0.995589462652916
4	c4.2xlarge	32	60000	bigdata	False	10000	100000	20000000	20000	1443	1.0	0.975170773880192	0.995589462652916
4	c4.2xlarge	32	60000	bigdata	False	10000	100000	20000000	20000	1368	1.0	0.975170773880192	0.995589462652916
4	c4.2xlarge	32	60000	huge	False	10000	1000	500000	100	747	1.0	0.975170773880192	0.995589462652916
4	c4.2xlarge	32	60000	huge	False	10000	1000	500000	100	712	1.0	0.975170773880192	0.995589462652916
4	c4.2xlarge	32	60000	huge	False	10000	1000	500000	100	805	1.0	0.975170773880192	0.995589462652916
4	c4.2xlarge	32	60000	huge	False	10000	1000	500000	100	785	1.0	0.975170773880192	0.995589462652916
4	c4.2xlarge	32	60000	huge	False	10000	1000	500000	100	659	1.0	0.975170773880192	0.995589462652916
4	c4.large	8	12000	bigdata	False	10000	100000	20000000	20000	5668	0.958215477247805	0.963738302503114	0.959066866763844
4	c4.large	8	12000	bigdata	False	10000	100000	20000000	20000	5703	0.958215477247805	0.963738302503114	0.959066866763844
4	c4.large	8	12000	bigdata	False	10000	100000	20000000	20000	5980	0.958215477247805	0.963738302503114	0.959066866763844
4	c4.large	8	12000	bigdata	False	10000	100000	20000000	20000	6431	0.958215477247805	0.963738302503114	0.959066866763844
4	c4.large	8	12000	bigdata	False	10000	100000	20000000	20000	6746	0.958215477247805	0.963738302503114	0.959066866763844
4	c4.large	8	12000	huge	False	10000	1000	500000	100	3127	0.958215477247805	0.963738302503114	0.959066866763844
4	c4.large	8	12000	huge	False	10000	1000	500000	100	3404	0.958215477247805	0.963738302503114	0.959066866763844
4	c4.large	8	12000	huge	False	10000	1000	500000	100	2385	0.958215477247805	0.963738302503114	0.959066866763844
4	c4.large	8	12000	huge	False	10000	1000	500000	100	3209	0.958215477247805	0.963738302503114	0.959066866763844
4	c4.large	8	12000	huge	False	10000	1000	500000	100	2634	0.958215477247805	0.963738302503114	0.959066866763844
4	c4.xlarge	16	28000	bigdata	False	10000	100000	20000000	20000	2809	0.981580131098954	0.916863624781091	1.0
4	c4.xlarge	16	28000	bigdata	False	10000	100000	20000000	20000	2997	0.981580131098954	0.916863624781091	1.0
4	c4.xlarge	16	28000	bigdata	False	10000	100000	20000000	20000	2753	0.981580131098954	0.916863624781091	1.0
4	c4.xlarge	16	28000	bigdata	False	10000	100000	20000000	20000	2963	0.981580131098954	0.916863624781091	1.0
4	c4.xlarge	16	28000	bigdata	False	10000	100000	20000000	20000	2973	0.981580131098954	0.916863624781091	1.0
4	c4.xlarge	16	28000	huge	False	10000	1000	500000	100	1361	0.981580131098954	0.916863624781091	1.0
4	c4.xlarge	16	28000	huge	False	10000	1000	500000	100	1188	0.981580131098954	0.916863624781091	1.0
4	c4.xlarge	16	28000	huge	False	10000	1000	500000	100	1587	0.981580131098954	0.916863624781091	1.0
4	c4.xlarge	16	28000	huge	False	10000	1000	500000	100	1631	0.981580131098954	0.916863624781091	1.0
4	c4.xlarge	16	28000	huge	False	10000	1000	500000	100	1536	0.981580131098954	0.916863624781091	1.0
4	m4.2xlarge	32	128000	bigdata	False	10000	100000	20000000	20000	1379	0.73813508679461	0.917837907061713	0.817114731721182
4	m4.2xlarge	32	128000	bigdata	False	10000	100000	20000000	20000	1726	0.73813508679461	0.917837907061713	0.817114731721182
4	m4.2xlarge	32	128000	bigdata	False	10000	100000	20000000	20000	1659	0.73813508679461	0.917837907061713	0.817114731721182
4	m4.2xlarge	32	128000	bigdata	False	10000	100000	20000000	20000	1371	0.73813508679461	0.917837907061713	0.817114731721182
4	m4.2xlarge	32	128000	bigdata	False	10000	100000	20000000	20000	1872	0.73813508679461	0.917837907061713	0.817114731721182
4	m4.2xlarge	32	128000	huge	False	10000	1000	500000	100	758	0.73813508679461	0.917837907061713	0.817114731721182
4	m4.2xlarge	32	128000	huge	False	10000	1000	500000	100	991	0.73813508679461	0.917837907061713	0.817114731721182
4	m4.2xlarge	32	128000	huge	False	10000	1000	500000	100	780	0.73813508679461	0.917837907061713	0.817114731721182
4	m4.2xlarge	32	128000	huge	False	10000	1000	500000	100	802	0.73813508679461	0.917837907061713	0.817114731721182
4	m4.2xlarge	32	128000	huge	False	10000	1000	500000	100	969	0.73813508679461	0.917837907061713	0.817114731721182
4	m4.large	8	32000	bigdata	False	10000	100000	20000000	20000	6773	0.719976297083032	0.963352406209638	0.757775976316556
4	m4.large	8	32000	bigdata	False	10000	100000	20000000	20000	7193	0.719976297083032	0.963352406209638	0.757775976316556
4	m4.large	8	32000	bigdata	False	10000	100000	20000000	20000	8008	0.719976297083032	0.963352406209638	0.757775976316556
4	m4.large	8	32000	bigdata	False	10000	100000	20000000	20000	7000	0.719976297083032	0.963352406209638	0.757775976316556
4	m4.large	8	32000	bigdata	False	10000	100000	20000000	20000	6371	0.719976297083032	0.963352406209638	0.757775976316556
4	m4.large	8	32000	huge	False	10000	1000	500000	100	4207	0.719976297083032	0.963352406209638	0.757775976316556
4	m4.large	8	32000	huge	False	10000	1000	500000	100	3895	0.719976297083032	0.963352406209638	0.757775976316556
4	m4.large	8	32000	huge	False	10000	1000	500000	100	3617	0.719976297083032	0.963352406209638	0.757775976316556
4	m4.large	8	32000	huge	False	10000	1000	500000	100	3908	0.719976297083032	0.963352406209638	0.757775976316556
4	m4.large	8	32000	huge	False	10000	1000	500000	100	2834	0.719976297083032	0.963352406209638	0.757775976316556
4	m4.xlarge	16	64000	bigdata	False	10000	100000	20000000	20000	4027	0.724716697086843	0.939577226630061	0.806717869741047
4	m4.xlarge	16	64000	bigdata	False	10000	100000	20000000	20000	2689	0.724716697086843	0.939577226630061	0.806717869741047
4	m4.xlarge	16	64000	bigdata	False	10000	100000	20000000	20000	3832	0.724716697086843	0.939577226630061	0.806717869741047
4	m4.xlarge	16	64000	bigdata	False	10000	100000	20000000	20000	3035	0.724716697086843	0.939577226630061	0.806717869741047
4	m4.xlarge	16	64000	bigdata	False	10000	100000	20000000	20000	3270	0.724716697086843	0.939577226630061	0.806717869741047
4	m4.xlarge	16	64000	huge	False	10000	1000	500000	100	1749	0.724716697086843	0.939577226630061	0.806717869741047
4	m4.xlarge	16	64000	huge	False	10000	1000	500000	100	1496	0.724716697086843	0.939577226630061	0.806717869741047
4	m4.xlarge	16	64000	huge	False	10000	1000	500000	100	1448	0.724716697086843	0.939577226630061	0.806717869741047
4	m4.xlarge	16	64000	huge	False	10000	1000	500000	100	1521	0.724716697086843	0.939577226630061	0.806717869741047
4	m4.xlarge	16	64000	huge	False	10000	1000	500000	100	1707	0.724716697086843	0.939577226630061	0.806717869741047
4	r4.2xlarge	32	244000	bigdata	False	10000	100000	20000000	20000	1967	0.621439738915361	0.699904926309755	0.683905823195575
4	r4.2xlarge	32	244000	bigdata	False	10000	100000	20000000	20000	1487	0.621439738915361	0.699904926309755	0.683905823195575
4	r4.2xlarge	32	244000	bigdata	False	10000	100000	20000000	20000	1553	0.621439738915361	0.699904926309755	0.683905823195575
4	r4.2xlarge	32	244000	bigdata	False	10000	100000	20000000	20000	1780	0.621439738915361	0.699904926309755	0.683905823195575
4	r4.2xlarge	32	244000	bigdata	False	10000	100000	20000000	20000	2135	0.621439738915361	0.699904926309755	0.683905823195575
4	r4.2xlarge	32	244000	huge	False	10000	1000	500000	100	886	0.621439738915361	0.699904926309755	0.683905823195575
4	r4.2xlarge	32	244000	huge	False	10000	1000	500000	100	874	0.621439738915361	0.699904926309755	0.683905823195575
4	r4.2xlarge	32	244000	huge	False	10000	1000	500000	100	785	0.621439738915361	0.699904926309755	0.683905823195575
4	r4.2xlarge	32	244000	huge	False	10000	1000	500000	100	759	0.621439738915361	0.699904926309755	0.683905823195575
4	r4.2xlarge	32	244000	huge	False	10000	1000	500000	100	818	0.621439738915361	0.699904926309755	0.683905823195575
4	r4.large	8	60000	bigdata	False	10000	100000	20000000	20000	7938	0.626835516578723	1.0	0.670704216951795
4	r4.large	8	60000	bigdata	False	10000	100000	20000000	20000	5357	0.626835516578723	1.0	0.670704216951795
4	r4.large	8	60000	bigdata	False	10000	100000	20000000	20000	7671	0.626835516578723	1.0	0.670704216951795
4	r4.large	8	60000	bigdata	False	10000	100000	20000000	20000	6506	0.626835516578723	1.0	0.670704216951795
4	r4.large	8	60000	bigdata	False	10000	100000	20000000	20000	7519	0.626835516578723	1.0	0.670704216951795
4	r4.large	8	60000	huge	False	10000	1000	500000	100	3571	0.626835516578723	1.0	0.670704216951795
4	r4.large	8	60000	huge	False	10000	1000	500000	100	3463	0.626835516578723	1.0	0.670704216951795
4	r4.large	8	60000	huge	False	10000	1000	500000	100	3169	0.626835516578723	1.0	0.670704216951795
4	r4.large	8	60000	huge	False	10000	1000	500000	100	3632	0.626835516578723	1.0	0.670704216951795
4	r4.large	8	60000	huge	False	10000	1000	500000	100	3797	0.626835516578723	1.0	0.670704216951795
4	r4.xlarge	16	120000	bigdata	False	10000	100000	20000000	20000	3459	0.621758403741034	0.91340066266808	0.680859830691666
4	r4.xlarge	16	120000	bigdata	False	10000	100000	20000000	20000	3535	0.621758403741034	0.91340066266808	0.680859830691666
4	r4.xlarge	16	120000	bigdata	False	10000	100000	20000000	20000	3329	0.621758403741034	0.91340066266808	0.680859830691666
4	r4.xlarge	16	120000	bigdata	False	10000	100000	20000000	20000	3752	0.621758403741034	0.91340066266808	0.680859830691666
4	r4.xlarge	16	120000	bigdata	False	10000	100000	20000000	20000	3114	0.621758403741034	0.91340066266808	0.680859830691666
4	r4.xlarge	16	120000	huge	False	10000	1000	500000	100	1238	0.621758403741034	0.91340066266808	0.680859830691666
4	r4.xlarge	16	120000	huge	False	10000	1000	500000	100	1615	0.621758403741034	0.91340066266808	0.680859830691666
4	r4.xlarge	16	120000	huge	False	10000	1000	500000	100	1600	0.621758403741034	0.91340066266808	0.680859830691666
4	r4.xlarge	16	120000	huge	False	10000	1000	500000	100	1779	0.621758403741034	0.91340066266808	0.680859830691666
4	r4.xlarge	16	120000	huge	False	10000	1000	500000	100	1576	0.621758403741034	0.91340066266808	0.680859830691666
6	c4.2xlarge	48	90000	bigdata	False	10000	100000	20000000	20000	1267	1.0	0.975170773880192	0.995589462652916
6	c4.2xlarge	48	90000	bigdata	False	10000	100000	20000000	20000	1133	1.0	0.975170773880192	0.995589462652916
6	c4.2xlarge	48	90000	bigdata	False	10000	100000	20000000	20000	900	1.0	0.975170773880192	0.995589462652916
6	c4.2xlarge	48	90000	bigdata	False	10000	100000	20000000	20000	1010	1.0	0.975170773880192	0.995589462652916
6	c4.2xlarge	48	90000	bigdata	False	10000	100000	20000000	20000	831	1.0	0.975170773880192	0.995589462652916
6	c4.2xlarge	48	90000	huge	False	10000	1000	500000	100	541	1.0	0.975170773880192	0.995589462652916
6	c4.2xlarge	48	90000	huge	False	10000	1000	500000	100	484	1.0	0.975170773880192	0.995589462652916
6	c4.2xlarge	48	90000	huge	False	10000	1000	500000	100	513	1.0	0.975170773880192	0.995589462652916
6	c4.2xlarge	48	90000	huge	False	10000	1000	500000	100	455	1.0	0.975170773880192	0.995589462652916
6	c4.2xlarge	48	90000	huge	False	10000	1000	500000	100	488	1.0	0.975170773880192	0.995589462652916
6	c4.large	12	18000	bigdata	False	10000	100000	20000000	20000	4504	0.958215477247805	0.963738302503114	0.959066866763844
6	c4.large	12	18000	bigdata	False	10000	100000	20000000	20000	4189	0.958215477247805	0.963738302503114	0.959066866763844
6	c4.large	12	18000	bigdata	False	10000	100000	20000000	20000	4433	0.958215477247805	0.963738302503114	0.959066866763844
6	c4.large	12	18000	bigdata	False	10000	100000	20000000	20000	3680	0.958215477247805	0.963738302503114	0.959066866763844
6	c4.large	12	18000	bigdata	False	10000	100000	20000000	20000	4045	0.958215477247805	0.963738302503114	0.959066866763844
6	c4.large	12	18000	huge	False	10000	1000	500000	100	2167	0.958215477247805	0.963738302503114	0.959066866763844
6	c4.large	12	18000	huge	False	10000	1000	500000	100	1788	0.958215477247805	0.963738302503114	0.959066866763844
6	c4.large	12	18000	huge	False	10000	1000	500000	100	1730	0.958215477247805	0.963738302503114	0.959066866763844
6	c4.large	12	18000	huge	False	10000	1000	500000	100	1912	0.958215477247805	0.963738302503114	0.959066866763844
6	c4.large	12	18000	huge	False	10000	1000	500000	100	1863	0.958215477247805	0.963738302503114	0.959066866763844
6	c4.xlarge	24	42000	bigdata	False	10000	100000	20000000	20000	2158	0.981580131098954	0.916863624781091	1.0
6	c4.xlarge	24	42000	bigdata	False	10000	100000	20000000	20000	1959	0.981580131098954	0.916863624781091	1.0
6	c4.xlarge	24	42000	bigdata	False	10000	100000	20000000	20000	2001	0.981580131098954	0.916863624781091	1.0
6	c4.xlarge	24	42000	bigdata	False	10000	100000	20000000	20000	1892	0.981580131098954	0.916863624781091	1.0
6	c4.xlarge	24	42000	bigdata	False	10000	100000	20000000	20000	2265	0.981580131098954	0.916863624781091	1.0
6	c4.xlarge	24	42000	huge	False	10000	1000	500000	100	1098	0.981580131098954	0.916863624781091	1.0
6	c4.xlarge	24	42000	huge	False	10000	1000	500000	100	932	0.981580131098954	0.916863624781091	1.0
6	c4.xlarge	24	42000	huge	False	10000	1000	500000	100	900	0.981580131098954	0.916863624781091	1.0
6	c4.xlarge	24	42000	huge	False	10000	1000	500000	100	1066	0.981580131098954	0.916863624781091	1.0
6	c4.xlarge	24	42000	huge	False	10000	1000	500000	100	861	0.981580131098954	0.916863624781091	1.0
6	m4.2xlarge	48	192000	bigdata	False	10000	100000	20000000	20000	1120	0.73813508679461	0.917837907061713	0.817114731721182
6	m4.2xlarge	48	192000	bigdata	False	10000	100000	20000000	20000	1253	0.73813508679461	0.917837907061713	0.817114731721182
6	m4.2xlarge	48	192000	bigdata	False	10000	100000	20000000	20000	967	0.73813508679461	0.917837907061713	0.817114731721182
6	m4.2xlarge	48	192000	bigdata	False	10000	100000	20000000	20000	1162	0.73813508679461	0.917837907061713	0.817114731721182
6	m4.2xlarge	48	192000	bigdata	False	10000	100000	20000000	20000	1099	0.73813508679461	0.917837907061713	0.817114731721182
6	m4.2xlarge	48	192000	huge	False	10000	1000	500000	100	617	0.73813508679461	0.917837907061713	0.817114731721182
6	m4.2xlarge	48	192000	huge	False	10000	1000	500000	100	625	0.73813508679461	0.917837907061713	0.817114731721182
6	m4.2xlarge	48	192000	huge	False	10000	1000	500000	100	575	0.73813508679461	0.917837907061713	0.817114731721182
6	m4.2xlarge	48	192000	huge	False	10000	1000	500000	100	608	0.73813508679461	0.917837907061713	0.817114731721182
6	m4.2xlarge	48	192000	huge	False	10000	1000	500000	100	602	0.73813508679461	0.917837907061713	0.817114731721182
6	m4.large	12	48000	bigdata	False	10000	100000	20000000	20000	3218	0.719976297083032	0.963352406209638	0.757775976316556
6	m4.large	12	48000	bigdata	False	10000	100000	20000000	20000	4288	0.719976297083032	0.963352406209638	0.757775976316556
6	m4.large	12	48000	bigdata	False	10000	100000	20000000	20000	4037	0.719976297083032	0.963352406209638	0.757775976316556
6	m4.large	12	48000	bigdata	False	10000	100000	20000000	20000	4771	0.719976297083032	0.963352406209638	0.757775976316556
6	m4.large	12	48000	bigdata	False	10000	100000	20000000	20000	4882	0.719976297083032	0.963352406209638	0.757775976316556
6	m4.large	12	48000	huge	False	10000	1000	500000	100	2096	0.719976297083032	0.963352406209638	0.757775976316556
6	m4.large	12	48000	huge	False	10000	1000	500000	100	2333	0.719976297083032	0.963352406209638	0.757775976316556
6	m4.large	12	48000	huge	False	10000	1000	500000	100	2091	0.719976297083032	0.963352406209638	0.757775976316556
6	m4.large	12	48000	huge	False	10000	1000	500000	100	2185	0.719976297083032	0.963352406209638	0.757775976316556
6	m4.large	12	48000	huge	False	10000	1000	500000	100	2735	0.719976297083032	0.963352406209638	0.757775976316556
6	m4.xlarge	24	96000	bigdata	False	10000	100000	20000000	20000	2213	0.724716697086843	0.939577226630061	0.806717869741047
6	m4.xlarge	24	96000	bigdata	False	10000	100000	20000000	20000	2006	0.724716697086843	0.939577226630061	0.806717869741047
6	m4.xlarge	24	96000	bigdata	False	10000	100000	20000000	20000	2353	0.724716697086843	0.939577226630061	0.806717869741047
6	m4.xlarge	24	96000	bigdata	False	10000	100000	20000000	20000	2011	0.724716697086843	0.939577226630061	0.806717869741047
6	m4.xlarge	24	96000	bigdata	False	10000	100000	20000000	20000	1665	0.724716697086843	0.939577226630061	0.806717869741047
6	m4.xlarge	24	96000	huge	False	10000	1000	500000	100	905	0.724716697086843	0.939577226630061	0.806717869741047
6	m4.xlarge	24	96000	huge	False	10000	1000	500000	100	1132	0.724716697086843	0.939577226630061	0.806717869741047
6	m4.xlarge	24	96000	huge	False	10000	1000	500000	100	797	0.724716697086843	0.939577226630061	0.806717869741047
6	m4.xlarge	24	96000	huge	False	10000	1000	500000	100	1102	0.724716697086843	0.939577226630061	0.806717869741047
6	m4.xlarge	24	96000	huge	False	10000	1000	500000	100	1201	0.724716697086843	0.939577226630061	0.806717869741047
6	r4.2xlarge	48	366000	bigdata	False	10000	100000	20000000	20000	1160	0.621439738915361	0.699904926309755	0.683905823195575
6	r4.2xlarge	48	366000	bigdata	False	10000	100000	20000000	20000	1177	0.621439738915361	0.699904926309755	0.683905823195575
6	r4.2xlarge	48	366000	bigdata	False	10000	100000	20000000	20000	1125	0.621439738915361	0.699904926309755	0.683905823195575
6	r4.2xlarge	48	366000	bigdata	False	10000	100000	20000000	20000	1097	0.621439738915361	0.699904926309755	0.683905823195575
6	r4.2xlarge	48	366000	bigdata	False	10000	100000	20000000	20000	1340	0.621439738915361	0.699904926309755	0.683905823195575
6	r4.2xlarge	48	366000	huge	False	10000	1000	500000	100	581	0.621439738915361	0.699904926309755	0.683905823195575
6	r4.2xlarge	48	366000	huge	False	10000	1000	500000	100	546	0.621439738915361	0.699904926309755	0.683905823195575
6	r4.2xlarge	48	366000	huge	False	10000	1000	500000	100	508	0.621439738915361	0.699904926309755	0.683905823195575
6	r4.2xlarge	48	366000	huge	False	10000	1000	500000	100	580	0.621439738915361	0.699904926309755	0.683905823195575
6	r4.2xlarge	48	366000	huge	False	10000	1000	500000	100	507	0.621439738915361	0.699904926309755	0.683905823195575
6	r4.large	12	90000	bigdata	False	10000	100000	20000000	20000	4546	0.626835516578723	1.0	0.670704216951795
6	r4.large	12	90000	bigdata	False	10000	100000	20000000	20000	5139	0.626835516578723	1.0	0.670704216951795
6	r4.large	12	90000	bigdata	False	10000	100000	20000000	20000	4210	0.626835516578723	1.0	0.670704216951795
6	r4.large	12	90000	bigdata	False	10000	100000	20000000	20000	4555	0.626835516578723	1.0	0.670704216951795
6	r4.large	12	90000	bigdata	False	10000	100000	20000000	20000	4959	0.626835516578723	1.0	0.670704216951795
6	r4.large	12	90000	huge	False	10000	1000	500000	100	2645	0.626835516578723	1.0	0.670704216951795
6	r4.large	12	90000	huge	False	10000	1000	500000	100	1907	0.626835516578723	1.0	0.670704216951795
6	r4.large	12	90000	huge	False	10000	1000	500000	100	2364	0.626835516578723	1.0	0.670704216951795
6	r4.large	12	90000	huge	False	10000	1000	500000	100	2131	0.626835516578723	1.0	0.670704216951795
6	r4.large	12	90000	huge	False	10000	1000	500000	100	1914	0.626835516578723	1.0	0.670704216951795
6	r4.xlarge	24	180000	bigdata	False	10000	100000	20000000	20000	2422	0.621758403741034	0.91340066266808	0.680859830691666
6	r4.xlarge	24	180000	bigdata	False	10000	100000	20000000	20000	2147	0.621758403741034	0.91340066266808	0.680859830691666
6	r4.xlarge	24	180000	bigdata	False	10000	100000	20000000	20000	2124	0.621758403741034	0.91340066266808	0.680859830691666
6	r4.xlarge	24	180000	bigdata	False	10000	100000	20000000	20000	2019	0.621758403741034	0.91340066266808	0.680859830691666
6	r4.xlarge	24	180000	bigdata	False	10000	100000	20000000	20000	2084	0.621758403741034	0.91340066266808	0.680859830691666
6	r4.xlarge	24	180000	huge	False	10000	1000	500000	100	983	0.621758403741034	0.91340066266808	0.680859830691666
6	r4.xlarge	24	180000	huge	False	10000	1000	500000	100	954	0.621758403741034	0.91340066266808	0.680859830691666
6	r4.xlarge	24	180000	huge	False	10000	1000	500000	100	1272	0.621758403741034	0.91340066266808	0.680859830691666
6	r4.xlarge	24	180000	huge	False	10000	1000	500000	100	1052	0.621758403741034	0.91340066266808	0.680859830691666
6	r4.xlarge	24	180000	huge	False	10000	1000	500000	100	965	0.621758403741034	0.91340066266808	0.680859830691666
8	c4.2xlarge	64	120000	bigdata	False	10000	100000	20000000	20000	709	1.0	0.975170773880192	0.995589462652916
8	c4.2xlarge	64	120000	bigdata	False	10000	100000	20000000	20000	724	1.0	0.975170773880192	0.995589462652916
8	c4.2xlarge	64	120000	bigdata	False	10000	100000	20000000	20000	633	1.0	0.975170773880192	0.995589462652916
8	c4.2xlarge	64	120000	bigdata	False	10000	100000	20000000	20000	766	1.0	0.975170773880192	0.995589462652916
8	c4.2xlarge	64	120000	bigdata	False	10000	100000	20000000	20000	855	1.0	0.975170773880192	0.995589462652916
8	c4.2xlarge	64	120000	huge	False	10000	1000	500000	100	375	1.0	0.975170773880192	0.995589462652916
8	c4.2xlarge	64	120000	huge	False	10000	1000	500000	100	390	1.0	0.975170773880192	0.995589462652916
8	c4.2xlarge	64	120000	huge	False	10000	1000	500000	100	429	1.0	0.975170773880192	0.995589462652916
8	c4.2xlarge	64	120000	huge	False	10000	1000	500000	100	419	1.0	0.975170773880192	0.995589462652916
8	c4.2xlarge	64	120000	huge	False	10000	1000	500000	100	327	1.0	0.975170773880192	0.995589462652916
8	c4.large	16	24000	bigdata	False	10000	100000	20000000	20000	3013	0.958215477247805	0.963738302503114	0.959066866763844
8	c4.large	16	24000	bigdata	False	10000	100000	20000000	20000	2393	0.958215477247805	0.963738302503114	0.959066866763844
8	c4.large	16	24000	bigdata	False	10000	100000	20000000	20000	3039	0.958215477247805	0.963738302503114	0.959066866763844
8	c4.large	16	24000	bigdata	False	10000	100000	20000000	20000	3006	0.958215477247805	0.963738302503114	0.959066866763844
8	c4.large	16	24000	bigdata	False	10000	100000	20000000	20000	2882	0.958215477247805	0.963738302503114	0.959066866763844
8	c4.large	16	24000	huge	False	10000	1000	500000	100	1271	0.958215477247805	0.963738302503114	0.959066866763844
8	c4.large	16	24000	huge	False	10000	1000	500000	100	1227	0.958215477247805	0.963738302503114	0.959066866763844
8	c4.large	16	24000	huge	False	10000	1000	500000	100	1482	0.958215477247805	0.963738302503114	0.959066866763844
8	c4.large	16	24000	huge	False	10000	1000	500000	100	1561	0.958215477247805	0.963738302503114	0.959066866763844
8	c4.large	16	24000	huge	False	10000	1000	500000	100	1599	0.958215477247805	0.963738302503114	0.959066866763844
8	c4.xlarge	32	56000	bigdata	False	10000	100000	20000000	20000	1578	0.981580131098954	0.916863624781091	1.0
8	c4.xlarge	32	56000	bigdata	False	10000	100000	20000000	20000	1461	0.981580131098954	0.916863624781091	1.0
8	c4.xlarge	32	56000	bigdata	False	10000	100000	20000000	20000	1421	0.981580131098954	0.916863624781091	1.0
8	c4.xlarge	32	56000	bigdata	False	10000	100000	20000000	20000	1425	0.981580131098954	0.916863624781091	1.0
8	c4.xlarge	32	56000	bigdata	False	10000	100000	20000000	20000	1660	0.981580131098954	0.916863624781091	1.0
8	c4.xlarge	32	56000	huge	False	10000	1000	500000	100	676	0.981580131098954	0.916863624781091	1.0
8	c4.xlarge	32	56000	huge	False	10000	1000	500000	100	753	0.981580131098954	0.916863624781091	1.0
8	c4.xlarge	32	56000	huge	False	10000	1000	500000	100	651	0.981580131098954	0.916863624781091	1.0
8	c4.xlarge	32	56000	huge	False	10000	1000	500000	100	744	0.981580131098954	0.916863624781091	1.0
8	c4.xlarge	32	56000	huge	False	10000	1000	500000	100	707	0.981580131098954	0.916863624781091	1.0
8	m4.2xlarge	64	256000	bigdata	False	10000	100000	20000000	20000	897	0.73813508679461	0.917837907061713	0.817114731721182
8	m4.2xlarge	64	256000	bigdata	False	10000	100000	20000000	20000	817	0.73813508679461	0.917837907061713	0.817114731721182
8	m4.2xlarge	64	256000	bigdata	False	10000	100000	20000000	20000	931	0.73813508679461	0.917837907061713	0.817114731721182
8	m4.2xlarge	64	256000	bigdata	False	10000	100000	20000000	20000	822	0.73813508679461	0.917837907061713	0.817114731721182
8	m4.2xlarge	64	256000	bigdata	False	10000	100000	20000000	20000	727	0.73813508679461	0.917837907061713	0.817114731721182
8	m4.2xlarge	64	256000	huge	False	10000	1000	500000	100	462	0.73813508679461	0.917837907061713	0.817114731721182
8	m4.2xlarge	64	256000	huge	False	10000	1000	500000	100	457	0.73813508679461	0.917837907061713	0.817114731721182
8	m4.2xlarge	64	256000	huge	False	10000	1000	500000	100	434	0.73813508679461	0.917837907061713	0.817114731721182
8	m4.2xlarge	64	256000	huge	False	10000	1000	500000	100	448	0.73813508679461	0.917837907061713	0.817114731721182
8	m4.2xlarge	64	256000	huge	False	10000	1000	500000	100	476	0.73813508679461	0.917837907061713	0.817114731721182
8	m4.large	16	64000	bigdata	False	10000	100000	20000000	20000	3726	0.719976297083032	0.963352406209638	0.757775976316556
8	m4.large	16	64000	bigdata	False	10000	100000	20000000	20000	4385	0.719976297083032	0.963352406209638	0.757775976316556
8	m4.large	16	64000	bigdata	False	10000	100000	20000000	20000	4042	0.719976297083032	0.963352406209638	0.757775976316556
8	m4.large	16	64000	bigdata	False	10000	100000	20000000	20000	3570	0.719976297083032	0.963352406209638	0.757775976316556
8	m4.large	16	64000	bigdata	False	10000	100000	20000000	20000	3618	0.719976297083032	0.963352406209638	0.757775976316556
8	m4.large	16	64000	huge	False	10000	1000	500000	100	1682	0.719976297083032	0.963352406209638	0.757775976316556
8	m4.large	16	64000	huge	False	10000	1000	500000	100	1370	0.719976297083032	0.963352406209638	0.757775976316556
8	m4.large	16	64000	huge	False	10000	1000	500000	100	1932	0.719976297083032	0.963352406209638	0.757775976316556
8	m4.large	16	64000	huge	False	10000	1000	500000	100	1672	0.719976297083032	0.963352406209638	0.757775976316556
8	m4.large	16	64000	huge	False	10000	1000	500000	100	1461	0.719976297083032	0.963352406209638	0.757775976316556
8	m4.xlarge	32	128000	bigdata	False	10000	100000	20000000	20000	1591	0.724716697086843	0.939577226630061	0.806717869741047
8	m4.xlarge	32	128000	bigdata	False	10000	100000	20000000	20000	1787	0.724716697086843	0.939577226630061	0.806717869741047
8	m4.xlarge	32	128000	bigdata	False	10000	100000	20000000	20000	1924	0.724716697086843	0.939577226630061	0.806717869741047
8	m4.xlarge	32	128000	bigdata	False	10000	100000	20000000	20000	1653	0.724716697086843	0.939577226630061	0.806717869741047
8	m4.xlarge	32	128000	bigdata	False	10000	100000	20000000	20000	1324	0.724716697086843	0.939577226630061	0.806717869741047
8	m4.xlarge	32	128000	huge	False	10000	1000	500000	100	1015	0.724716697086843	0.939577226630061	0.806717869741047
8	m4.xlarge	32	128000	huge	False	10000	1000	500000	100	823	0.724716697086843	0.939577226630061	0.806717869741047
8	m4.xlarge	32	128000	huge	False	10000	1000	500000	100	819	0.724716697086843	0.939577226630061	0.806717869741047
8	m4.xlarge	32	128000	huge	False	10000	1000	500000	100	805	0.724716697086843	0.939577226630061	0.806717869741047
8	m4.xlarge	32	128000	huge	False	10000	1000	500000	100	766	0.724716697086843	0.939577226630061	0.806717869741047
8	r4.2xlarge	64	488000	bigdata	False	10000	100000	20000000	20000	936	0.621439738915361	0.699904926309755	0.683905823195575
8	r4.2xlarge	64	488000	bigdata	False	10000	100000	20000000	20000	915	0.621439738915361	0.699904926309755	0.683905823195575
8	r4.2xlarge	64	488000	bigdata	False	10000	100000	20000000	20000	934	0.621439738915361	0.699904926309755	0.683905823195575
8	r4.2xlarge	64	488000	bigdata	False	10000	100000	20000000	20000	867	0.621439738915361	0.699904926309755	0.683905823195575
8	r4.2xlarge	64	488000	bigdata	False	10000	100000	20000000	20000	883	0.621439738915361	0.699904926309755	0.683905823195575
8	r4.2xlarge	64	488000	huge	False	10000	1000	500000	100	203	0.621439738915361	0.699904926309755	0.683905823195575
8	r4.2xlarge	64	488000	huge	False	10000	1000	500000	100	261	0.621439738915361	0.699904926309755	0.683905823195575
8	r4.2xlarge	64	488000	huge	False	10000	1000	500000	100	227	0.621439738915361	0.699904926309755	0.683905823195575
8	r4.2xlarge	64	488000	huge	False	10000	1000	500000	100	225	0.621439738915361	0.699904926309755	0.683905823195575
8	r4.2xlarge	64	488000	huge	False	10000	1000	500000	100	234	0.621439738915361	0.699904926309755	0.683905823195575
8	r4.large	16	120000	bigdata	False	10000	100000	20000000	20000	3112	0.626835516578723	1.0	0.670704216951795
8	r4.large	16	120000	bigdata	False	10000	100000	20000000	20000	3260	0.626835516578723	1.0	0.670704216951795
8	r4.large	16	120000	bigdata	False	10000	100000	20000000	20000	3508	0.626835516578723	1.0	0.670704216951795
8	r4.large	16	120000	bigdata	False	10000	100000	20000000	20000	3274	0.626835516578723	1.0	0.670704216951795
8	r4.large	16	120000	bigdata	False	10000	100000	20000000	20000	4108	0.626835516578723	1.0	0.670704216951795
8	r4.large	16	120000	huge	False	10000	1000	500000	100	1567	0.626835516578723	1.0	0.670704216951795
8	r4.large	16	120000	huge	False	10000	1000	500000	100	1719	0.626835516578723	1.0	0.670704216951795
8	r4.large	16	120000	huge	False	10000	1000	500000	100	1445	0.626835516578723	1.0	0.670704216951795
8	r4.large	16	120000	huge	False	10000	1000	500000	100	1702	0.626835516578723	1.0	0.670704216951795
8	r4.large	16	120000	huge	False	10000	1000	500000	100	1713	0.626835516578723	1.0	0.670704216951795
8	r4.xlarge	32	240000	bigdata	False	10000	100000	20000000	20000	1724	0.621758403741034	0.91340066266808	0.680859830691666
8	r4.xlarge	32	240000	bigdata	False	10000	100000	20000000	20000	1515	0.621758403741034	0.91340066266808	0.680859830691666
8	r4.xlarge	32	240000	bigdata	False	10000	100000	20000000	20000	1588	0.621758403741034	0.91340066266808	0.680859830691666
8	r4.xlarge	32	240000	bigdata	False	10000	100000	20000000	20000	1804	0.621758403741034	0.91340066266808	0.680859830691666
8	r4.xlarge	32	240000	bigdata	False	10000	100000	20000000	20000	1687	0.621758403741034	0.91340066266808	0.680859830691666
8	r4.xlarge	32	240000	huge	False	10000	1000	500000	100	817	0.621758403741034	0.91340066266808	0.680859830691666
8	r4.xlarge	32	240000	huge	False	10000	1000	500000	100	906	0.621758403741034	0.91340066266808	0.680859830691666
8	r4.xlarge	32	240000	huge	False	10000	1000	500000	100	871	0.621758403741034	0.91340066266808	0.680859830691666
8	r4.xlarge	32	240000	huge	False	10000	1000	500000	100	971	0.621758403741034	0.91340066266808	0.680859830691666
8	r4.xlarge	32	240000	huge	False	10000	1000	500000	100	869	0.621758403741034	0.91340066266808	0.680859830691666
10	c4.2xlarge	80	150000	bigdata	False	10000	100000	20000000	20000	655	1.0	0.975170773880192	0.995589462652916
10	c4.2xlarge	80	150000	bigdata	False	10000	100000	20000000	20000	698	1.0	0.975170773880192	0.995589462652916
10	c4.2xlarge	80	150000	bigdata	False	10000	100000	20000000	20000	694	1.0	0.975170773880192	0.995589462652916
10	c4.2xlarge	80	150000	bigdata	False	10000	100000	20000000	20000	595	1.0	0.975170773880192	0.995589462652916
10	c4.2xlarge	80	150000	bigdata	False	10000	100000	20000000	20000	645	1.0	0.975170773880192	0.995589462652916
10	c4.2xlarge	80	150000	huge	False	10000	1000	500000	100	352	1.0	0.975170773880192	0.995589462652916
10	c4.2xlarge	80	150000	huge	False	10000	1000	500000	100	353	1.0	0.975170773880192	0.995589462652916
10	c4.2xlarge	80	150000	huge	False	10000	1000	500000	100	339	1.0	0.975170773880192	0.995589462652916
10	c4.2xlarge	80	150000	huge	False	10000	1000	500000	100	308	1.0	0.975170773880192	0.995589462652916
10	c4.2xlarge	80	150000	huge	False	10000	1000	500000	100	381	1.0	0.975170773880192	0.995589462652916
10	c4.large	20	30000	bigdata	False	10000	100000	20000000	20000	1866	0.958215477247805	0.963738302503114	0.959066866763844
10	c4.large	20	30000	bigdata	False	10000	100000	20000000	20000	2724	0.958215477247805	0.963738302503114	0.959066866763844
10	c4.large	20	30000	bigdata	False	10000	100000	20000000	20000	1814	0.958215477247805	0.963738302503114	0.959066866763844
10	c4.large	20	30000	bigdata	False	10000	100000	20000000	20000	2276	0.958215477247805	0.963738302503114	0.959066866763844
10	c4.large	20	30000	bigdata	False	10000	100000	20000000	20000	2489	0.958215477247805	0.963738302503114	0.959066866763844
10	c4.large	20	30000	huge	False	10000	1000	500000	100	1382	0.958215477247805	0.963738302503114	0.959066866763844
10	c4.large	20	30000	huge	False	10000	1000	500000	100	1088	0.958215477247805	0.963738302503114	0.959066866763844
10	c4.large	20	30000	huge	False	10000	1000	500000	100	1089	0.958215477247805	0.963738302503114	0.959066866763844
10	c4.large	20	30000	huge	False	10000	1000	500000	100	1169	0.958215477247805	0.963738302503114	0.959066866763844
10	c4.large	20	30000	huge	False	10000	1000	500000	100	1226	0.958215477247805	0.963738302503114	0.959066866763844
10	c4.xlarge	40	70000	bigdata	False	10000	100000	20000000	20000	1328	0.981580131098954	0.916863624781091	1.0
10	c4.xlarge	40	70000	bigdata	False	10000	100000	20000000	20000	1086	0.981580131098954	0.916863624781091	1.0
10	c4.xlarge	40	70000	bigdata	False	10000	100000	20000000	20000	1119	0.981580131098954	0.916863624781091	1.0
10	c4.xlarge	40	70000	bigdata	False	10000	100000	20000000	20000	1051	0.981580131098954	0.916863624781091	1.0
10	c4.xlarge	40	70000	bigdata	False	10000	100000	20000000	20000	1331	0.981580131098954	0.916863624781091	1.0
10	c4.xlarge	40	70000	huge	False	10000	1000	500000	100	554	0.981580131098954	0.916863624781091	1.0
10	c4.xlarge	40	70000	huge	False	10000	1000	500000	100	560	0.981580131098954	0.916863624781091	1.0
10	c4.xlarge	40	70000	huge	False	10000	1000	500000	100	503	0.981580131098954	0.916863624781091	1.0
10	c4.xlarge	40	70000	huge	False	10000	1000	500000	100	572	0.981580131098954	0.916863624781091	1.0
10	c4.xlarge	40	70000	huge	False	10000	1000	500000	100	561	0.981580131098954	0.916863624781091	1.0
10	m4.2xlarge	80	320000	bigdata	False	10000	100000	20000000	20000	618	0.73813508679461	0.917837907061713	0.817114731721182
10	m4.2xlarge	80	320000	bigdata	False	10000	100000	20000000	20000	676	0.73813508679461	0.917837907061713	0.817114731721182
10	m4.2xlarge	80	320000	bigdata	False	10000	100000	20000000	20000	603	0.73813508679461	0.917837907061713	0.817114731721182
10	m4.2xlarge	80	320000	bigdata	False	10000	100000	20000000	20000	712	0.73813508679461	0.917837907061713	0.817114731721182
10	m4.2xlarge	80	320000	bigdata	False	10000	100000	20000000	20000	512	0.73813508679461	0.917837907061713	0.817114731721182
10	m4.2xlarge	80	320000	huge	False	10000	1000	500000	100	356	0.73813508679461	0.917837907061713	0.817114731721182
10	m4.2xlarge	80	320000	huge	False	10000	1000	500000	100	379	0.73813508679461	0.917837907061713	0.817114731721182
10	m4.2xlarge	80	320000	huge	False	10000	1000	500000	100	319	0.73813508679461	0.917837907061713	0.817114731721182
10	m4.2xlarge	80	320000	huge	False	10000	1000	500000	100	344	0.73813508679461	0.917837907061713	0.817114731721182
10	m4.2xlarge	80	320000	huge	False	10000	1000	500000	100	345	0.73813508679461	0.917837907061713	0.817114731721182
10	m4.large	20	80000	bigdata	False	10000	100000	20000000	20000	2671	0.719976297083032	0.963352406209638	0.757775976316556
10	m4.large	20	80000	bigdata	False	10000	100000	20000000	20000	2573	0.719976297083032	0.963352406209638	0.757775976316556
10	m4.large	20	80000	bigdata	False	10000	100000	20000000	20000	2847	0.719976297083032	0.963352406209638	0.757775976316556
10	m4.large	20	80000	bigdata	False	10000	100000	20000000	20000	2793	0.719976297083032	0.963352406209638	0.757775976316556
10	m4.large	20	80000	bigdata	False	10000	100000	20000000	20000	2962	0.719976297083032	0.963352406209638	0.757775976316556
10	m4.large	20	80000	huge	False	10000	1000	500000	100	1400	0.719976297083032	0.963352406209638	0.757775976316556
10	m4.large	20	80000	huge	False	10000	1000	500000	100	1311	0.719976297083032	0.963352406209638	0.757775976316556
10	m4.large	20	80000	huge	False	10000	1000	500000	100	1169	0.719976297083032	0.963352406209638	0.757775976316556
10	m4.large	20	80000	huge	False	10000	1000	500000	100	1110	0.719976297083032	0.963352406209638	0.757775976316556
10	m4.large	20	80000	huge	False	10000	1000	500000	100	1325	0.719976297083032	0.963352406209638	0.757775976316556
10	m4.xlarge	40	160000	bigdata	False	10000	100000	20000000	20000	1295	0.724716697086843	0.939577226630061	0.806717869741047
10	m4.xlarge	40	160000	bigdata	False	10000	100000	20000000	20000	1160	0.724716697086843	0.939577226630061	0.806717869741047
10	m4.xlarge	40	160000	bigdata	False	10000	100000	20000000	20000	1437	0.724716697086843	0.939577226630061	0.806717869741047
10	m4.xlarge	40	160000	bigdata	False	10000	100000	20000000	20000	1434	0.724716697086843	0.939577226630061	0.806717869741047
10	m4.xlarge	40	160000	bigdata	False	10000	100000	20000000	20000	1209	0.724716697086843	0.939577226630061	0.806717869741047
10	m4.xlarge	40	160000	huge	False	10000	1000	500000	100	604	0.724716697086843	0.939577226630061	0.806717869741047
10	m4.xlarge	40	160000	huge	False	10000	1000	500000	100	715	0.724716697086843	0.939577226630061	0.806717869741047
10	m4.xlarge	40	160000	huge	False	10000	1000	500000	100	610	0.724716697086843	0.939577226630061	0.806717869741047
10	m4.xlarge	40	160000	huge	False	10000	1000	500000	100	674	0.724716697086843	0.939577226630061	0.806717869741047
10	m4.xlarge	40	160000	huge	False	10000	1000	500000	100	765	0.724716697086843	0.939577226630061	0.806717869741047
10	r4.2xlarge	80	610000	bigdata	False	10000	100000	20000000	20000	771	0.621439738915361	0.699904926309755	0.683905823195575
10	r4.2xlarge	80	610000	bigdata	False	10000	100000	20000000	20000	652	0.621439738915361	0.699904926309755	0.683905823195575
10	r4.2xlarge	80	610000	bigdata	False	10000	100000	20000000	20000	620	0.621439738915361	0.699904926309755	0.683905823195575
10	r4.2xlarge	80	610000	bigdata	False	10000	100000	20000000	20000	630	0.621439738915361	0.699904926309755	0.683905823195575
10	r4.2xlarge	80	610000	bigdata	False	10000	100000	20000000	20000	617	0.621439738915361	0.699904926309755	0.683905823195575
10	r4.2xlarge	80	610000	huge	False	10000	1000	500000	100	217	0.621439738915361	0.699904926309755	0.683905823195575
10	r4.2xlarge	80	610000	huge	False	10000	1000	500000	100	238	0.621439738915361	0.699904926309755	0.683905823195575
10	r4.2xlarge	80	610000	huge	False	10000	1000	500000	100	204	0.621439738915361	0.699904926309755	0.683905823195575
10	r4.2xlarge	80	610000	huge	False	10000	1000	500000	100	184	0.621439738915361	0.699904926309755	0.683905823195575
10	r4.2xlarge	80	610000	huge	False	10000	1000	500000	100	191	0.621439738915361	0.699904926309755	0.683905823195575
10	r4.large	20	150000	bigdata	False	10000	100000	20000000	20000	2802	0.626835516578723	1.0	0.670704216951795
10	r4.large	20	150000	bigdata	False	10000	100000	20000000	20000	2558	0.626835516578723	1.0	0.670704216951795
10	r4.large	20	150000	bigdata	False	10000	100000	20000000	20000	3028	0.626835516578723	1.0	0.670704216951795
10	r4.large	20	150000	bigdata	False	10000	100000	20000000	20000	2555	0.626835516578723	1.0	0.670704216951795
10	r4.large	20	150000	bigdata	False	10000	100000	20000000	20000	3042	0.626835516578723	1.0	0.670704216951795
10	r4.large	20	150000	huge	False	10000	1000	500000	100	1103	0.626835516578723	1.0	0.670704216951795
10	r4.large	20	150000	huge	False	10000	1000	500000	100	1226	0.626835516578723	1.0	0.670704216951795
10	r4.large	20	150000	huge	False	10000	1000	500000	100	1373	0.626835516578723	1.0	0.670704216951795
10	r4.large	20	150000	huge	False	10000	1000	500000	100	1172	0.626835516578723	1.0	0.670704216951795
10	r4.large	20	150000	huge	False	10000	1000	500000	100	1304	0.626835516578723	1.0	0.670704216951795
10	r4.xlarge	40	300000	bigdata	False	10000	100000	20000000	20000	1413	0.621758403741034	0.91340066266808	0.680859830691666
10	r4.xlarge	40	300000	bigdata	False	10000	100000	20000000	20000	1341	0.621758403741034	0.91340066266808	0.680859830691666
10	r4.xlarge	40	300000	bigdata	False	10000	100000	20000000	20000	1230	0.621758403741034	0.91340066266808	0.680859830691666
10	r4.xlarge	40	300000	bigdata	False	10000	100000	20000000	20000	1332	0.621758403741034	0.91340066266808	0.680859830691666
10	r4.xlarge	40	300000	bigdata	False	10000	100000	20000000	20000	1504	0.621758403741034	0.91340066266808	0.680859830691666
10	r4.xlarge	40	300000	huge	False	10000	1000	500000	100	745	0.621758403741034	0.91340066266808	0.680859830691666
10	r4.xlarge	40	300000	huge	False	10000	1000	500000	100	675	0.621758403741034	0.91340066266808	0.680859830691666
10	r4.xlarge	40	300000	huge	False	10000	1000	500000	100	689	0.621758403741034	0.91340066266808	0.680859830691666
10	r4.xlarge	40	300000	huge	False	10000	1000	500000	100	601	0.621758403741034	0.91340066266808	0.680859830691666
10	r4.xlarge	40	300000	huge	False	10000	1000	500000	100	704	0.621758403741034	0.91340066266808	0.680859830691666
12	c4.2xlarge	96	180000	bigdata	False	10000	100000	20000000	20000	446	1.0	0.975170773880192	0.995589462652916
12	c4.2xlarge	96	180000	bigdata	False	10000	100000	20000000	20000	471	1.0	0.975170773880192	0.995589462652916
12	c4.2xlarge	96	180000	bigdata	False	10000	100000	20000000	20000	538	1.0	0.975170773880192	0.995589462652916
12	c4.2xlarge	96	180000	bigdata	False	10000	100000	20000000	20000	501	1.0	0.975170773880192	0.995589462652916
12	c4.2xlarge	96	180000	bigdata	False	10000	100000	20000000	20000	460	1.0	0.975170773880192	0.995589462652916
12	c4.2xlarge	96	180000	huge	False	10000	1000	500000	100	245	1.0	0.975170773880192	0.995589462652916
12	c4.2xlarge	96	180000	huge	False	10000	1000	500000	100	299	1.0	0.975170773880192	0.995589462652916
12	c4.2xlarge	96	180000	huge	False	10000	1000	500000	100	238	1.0	0.975170773880192	0.995589462652916
12	c4.2xlarge	96	180000	huge	False	10000	1000	500000	100	283	1.0	0.975170773880192	0.995589462652916
12	c4.2xlarge	96	180000	huge	False	10000	1000	500000	100	258	1.0	0.975170773880192	0.995589462652916
12	c4.large	24	36000	bigdata	False	10000	100000	20000000	20000	2067	0.958215477247805	0.963738302503114	0.959066866763844
12	c4.large	24	36000	bigdata	False	10000	100000	20000000	20000	2063	0.958215477247805	0.963738302503114	0.959066866763844
12	c4.large	24	36000	bigdata	False	10000	100000	20000000	20000	1905	0.958215477247805	0.963738302503114	0.959066866763844
12	c4.large	24	36000	bigdata	False	10000	100000	20000000	20000	1852	0.958215477247805	0.963738302503114	0.959066866763844
12	c4.large	24	36000	bigdata	False	10000	100000	20000000	20000	1936	0.958215477247805	0.963738302503114	0.959066866763844
12	c4.large	24	36000	huge	False	10000	1000	500000	100	1027	0.958215477247805	0.963738302503114	0.959066866763844
12	c4.large	24	36000	huge	False	10000	1000	500000	100	985	0.958215477247805	0.963738302503114	0.959066866763844
12	c4.large	24	36000	huge	False	10000	1000	500000	100	1052	0.958215477247805	0.963738302503114	0.959066866763844
12	c4.large	24	36000	huge	False	10000	1000	500000	100	888	0.958215477247805	0.963738302503114	0.959066866763844
12	c4.large	24	36000	huge	False	10000	1000	500000	100	1123	0.958215477247805	0.963738302503114	0.959066866763844
12	c4.xlarge	48	84000	bigdata	False	10000	100000	20000000	20000	971	0.981580131098954	0.916863624781091	1.0
12	c4.xlarge	48	84000	bigdata	False	10000	100000	20000000	20000	725	0.981580131098954	0.916863624781091	1.0
12	c4.xlarge	48	84000	bigdata	False	10000	100000	20000000	20000	924	0.981580131098954	0.916863624781091	1.0
12	c4.xlarge	48	84000	bigdata	False	10000	100000	20000000	20000	831	0.981580131098954	0.916863624781091	1.0
12	c4.xlarge	48	84000	bigdata	False	10000	100000	20000000	20000	877	0.981580131098954	0.916863624781091	1.0
12	c4.xlarge	48	84000	huge	False	10000	1000	500000	100	511	0.981580131098954	0.916863624781091	1.0
12	c4.xlarge	48	84000	huge	False	10000	1000	500000	100	496	0.981580131098954	0.916863624781091	1.0
12	c4.xlarge	48	84000	huge	False	10000	1000	500000	100	466	0.981580131098954	0.916863624781091	1.0
12	c4.xlarge	48	84000	huge	False	10000	1000	500000	100	409	0.981580131098954	0.916863624781091	1.0
12	c4.xlarge	48	84000	huge	False	10000	1000	500000	100	493	0.981580131098954	0.916863624781091	1.0
12	m4.2xlarge	96	384000	bigdata	False	10000	100000	20000000	20000	588	0.73813508679461	0.917837907061713	0.817114731721182
12	m4.2xlarge	96	384000	bigdata	False	10000	100000	20000000	20000	547	0.73813508679461	0.917837907061713	0.817114731721182
12	m4.2xlarge	96	384000	bigdata	False	10000	100000	20000000	20000	624	0.73813508679461	0.917837907061713	0.817114731721182
12	m4.2xlarge	96	384000	bigdata	False	10000	100000	20000000	20000	593	0.73813508679461	0.917837907061713	0.817114731721182
12	m4.2xlarge	96	384000	bigdata	False	10000	100000	20000000	20000	610	0.73813508679461	0.917837907061713	0.817114731721182
12	m4.2xlarge	96	384000	huge	False	10000	1000	500000	100	265	0.73813508679461	0.917837907061713	0.817114731721182
12	m4.2xlarge	96	384000	huge	False	10000	1000	500000	100	320	0.73813508679461	0.917837907061713	0.817114731721182
12	m4.2xlarge	96	384000	huge	False	10000	1000	500000	100	334	0.73813508679461	0.917837907061713	0.817114731721182
12	m4.2xlarge	96	384000	huge	False	10000	1000	500000	100	308	0.73813508679461	0.917837907061713	0.817114731721182
12	m4.2xlarge	96	384000	huge	False	10000	1000	500000	100	284	0.73813508679461	0.917837907061713	0.817114731721182
12	m4.large	24	96000	bigdata	False	10000	100000	20000000	20000	1810	0.719976297083032	0.963352406209638	0.757775976316556
12	m4.large	24	96000	bigdata	False	10000	100000	20000000	20000	2125	0.719976297083032	0.963352406209638	0.757775976316556
12	m4.large	24	96000	bigdata	False	10000	100000	20000000	20000	1939	0.719976297083032	0.963352406209638	0.757775976316556
12	m4.large	24	96000	bigdata	False	10000	100000	20000000	20000	2005	0.719976297083032	0.963352406209638	0.757775976316556
12	m4.large	24	96000	bigdata	False	10000	100000	20000000	20000	2499	0.719976297083032	0.963352406209638	0.757775976316556
12	m4.large	24	96000	huge	False	10000	1000	500000	100	1000	0.719976297083032	0.963352406209638	0.757775976316556
12	m4.large	24	96000	huge	False	10000	1000	500000	100	1280	0.719976297083032	0.963352406209638	0.757775976316556
12	m4.large	24	96000	huge	False	10000	1000	500000	100	1167	0.719976297083032	0.963352406209638	0.757775976316556
12	m4.large	24	96000	huge	False	10000	1000	500000	100	1195	0.719976297083032	0.963352406209638	0.757775976316556
12	m4.large	24	96000	huge	False	10000	1000	500000	100	1215	0.719976297083032	0.963352406209638	0.757775976316556
12	m4.xlarge	48	192000	bigdata	False	10000	100000	20000000	20000	1225	0.724716697086843	0.939577226630061	0.806717869741047
12	m4.xlarge	48	192000	bigdata	False	10000	100000	20000000	20000	1096	0.724716697086843	0.939577226630061	0.806717869741047
12	m4.xlarge	48	192000	bigdata	False	10000	100000	20000000	20000	1249	0.724716697086843	0.939577226630061	0.806717869741047
12	m4.xlarge	48	192000	bigdata	False	10000	100000	20000000	20000	1153	0.724716697086843	0.939577226630061	0.806717869741047
12	m4.xlarge	48	192000	bigdata	False	10000	100000	20000000	20000	1177	0.724716697086843	0.939577226630061	0.806717869741047
12	m4.xlarge	48	192000	huge	False	10000	1000	500000	100	556	0.724716697086843	0.939577226630061	0.806717869741047
12	m4.xlarge	48	192000	huge	False	10000	1000	500000	100	581	0.724716697086843	0.939577226630061	0.806717869741047
12	m4.xlarge	48	192000	huge	False	10000	1000	500000	100	640	0.724716697086843	0.939577226630061	0.806717869741047
12	m4.xlarge	48	192000	huge	False	10000	1000	500000	100	617	0.724716697086843	0.939577226630061	0.806717869741047
12	m4.xlarge	48	192000	huge	False	10000	1000	500000	100	603	0.724716697086843	0.939577226630061	0.806717869741047
12	r4.2xlarge	96	732000	bigdata	False	10000	100000	20000000	20000	520	0.621439738915361	0.699904926309755	0.683905823195575
12	r4.2xlarge	96	732000	bigdata	False	10000	100000	20000000	20000	620	0.621439738915361	0.699904926309755	0.683905823195575
12	r4.2xlarge	96	732000	bigdata	False	10000	100000	20000000	20000	632	0.621439738915361	0.699904926309755	0.683905823195575
12	r4.2xlarge	96	732000	bigdata	False	10000	100000	20000000	20000	647	0.621439738915361	0.699904926309755	0.683905823195575
12	r4.2xlarge	96	732000	bigdata	False	10000	100000	20000000	20000	609	0.621439738915361	0.699904926309755	0.683905823195575
12	r4.2xlarge	96	732000	huge	False	10000	1000	500000	100	149	0.621439738915361	0.699904926309755	0.683905823195575
12	r4.2xlarge	96	732000	huge	False	10000	1000	500000	100	180	0.621439738915361	0.699904926309755	0.683905823195575
12	r4.2xlarge	96	732000	huge	False	10000	1000	500000	100	161	0.621439738915361	0.699904926309755	0.683905823195575
12	r4.2xlarge	96	732000	huge	False	10000	1000	500000	100	162	0.621439738915361	0.699904926309755	0.683905823195575
12	r4.2xlarge	96	732000	huge	False	10000	1000	500000	100	166	0.621439738915361	0.699904926309755	0.683905823195575
12	r4.large	24	180000	bigdata	False	10000	100000	20000000	20000	2112	0.626835516578723	1.0	0.670704216951795
12	r4.large	24	180000	bigdata	False	10000	100000	20000000	20000	1855	0.626835516578723	1.0	0.670704216951795
12	r4.large	24	180000	bigdata	False	10000	100000	20000000	20000	2152	0.626835516578723	1.0	0.670704216951795
12	r4.large	24	180000	bigdata	False	10000	100000	20000000	20000	2102	0.626835516578723	1.0	0.670704216951795
12	r4.large	24	180000	bigdata	False	10000	100000	20000000	20000	2030	0.626835516578723	1.0	0.670704216951795
12	r4.large	24	180000	huge	False	10000	1000	500000	100	1358	0.626835516578723	1.0	0.670704216951795
12	r4.large	24	180000	huge	False	10000	1000	500000	100	1116	0.626835516578723	1.0	0.670704216951795
12	r4.large	24	180000	huge	False	10000	1000	500000	100	1066	0.626835516578723	1.0	0.670704216951795
12	r4.large	24	180000	huge	False	10000	1000	500000	100	980	0.626835516578723	1.0	0.670704216951795
12	r4.large	24	180000	huge	False	10000	1000	500000	100	1066	0.626835516578723	1.0	0.670704216951795
12	r4.xlarge	48	360000	bigdata	False	10000	100000	20000000	20000	1074	0.621758403741034	0.91340066266808	0.680859830691666
12	r4.xlarge	48	360000	bigdata	False	10000	100000	20000000	20000	946	0.621758403741034	0.91340066266808	0.680859830691666
12	r4.xlarge	48	360000	bigdata	False	10000	100000	20000000	20000	1089	0.621758403741034	0.91340066266808	0.680859830691666
12	r4.xlarge	48	360000	bigdata	False	10000	100000	20000000	20000	1167	0.621758403741034	0.91340066266808	0.680859830691666
12	r4.xlarge	48	360000	bigdata	False	10000	100000	20000000	20000	1058	0.621758403741034	0.91340066266808	0.680859830691666
12	r4.xlarge	48	360000	huge	False	10000	1000	500000	100	531	0.621758403741034	0.91340066266808	0.680859830691666
12	r4.xlarge	48	360000	huge	False	10000	1000	500000	100	572	0.621758403741034	0.91340066266808	0.680859830691666
12	r4.xlarge	48	360000	huge	False	10000	1000	500000	100	549	0.621758403741034	0.91340066266808	0.680859830691666
12	r4.xlarge	48	360000	huge	False	10000	1000	500000	100	641	0.621758403741034	0.91340066266808	0.680859830691666
12	r4.xlarge	48	360000	huge	False	10000	1000	500000	100	535	0.621758403741034	0.91340066266808	0.680859830691666
16	c4.large	32	48000	bigdata	False	10000	100000	20000000	20000	1645	0.958215477247805	0.963738302503114	0.959066866763844
16	c4.large	32	48000	bigdata	False	10000	100000	20000000	20000	1556	0.958215477247805	0.963738302503114	0.959066866763844
16	c4.large	32	48000	bigdata	False	10000	100000	20000000	20000	1534	0.958215477247805	0.963738302503114	0.959066866763844
16	c4.large	32	48000	bigdata	False	10000	100000	20000000	20000	1574	0.958215477247805	0.963738302503114	0.959066866763844
16	c4.large	32	48000	bigdata	False	10000	100000	20000000	20000	1374	0.958215477247805	0.963738302503114	0.959066866763844
16	c4.large	32	48000	huge	False	10000	1000	500000	100	710	0.958215477247805	0.963738302503114	0.959066866763844
16	c4.large	32	48000	huge	False	10000	1000	500000	100	769	0.958215477247805	0.963738302503114	0.959066866763844
16	c4.large	32	48000	huge	False	10000	1000	500000	100	790	0.958215477247805	0.963738302503114	0.959066866763844
16	c4.large	32	48000	huge	False	10000	1000	500000	100	697	0.958215477247805	0.963738302503114	0.959066866763844
16	c4.large	32	48000	huge	False	10000	1000	500000	100	894	0.958215477247805	0.963738302503114	0.959066866763844
16	c4.xlarge	64	112000	bigdata	False	10000	100000	20000000	20000	763	0.981580131098954	0.916863624781091	1.0
16	c4.xlarge	64	112000	bigdata	False	10000	100000	20000000	20000	769	0.981580131098954	0.916863624781091	1.0
16	c4.xlarge	64	112000	bigdata	False	10000	100000	20000000	20000	776	0.981580131098954	0.916863624781091	1.0
16	c4.xlarge	64	112000	bigdata	False	10000	100000	20000000	20000	709	0.981580131098954	0.916863624781091	1.0
16	c4.xlarge	64	112000	bigdata	False	10000	100000	20000000	20000	725	0.981580131098954	0.916863624781091	1.0
16	c4.xlarge	64	112000	huge	False	10000	1000	500000	100	407	0.981580131098954	0.916863624781091	1.0
16	c4.xlarge	64	112000	huge	False	10000	1000	500000	100	417	0.981580131098954	0.916863624781091	1.0
16	c4.xlarge	64	112000	huge	False	10000	1000	500000	100	332	0.981580131098954	0.916863624781091	1.0
16	c4.xlarge	64	112000	huge	False	10000	1000	500000	100	313	0.981580131098954	0.916863624781091	1.0
16	c4.xlarge	64	112000	huge	False	10000	1000	500000	100	470	0.981580131098954	0.916863624781091	1.0
16	m4.large	32	128000	bigdata	False	10000	100000	20000000	20000	1471	0.719976297083032	0.963352406209638	0.757775976316556
16	m4.large	32	128000	bigdata	False	10000	100000	20000000	20000	1747	0.719976297083032	0.963352406209638	0.757775976316556
16	m4.large	32	128000	bigdata	False	10000	100000	20000000	20000	1365	0.719976297083032	0.963352406209638	0.757775976316556
16	m4.large	32	128000	bigdata	False	10000	100000	20000000	20000	1611	0.719976297083032	0.963352406209638	0.757775976316556
16	m4.large	32	128000	bigdata	False	10000	100000	20000000	20000	1471	0.719976297083032	0.963352406209638	0.757775976316556
16	m4.large	32	128000	huge	False	10000	1000	500000	100	922	0.719976297083032	0.963352406209638	0.757775976316556
16	m4.large	32	128000	huge	False	10000	1000	500000	100	803	0.719976297083032	0.963352406209638	0.757775976316556
16	m4.large	32	128000	huge	False	10000	1000	500000	100	800	0.719976297083032	0.963352406209638	0.757775976316556
16	m4.large	32	128000	huge	False	10000	1000	500000	100	711	0.719976297083032	0.963352406209638	0.757775976316556
16	m4.large	32	128000	huge	False	10000	1000	500000	100	731	0.719976297083032	0.963352406209638	0.757775976316556
16	m4.xlarge	64	256000	bigdata	False	10000	100000	20000000	20000	808	0.724716697086843	0.939577226630061	0.806717869741047
16	m4.xlarge	64	256000	bigdata	False	10000	100000	20000000	20000	856	0.724716697086843	0.939577226630061	0.806717869741047
16	m4.xlarge	64	256000	bigdata	False	10000	100000	20000000	20000	790	0.724716697086843	0.939577226630061	0.806717869741047
16	m4.xlarge	64	256000	bigdata	False	10000	100000	20000000	20000	810	0.724716697086843	0.939577226630061	0.806717869741047
16	m4.xlarge	64	256000	bigdata	False	10000	100000	20000000	20000	714	0.724716697086843	0.939577226630061	0.806717869741047
16	m4.xlarge	64	256000	huge	False	10000	1000	500000	100	432	0.724716697086843	0.939577226630061	0.806717869741047
16	m4.xlarge	64	256000	huge	False	10000	1000	500000	100	483	0.724716697086843	0.939577226630061	0.806717869741047
16	m4.xlarge	64	256000	huge	False	10000	1000	500000	100	457	0.724716697086843	0.939577226630061	0.806717869741047
16	m4.xlarge	64	256000	huge	False	10000	1000	500000	100	506	0.724716697086843	0.939577226630061	0.806717869741047
16	m4.xlarge	64	256000	huge	False	10000	1000	500000	100	496	0.724716697086843	0.939577226630061	0.806717869741047
16	r4.large	32	240000	bigdata	False	10000	100000	20000000	20000	1899	0.626835516578723	1.0	0.670704216951795
16	r4.large	32	240000	bigdata	False	10000	100000	20000000	20000	1767	0.626835516578723	1.0	0.670704216951795
16	r4.large	32	240000	bigdata	False	10000	100000	20000000	20000	1711	0.626835516578723	1.0	0.670704216951795
16	r4.large	32	240000	bigdata	False	10000	100000	20000000	20000	1694	0.626835516578723	1.0	0.670704216951795
16	r4.large	32	240000	bigdata	False	10000	100000	20000000	20000	1948	0.626835516578723	1.0	0.670704216951795
16	r4.large	32	240000	huge	False	10000	1000	500000	100	805	0.626835516578723	1.0	0.670704216951795
16	r4.large	32	240000	huge	False	10000	1000	500000	100	888	0.626835516578723	1.0	0.670704216951795
16	r4.large	32	240000	huge	False	10000	1000	500000	100	773	0.626835516578723	1.0	0.670704216951795
16	r4.large	32	240000	huge	False	10000	1000	500000	100	752	0.626835516578723	1.0	0.670704216951795
16	r4.large	32	240000	huge	False	10000	1000	500000	100	838	0.626835516578723	1.0	0.670704216951795
16	r4.xlarge	64	480000	bigdata	False	10000	100000	20000000	20000	1062	0.621758403741034	0.91340066266808	0.680859830691666
16	r4.xlarge	64	480000	bigdata	False	10000	100000	20000000	20000	771	0.621758403741034	0.91340066266808	0.680859830691666
16	r4.xlarge	64	480000	bigdata	False	10000	100000	20000000	20000	1009	0.621758403741034	0.91340066266808	0.680859830691666
16	r4.xlarge	64	480000	bigdata	False	10000	100000	20000000	20000	866	0.621758403741034	0.91340066266808	0.680859830691666
16	r4.xlarge	64	480000	bigdata	False	10000	100000	20000000	20000	848	0.621758403741034	0.91340066266808	0.680859830691666
16	r4.xlarge	64	480000	huge	False	10000	1000	500000	100	271	0.621758403741034	0.91340066266808	0.680859830691666
16	r4.xlarge	64	480000	huge	False	10000	1000	500000	100	269	0.621758403741034	0.91340066266808	0.680859830691666
16	r4.xlarge	64	480000	huge	False	10000	1000	500000	100	231	0.621758403741034	0.91340066266808	0.680859830691666
16	r4.xlarge	64	480000	huge	False	10000	1000	500000	100	228	0.621758403741034	0.91340066266808	0.680859830691666
16	r4.xlarge	64	480000	huge	False	10000	1000	500000	100	172	0.621758403741034	0.91340066266808	0.680859830691666
20	c4.xlarge	80	140000	bigdata	False	10000	100000	20000000	20000	653	0.981580131098954	0.916863624781091	1.0
20	c4.xlarge	80	140000	bigdata	False	10000	100000	20000000	20000	618	0.981580131098954	0.916863624781091	1.0
20	c4.xlarge	80	140000	bigdata	False	10000	100000	20000000	20000	579	0.981580131098954	0.916863624781091	1.0
20	c4.xlarge	80	140000	bigdata	False	10000	100000	20000000	20000	626	0.981580131098954	0.916863624781091	1.0
20	c4.xlarge	80	140000	bigdata	False	10000	100000	20000000	20000	656	0.981580131098954	0.916863624781091	1.0
20	c4.xlarge	80	140000	huge	False	10000	1000	500000	100	365	0.981580131098954	0.916863624781091	1.0
20	c4.xlarge	80	140000	huge	False	10000	1000	500000	100	319	0.981580131098954	0.916863624781091	1.0
20	c4.xlarge	80	140000	huge	False	10000	1000	500000	100	313	0.981580131098954	0.916863624781091	1.0
20	c4.xlarge	80	140000	huge	False	10000	1000	500000	100	328	0.981580131098954	0.916863624781091	1.0
20	c4.xlarge	80	140000	huge	False	10000	1000	500000	100	247	0.981580131098954	0.916863624781091	1.0
20	m4.xlarge	80	320000	bigdata	False	10000	100000	20000000	20000	645	0.724716697086843	0.939577226630061	0.806717869741047
20	m4.xlarge	80	320000	bigdata	False	10000	100000	20000000	20000	810	0.724716697086843	0.939577226630061	0.806717869741047
20	m4.xlarge	80	320000	bigdata	False	10000	100000	20000000	20000	674	0.724716697086843	0.939577226630061	0.806717869741047
20	m4.xlarge	80	320000	bigdata	False	10000	100000	20000000	20000	549	0.724716697086843	0.939577226630061	0.806717869741047
20	m4.xlarge	80	320000	bigdata	False	10000	100000	20000000	20000	577	0.724716697086843	0.939577226630061	0.806717869741047
20	m4.xlarge	80	320000	huge	False	10000	1000	500000	100	406	0.724716697086843	0.939577226630061	0.806717869741047
20	m4.xlarge	80	320000	huge	False	10000	1000	500000	100	380	0.724716697086843	0.939577226630061	0.806717869741047
20	m4.xlarge	80	320000	huge	False	10000	1000	500000	100	452	0.724716697086843	0.939577226630061	0.806717869741047
20	m4.xlarge	80	320000	huge	False	10000	1000	500000	100	370	0.724716697086843	0.939577226630061	0.806717869741047
20	m4.xlarge	80	320000	huge	False	10000	1000	500000	100	354	0.724716697086843	0.939577226630061	0.806717869741047
20	r4.xlarge	80	600000	bigdata	False	10000	100000	20000000	20000	742	0.621758403741034	0.91340066266808	0.680859830691666
20	r4.xlarge	80	600000	bigdata	False	10000	100000	20000000	20000	737	0.621758403741034	0.91340066266808	0.680859830691666
20	r4.xlarge	80	600000	bigdata	False	10000	100000	20000000	20000	664	0.621758403741034	0.91340066266808	0.680859830691666
20	r4.xlarge	80	600000	bigdata	False	10000	100000	20000000	20000	643	0.621758403741034	0.91340066266808	0.680859830691666
20	r4.xlarge	80	600000	bigdata	False	10000	100000	20000000	20000	662	0.621758403741034	0.91340066266808	0.680859830691666
20	r4.xlarge	80	600000	huge	False	10000	1000	500000	100	225	0.621758403741034	0.91340066266808	0.680859830691666
20	r4.xlarge	80	600000	huge	False	10000	1000	500000	100	193	0.621758403741034	0.91340066266808	0.680859830691666
20	r4.xlarge	80	600000	huge	False	10000	1000	500000	100	217	0.621758403741034	0.91340066266808	0.680859830691666
20	r4.xlarge	80	600000	huge	False	10000	1000	500000	100	197	0.621758403741034	0.91340066266808	0.680859830691666
20	r4.xlarge	80	600000	huge	False	10000	1000	500000	100	183	0.621758403741034	0.91340066266808	0.680859830691666
24	c4.large	48	72000	bigdata	False	10000	100000	20000000	20000	970	0.958215477247805	0.963738302503114	0.959066866763844
24	c4.large	48	72000	bigdata	False	10000	100000	20000000	20000	854	0.958215477247805	0.963738302503114	0.959066866763844
24	c4.large	48	72000	bigdata	False	10000	100000	20000000	20000	1170	0.958215477247805	0.963738302503114	0.959066866763844
24	c4.large	48	72000	bigdata	False	10000	100000	20000000	20000	1220	0.958215477247805	0.963738302503114	0.959066866763844
24	c4.large	48	72000	bigdata	False	10000	100000	20000000	20000	1068	0.958215477247805	0.963738302503114	0.959066866763844
24	c4.large	48	72000	huge	False	10000	1000	500000	100	602	0.958215477247805	0.963738302503114	0.959066866763844
24	c4.large	48	72000	huge	False	10000	1000	500000	100	554	0.958215477247805	0.963738302503114	0.959066866763844
24	c4.large	48	72000	huge	False	10000	1000	500000	100	560	0.958215477247805	0.963738302503114	0.959066866763844
24	c4.large	48	72000	huge	False	10000	1000	500000	100	539	0.958215477247805	0.963738302503114	0.959066866763844
24	c4.large	48	72000	huge	False	10000	1000	500000	100	474	0.958215477247805	0.963738302503114	0.959066866763844
24	c4.xlarge	96	168000	bigdata	False	10000	100000	20000000	20000	521	0.981580131098954	0.916863624781091	1.0
24	c4.xlarge	96	168000	bigdata	False	10000	100000	20000000	20000	514	0.981580131098954	0.916863624781091	1.0
24	c4.xlarge	96	168000	bigdata	False	10000	100000	20000000	20000	560	0.981580131098954	0.916863624781091	1.0
24	c4.xlarge	96	168000	bigdata	False	10000	100000	20000000	20000	608	0.981580131098954	0.916863624781091	1.0
24	c4.xlarge	96	168000	bigdata	False	10000	100000	20000000	20000	489	0.981580131098954	0.916863624781091	1.0
24	c4.xlarge	96	168000	huge	False	10000	1000	500000	100	293	0.981580131098954	0.916863624781091	1.0
24	c4.xlarge	96	168000	huge	False	10000	1000	500000	100	266	0.981580131098954	0.916863624781091	1.0
24	c4.xlarge	96	168000	huge	False	10000	1000	500000	100	266	0.981580131098954	0.916863624781091	1.0
24	c4.xlarge	96	168000	huge	False	10000	1000	500000	100	301	0.981580131098954	0.916863624781091	1.0
24	c4.xlarge	96	168000	huge	False	10000	1000	500000	100	299	0.981580131098954	0.916863624781091	1.0
24	m4.large	48	192000	bigdata	False	10000	100000	20000000	20000	1068	0.719976297083032	0.963352406209638	0.757775976316556
24	m4.large	48	192000	bigdata	False	10000	100000	20000000	20000	1120	0.719976297083032	0.963352406209638	0.757775976316556
24	m4.large	48	192000	bigdata	False	10000	100000	20000000	20000	1319	0.719976297083032	0.963352406209638	0.757775976316556
24	m4.large	48	192000	bigdata	False	10000	100000	20000000	20000	1231	0.719976297083032	0.963352406209638	0.757775976316556
24	m4.large	48	192000	bigdata	False	10000	100000	20000000	20000	1263	0.719976297083032	0.963352406209638	0.757775976316556
24	m4.large	48	192000	huge	False	10000	1000	500000	100	639	0.719976297083032	0.963352406209638	0.757775976316556
24	m4.large	48	192000	huge	False	10000	1000	500000	100	564	0.719976297083032	0.963352406209638	0.757775976316556
24	m4.large	48	192000	huge	False	10000	1000	500000	100	615	0.719976297083032	0.963352406209638	0.757775976316556
24	m4.large	48	192000	huge	False	10000	1000	500000	100	702	0.719976297083032	0.963352406209638	0.757775976316556
24	m4.large	48	192000	huge	False	10000	1000	500000	100	611	0.719976297083032	0.963352406209638	0.757775976316556
24	m4.xlarge	96	384000	bigdata	False	10000	100000	20000000	20000	541	0.724716697086843	0.939577226630061	0.806717869741047
24	m4.xlarge	96	384000	bigdata	False	10000	100000	20000000	20000	566	0.724716697086843	0.939577226630061	0.806717869741047
24	m4.xlarge	96	384000	bigdata	False	10000	100000	20000000	20000	603	0.724716697086843	0.939577226630061	0.806717869741047
24	m4.xlarge	96	384000	bigdata	False	10000	100000	20000000	20000	530	0.724716697086843	0.939577226630061	0.806717869741047
24	m4.xlarge	96	384000	bigdata	False	10000	100000	20000000	20000	600	0.724716697086843	0.939577226630061	0.806717869741047
24	m4.xlarge	96	384000	huge	False	10000	1000	500000	100	361	0.724716697086843	0.939577226630061	0.806717869741047
24	m4.xlarge	96	384000	huge	False	10000	1000	500000	100	321	0.724716697086843	0.939577226630061	0.806717869741047
24	m4.xlarge	96	384000	huge	False	10000	1000	500000	100	341	0.724716697086843	0.939577226630061	0.806717869741047
24	m4.xlarge	96	384000	huge	False	10000	1000	500000	100	311	0.724716697086843	0.939577226630061	0.806717869741047
24	m4.xlarge	96	384000	huge	False	10000	1000	500000	100	291	0.724716697086843	0.939577226630061	0.806717869741047
24	r4.large	48	360000	bigdata	False	10000	100000	20000000	20000	1118	0.626835516578723	1.0	0.670704216951795
24	r4.large	48	360000	bigdata	False	10000	100000	20000000	20000	1172	0.626835516578723	1.0	0.670704216951795
24	r4.large	48	360000	bigdata	False	10000	100000	20000000	20000	1295	0.626835516578723	1.0	0.670704216951795
24	r4.large	48	360000	bigdata	False	10000	100000	20000000	20000	1028	0.626835516578723	1.0	0.670704216951795
24	r4.large	48	360000	bigdata	False	10000	100000	20000000	20000	1074	0.626835516578723	1.0	0.670704216951795
24	r4.large	48	360000	huge	False	10000	1000	500000	100	535	0.626835516578723	1.0	0.670704216951795
24	r4.large	48	360000	huge	False	10000	1000	500000	100	537	0.626835516578723	1.0	0.670704216951795
24	r4.large	48	360000	huge	False	10000	1000	500000	100	469	0.626835516578723	1.0	0.670704216951795
24	r4.large	48	360000	huge	False	10000	1000	500000	100	603	0.626835516578723	1.0	0.670704216951795
24	r4.large	48	360000	huge	False	10000	1000	500000	100	518	0.626835516578723	1.0	0.670704216951795
24	r4.xlarge	96	720000	bigdata	False	10000	100000	20000000	20000	634	0.621758403741034	0.91340066266808	0.680859830691666
24	r4.xlarge	96	720000	bigdata	False	10000	100000	20000000	20000	723	0.621758403741034	0.91340066266808	0.680859830691666
24	r4.xlarge	96	720000	bigdata	False	10000	100000	20000000	20000	665	0.621758403741034	0.91340066266808	0.680859830691666
24	r4.xlarge	96	720000	bigdata	False	10000	100000	20000000	20000	685	0.621758403741034	0.91340066266808	0.680859830691666
24	r4.xlarge	96	720000	bigdata	False	10000	100000	20000000	20000	545	0.621758403741034	0.91340066266808	0.680859830691666
24	r4.xlarge	96	720000	huge	False	10000	1000	500000	100	152	0.621758403741034	0.91340066266808	0.680859830691666
24	r4.xlarge	96	720000	huge	False	10000	1000	500000	100	160	0.621758403741034	0.91340066266808	0.680859830691666
24	r4.xlarge	96	720000	huge	False	10000	1000	500000	100	191	0.621758403741034	0.91340066266808	0.680859830691666
24	r4.xlarge	96	720000	huge	False	10000	1000	500000	100	193	0.621758403741034	0.91340066266808	0.680859830691666
24	r4.xlarge	96	720000	huge	False	10000	1000	500000	100	219	0.621758403741034	0.91340066266808	0.680859830691666
32	c4.large	64	96000	bigdata	False	10000	100000	20000000	20000	731	0.958215477247805	0.963738302503114	0.959066866763844
32	c4.large	64	96000	bigdata	False	10000	100000	20000000	20000	686	0.958215477247805	0.963738302503114	0.959066866763844
32	c4.large	64	96000	bigdata	False	10000	100000	20000000	20000	720	0.958215477247805	0.963738302503114	0.959066866763844
32	c4.large	64	96000	bigdata	False	10000	100000	20000000	20000	799	0.958215477247805	0.963738302503114	0.959066866763844
32	c4.large	64	96000	bigdata	False	10000	100000	20000000	20000	801	0.958215477247805	0.963738302503114	0.959066866763844
32	c4.large	64	96000	huge	False	10000	1000	500000	100	373	0.958215477247805	0.963738302503114	0.959066866763844
32	c4.large	64	96000	huge	False	10000	1000	500000	100	323	0.958215477247805	0.963738302503114	0.959066866763844
32	c4.large	64	96000	huge	False	10000	1000	500000	100	470	0.958215477247805	0.963738302503114	0.959066866763844
32	c4.large	64	96000	huge	False	10000	1000	500000	100	367	0.958215477247805	0.963738302503114	0.959066866763844
32	c4.large	64	96000	huge	False	10000	1000	500000	100	457	0.958215477247805	0.963738302503114	0.959066866763844
32	m4.large	64	256000	bigdata	False	10000	100000	20000000	20000	841	0.719976297083032	0.963352406209638	0.757775976316556
32	m4.large	64	256000	bigdata	False	10000	100000	20000000	20000	881	0.719976297083032	0.963352406209638	0.757775976316556
32	m4.large	64	256000	bigdata	False	10000	100000	20000000	20000	853	0.719976297083032	0.963352406209638	0.757775976316556
32	m4.large	64	256000	bigdata	False	10000	100000	20000000	20000	932	0.719976297083032	0.963352406209638	0.757775976316556
32	m4.large	64	256000	bigdata	False	10000	100000	20000000	20000	977	0.719976297083032	0.963352406209638	0.757775976316556
32	m4.large	64	256000	huge	False	10000	1000	500000	100	407	0.719976297083032	0.963352406209638	0.757775976316556
32	m4.large	64	256000	huge	False	10000	1000	500000	100	494	0.719976297083032	0.963352406209638	0.757775976316556
32	m4.large	64	256000	huge	False	10000	1000	500000	100	568	0.719976297083032	0.963352406209638	0.757775976316556
32	m4.large	64	256000	huge	False	10000	1000	500000	100	491	0.719976297083032	0.963352406209638	0.757775976316556
32	m4.large	64	256000	huge	False	10000	1000	500000	100	503	0.719976297083032	0.963352406209638	0.757775976316556
32	r4.large	64	480000	bigdata	False	10000	100000	20000000	20000	666	0.626835516578723	1.0	0.670704216951795
32	r4.large	64	480000	bigdata	False	10000	100000	20000000	20000	823	0.626835516578723	1.0	0.670704216951795
32	r4.large	64	480000	bigdata	False	10000	100000	20000000	20000	884	0.626835516578723	1.0	0.670704216951795
32	r4.large	64	480000	bigdata	False	10000	100000	20000000	20000	802	0.626835516578723	1.0	0.670704216951795
32	r4.large	64	480000	bigdata	False	10000	100000	20000000	20000	805	0.626835516578723	1.0	0.670704216951795
32	r4.large	64	480000	huge	False	10000	1000	500000	100	278	0.626835516578723	1.0	0.670704216951795
32	r4.large	64	480000	huge	False	10000	1000	500000	100	245	0.626835516578723	1.0	0.670704216951795
32	r4.large	64	480000	huge	False	10000	1000	500000	100	265	0.626835516578723	1.0	0.670704216951795
32	r4.large	64	480000	huge	False	10000	1000	500000	100	231	0.626835516578723	1.0	0.670704216951795
32	r4.large	64	480000	huge	False	10000	1000	500000	100	240	0.626835516578723	1.0	0.670704216951795
40	c4.large	80	120000	bigdata	False	10000	100000	20000000	20000	667	0.958215477247805	0.963738302503114	0.959066866763844
40	c4.large	80	120000	bigdata	False	10000	100000	20000000	20000	709	0.958215477247805	0.963738302503114	0.959066866763844
40	c4.large	80	120000	bigdata	False	10000	100000	20000000	20000	617	0.958215477247805	0.963738302503114	0.959066866763844
40	c4.large	80	120000	bigdata	False	10000	100000	20000000	20000	547	0.958215477247805	0.963738302503114	0.959066866763844
40	c4.large	80	120000	bigdata	False	10000	100000	20000000	20000	571	0.958215477247805	0.963738302503114	0.959066866763844
40	c4.large	80	120000	huge	False	10000	1000	500000	100	375	0.958215477247805	0.963738302503114	0.959066866763844
40	c4.large	80	120000	huge	False	10000	1000	500000	100	340	0.958215477247805	0.963738302503114	0.959066866763844
40	c4.large	80	120000	huge	False	10000	1000	500000	100	318	0.958215477247805	0.963738302503114	0.959066866763844
40	c4.large	80	120000	huge	False	10000	1000	500000	100	364	0.958215477247805	0.963738302503114	0.959066866763844
40	c4.large	80	120000	huge	False	10000	1000	500000	100	361	0.958215477247805	0.963738302503114	0.959066866763844
40	m4.large	80	320000	bigdata	False	10000	100000	20000000	20000	628	0.719976297083032	0.963352406209638	0.757775976316556
40	m4.large	80	320000	bigdata	False	10000	100000	20000000	20000	729	0.719976297083032	0.963352406209638	0.757775976316556
40	m4.large	80	320000	bigdata	False	10000	100000	20000000	20000	622	0.719976297083032	0.963352406209638	0.757775976316556
40	m4.large	80	320000	bigdata	False	10000	100000	20000000	20000	806	0.719976297083032	0.963352406209638	0.757775976316556
40	m4.large	80	320000	bigdata	False	10000	100000	20000000	20000	656	0.719976297083032	0.963352406209638	0.757775976316556
40	m4.large	80	320000	huge	False	10000	1000	500000	100	440	0.719976297083032	0.963352406209638	0.757775976316556
40	m4.large	80	320000	huge	False	10000	1000	500000	100	447	0.719976297083032	0.963352406209638	0.757775976316556
40	m4.large	80	320000	huge	False	10000	1000	500000	100	360	0.719976297083032	0.963352406209638	0.757775976316556
40	m4.large	80	320000	huge	False	10000	1000	500000	100	466	0.719976297083032	0.963352406209638	0.757775976316556
40	m4.large	80	320000	huge	False	10000	1000	500000	100	358	0.719976297083032	0.963352406209638	0.757775976316556
40	r4.large	80	600000	bigdata	False	10000	100000	20000000	20000	818	0.626835516578723	1.0	0.670704216951795
40	r4.large	80	600000	bigdata	False	10000	100000	20000000	20000	668	0.626835516578723	1.0	0.670704216951795
40	r4.large	80	600000	bigdata	False	10000	100000	20000000	20000	524	0.626835516578723	1.0	0.670704216951795
40	r4.large	80	600000	bigdata	False	10000	100000	20000000	20000	680	0.626835516578723	1.0	0.670704216951795
40	r4.large	80	600000	bigdata	False	10000	100000	20000000	20000	618	0.626835516578723	1.0	0.670704216951795
40	r4.large	80	600000	huge	False	10000	1000	500000	100	272	0.626835516578723	1.0	0.670704216951795
40	r4.large	80	600000	huge	False	10000	1000	500000	100	225	0.626835516578723	1.0	0.670704216951795
40	r4.large	80	600000	huge	False	10000	1000	500000	100	215	0.626835516578723	1.0	0.670704216951795
40	r4.large	80	600000	huge	False	10000	1000	500000	100	243	0.626835516578723	1.0	0.670704216951795
40	r4.large	80	600000	huge	False	10000	1000	500000	100	199	0.626835516578723	1.0	0.670704216951795
48	c4.large	96	144000	bigdata	False	10000	100000	20000000	20000	463	0.958215477247805	0.963738302503114	0.959066866763844
48	c4.large	96	144000	bigdata	False	10000	100000	20000000	20000	550	0.958215477247805	0.963738302503114	0.959066866763844
48	c4.large	96	144000	bigdata	False	10000	100000	20000000	20000	596	0.958215477247805	0.963738302503114	0.959066866763844
48	c4.large	96	144000	bigdata	False	10000	100000	20000000	20000	568	0.958215477247805	0.963738302503114	0.959066866763844
48	c4.large	96	144000	bigdata	False	10000	100000	20000000	20000	607	0.958215477247805	0.963738302503114	0.959066866763844
48	c4.large	96	144000	huge	False	10000	1000	500000	100	368	0.958215477247805	0.963738302503114	0.959066866763844
48	c4.large	96	144000	huge	False	10000	1000	500000	100	289	0.958215477247805	0.963738302503114	0.959066866763844
48	c4.large	96	144000	huge	False	10000	1000	500000	100	331	0.958215477247805	0.963738302503114	0.959066866763844
48	c4.large	96	144000	huge	False	10000	1000	500000	100	377	0.958215477247805	0.963738302503114	0.959066866763844
48	c4.large	96	144000	huge	False	10000	1000	500000	100	312	0.958215477247805	0.963738302503114	0.959066866763844
48	m4.large	96	384000	bigdata	False	10000	100000	20000000	20000	624	0.719976297083032	0.963352406209638	0.757775976316556
48	m4.large	96	384000	bigdata	False	10000	100000	20000000	20000	556	0.719976297083032	0.963352406209638	0.757775976316556
48	m4.large	96	384000	bigdata	False	10000	100000	20000000	20000	673	0.719976297083032	0.963352406209638	0.757775976316556
48	m4.large	96	384000	bigdata	False	10000	100000	20000000	20000	642	0.719976297083032	0.963352406209638	0.757775976316556
48	m4.large	96	384000	bigdata	False	10000	100000	20000000	20000	687	0.719976297083032	0.963352406209638	0.757775976316556
48	m4.large	96	384000	huge	False	10000	1000	500000	100	366	0.719976297083032	0.963352406209638	0.757775976316556
48	m4.large	96	384000	huge	False	10000	1000	500000	100	470	0.719976297083032	0.963352406209638	0.757775976316556
48	m4.large	96	384000	huge	False	10000	1000	500000	100	393	0.719976297083032	0.963352406209638	0.757775976316556
48	m4.large	96	384000	huge	False	10000	1000	500000	100	461	0.719976297083032	0.963352406209638	0.757775976316556
48	m4.large	96	384000	huge	False	10000	1000	500000	100	377	0.719976297083032	0.963352406209638	0.757775976316556
48	r4.large	96	720000	bigdata	False	10000	100000	20000000	20000	677	0.626835516578723	1.0	0.670704216951795
48	r4.large	96	720000	bigdata	False	10000	100000	20000000	20000	602	0.626835516578723	1.0	0.670704216951795
48	r4.large	96	720000	bigdata	False	10000	100000	20000000	20000	671	0.626835516578723	1.0	0.670704216951795
48	r4.large	96	720000	bigdata	False	10000	100000	20000000	20000	627	0.626835516578723	1.0	0.670704216951795
48	r4.large	96	720000	bigdata	False	10000	100000	20000000	20000	656	0.626835516578723	1.0	0.670704216951795
48	r4.large	96	720000	huge	False	10000	1000	500000	100	204	0.626835516578723	1.0	0.670704216951795
48	r4.large	96	720000	huge	False	10000	1000	500000	100	261	0.626835516578723	1.0	0.670704216951795
48	r4.large	96	720000	huge	False	10000	1000	500000	100	253	0.626835516578723	1.0	0.670704216951795
48	r4.large	96	720000	huge	False	10000	1000	500000	100	282	0.626835516578723	1.0	0.670704216951795
48	r4.large	96	720000	huge	False	10000	1000	500000	100	286	0.626835516578723	1.0	0.670704216951795
