instance_count	machine_type	slots	memory	data_size_MB	pages	uservisits	gross_runtime	cpu_sysbench	disk_seq_fio	memory_sysbench
4	c4.2xlarge	32	60000	bigdata	120000000	5000000000	480	1.0	0.975170773880192	0.995589462652916
4	c4.2xlarge	32	60000	bigdata	120000000	5000000000	534	1.0	0.975170773880192	0.995589462652916
4	c4.2xlarge	32	60000	bigdata	120000000	5000000000	587	1.0	0.975170773880192	0.995589462652916
4	c4.2xlarge	32	60000	bigdata	120000000	5000000000	475	1.0	0.975170773880192	0.995589462652916
4	c4.2xlarge	32	60000	bigdata	120000000	5000000000	478	1.0	0.975170773880192	0.995589462652916
4	c4.2xlarge	32	60000	huge	1200000	10000000	363	1.0	0.975170773880192	0.995589462652916
4	c4.2xlarge	32	60000	huge	1200000	10000000	364	1.0	0.975170773880192	0.995589462652916
4	c4.2xlarge	32	60000	huge	1200000	10000000	327	1.0	0.975170773880192	0.995589462652916
4	c4.2xlarge	32	60000	huge	1200000	10000000	300	1.0	0.975170773880192	0.995589462652916
4	c4.2xlarge	32	60000	huge	1200000	10000000	308	1.0	0.975170773880192	0.995589462652916
4	c4.large	8	12000	bigdata	120000000	5000000000	1825	0.958215477247805	0.963738302503114	0.959066866763844
4	c4.large	8	12000	bigdata	120000000	5000000000	1889	0.958215477247805	0.963738302503114	0.959066866763844
4	c4.large	8	12000	bigdata	120000000	5000000000	1957	0.958215477247805	0.963738302503114	0.959066866763844
4	c4.large	8	12000	bigdata	120000000	5000000000	1833	0.958215477247805	0.963738302503114	0.959066866763844
4	c4.large	8	12000	bigdata	120000000	5000000000	1657	0.958215477247805	0.963738302503114	0.959066866763844
4	c4.large	8	12000	huge	1200000	10000000	916	0.958215477247805	0.963738302503114	0.959066866763844
4	c4.large	8	12000	huge	1200000	10000000	896	0.958215477247805	0.963738302503114	0.959066866763844
4	c4.large	8	12000	huge	1200000	10000000	972	0.958215477247805	0.963738302503114	0.959066866763844
4	c4.large	8	12000	huge	1200000	10000000	1063	0.958215477247805	0.963738302503114	0.959066866763844
4	c4.large	8	12000	huge	1200000	10000000	1009	0.958215477247805	0.963738302503114	0.959066866763844
4	c4.xlarge	16	28000	bigdata	120000000	5000000000	823	0.981580131098954	0.916863624781091	1.0
4	c4.xlarge	16	28000	bigdata	120000000	5000000000	940	0.981580131098954	0.916863624781091	1.0
4	c4.xlarge	16	28000	bigdata	120000000	5000000000	850	0.981580131098954	0.916863624781091	1.0
4	c4.xlarge	16	28000	bigdata	120000000	5000000000	791	0.981580131098954	0.916863624781091	1.0
4	c4.xlarge	16	28000	bigdata	120000000	5000000000	763	0.981580131098954	0.916863624781091	1.0
4	c4.xlarge	16	28000	huge	1200000	10000000	545	0.981580131098954	0.916863624781091	1.0
4	c4.xlarge	16	28000	huge	1200000	10000000	463	0.981580131098954	0.916863624781091	1.0
4	c4.xlarge	16	28000	huge	1200000	10000000	613	0.981580131098954	0.916863624781091	1.0
4	c4.xlarge	16	28000	huge	1200000	10000000	582	0.981580131098954	0.916863624781091	1.0
4	c4.xlarge	16	28000	huge	1200000	10000000	447	0.981580131098954	0.916863624781091	1.0
4	m4.2xlarge	32	128000	bigdata	120000000	5000000000	463	0.73813508679461	0.917837907061713	0.817114731721182
4	m4.2xlarge	32	128000	bigdata	120000000	5000000000	450	0.73813508679461	0.917837907061713	0.817114731721182
4	m4.2xlarge	32	128000	bigdata	120000000	5000000000	540	0.73813508679461	0.917837907061713	0.817114731721182
4	m4.2xlarge	32	128000	bigdata	120000000	5000000000	476	0.73813508679461	0.917837907061713	0.817114731721182
4	m4.2xlarge	32	128000	bigdata	120000000	5000000000	619	0.73813508679461	0.917837907061713	0.817114731721182
4	m4.2xlarge	32	128000	huge	1200000	10000000	336	0.73813508679461	0.917837907061713	0.817114731721182
4	m4.2xlarge	32	128000	huge	1200000	10000000	354	0.73813508679461	0.917837907061713	0.817114731721182
4	m4.2xlarge	32	128000	huge	1200000	10000000	390	0.73813508679461	0.917837907061713	0.817114731721182
4	m4.2xlarge	32	128000	huge	1200000	10000000	352	0.73813508679461	0.917837907061713	0.817114731721182
4	m4.2xlarge	32	128000	huge	1200000	10000000	303	0.73813508679461	0.917837907061713	0.817114731721182
4	m4.large	8	32000	bigdata	120000000	5000000000	1988	0.719976297083032	0.963352406209638	0.757775976316556
4	m4.large	8	32000	bigdata	120000000	5000000000	1802	0.719976297083032	0.963352406209638	0.757775976316556
4	m4.large	8	32000	bigdata	120000000	5000000000	1809	0.719976297083032	0.963352406209638	0.757775976316556
4	m4.large	8	32000	bigdata	120000000	5000000000	2107	0.719976297083032	0.963352406209638	0.757775976316556
4	m4.large	8	32000	bigdata	120000000	5000000000	2382	0.719976297083032	0.963352406209638	0.757775976316556
4	m4.large	8	32000	huge	1200000	10000000	1200	0.719976297083032	0.963352406209638	0.757775976316556
4	m4.large	8	32000	huge	1200000	10000000	1175	0.719976297083032	0.963352406209638	0.757775976316556
4	m4.large	8	32000	huge	1200000	10000000	1159	0.719976297083032	0.963352406209638	0.757775976316556
4	m4.large	8	32000	huge	1200000	10000000	942	0.719976297083032	0.963352406209638	0.757775976316556
4	m4.large	8	32000	huge	1200000	10000000	1094	0.719976297083032	0.963352406209638	0.757775976316556
4	m4.xlarge	16	64000	bigdata	120000000	5000000000	1053	0.724716697086843	0.939577226630061	0.806717869741047
4	m4.xlarge	16	64000	bigdata	120000000	5000000000	1106	0.724716697086843	0.939577226630061	0.806717869741047
4	m4.xlarge	16	64000	bigdata	120000000	5000000000	825	0.724716697086843	0.939577226630061	0.806717869741047
4	m4.xlarge	16	64000	bigdata	120000000	5000000000	1154	0.724716697086843	0.939577226630061	0.806717869741047
4	m4.xlarge	16	64000	bigdata	120000000	5000000000	980	0.724716697086843	0.939577226630061	0.806717869741047
4	m4.xlarge	16	64000	huge	1200000	10000000	575	0.724716697086843	0.939577226630061	0.806717869741047
4	m4.xlarge	16	64000	huge	1200000	10000000	575	0.724716697086843	0.939577226630061	0.806717869741047
4	m4.xlarge	16	64000	huge	1200000	10000000	565	0.724716697086843	0.939577226630061	0.806717869741047
4	m4.xlarge	16	64000	huge	1200000	10000000	598	0.724716697086843	0.939577226630061	0.806717869741047
4	m4.xlarge	16	64000	huge	1200000	10000000	643	0.724716697086843	0.939577226630061	0.806717869741047
4	r4.2xlarge	32	244000	bigdata	120000000	5000000000	576	0.621439738915361	0.699904926309755	0.683905823195575
4	r4.2xlarge	32	244000	bigdata	120000000	5000000000	660	0.621439738915361	0.699904926309755	0.683905823195575
4	r4.2xlarge	32	244000	bigdata	120000000	5000000000	511	0.621439738915361	0.699904926309755	0.683905823195575
4	r4.2xlarge	32	244000	bigdata	120000000	5000000000	574	0.621439738915361	0.699904926309755	0.683905823195575
4	r4.2xlarge	32	244000	bigdata	120000000	5000000000	606	0.621439738915361	0.699904926309755	0.683905823195575
4	r4.2xlarge	32	244000	huge	1200000	10000000	349	0.621439738915361	0.699904926309755	0.683905823195575
4	r4.2xlarge	32	244000	huge	1200000	10000000	376	0.621439738915361	0.699904926309755	0.683905823195575
4	r4.2xlarge	32	244000	huge	1200000	10000000	368	0.621439738915361	0.699904926309755	0.683905823195575
4	r4.2xlarge	32	244000	huge	1200000	10000000	378	0.621439738915361	0.699904926309755	0.683905823195575
4	r4.2xlarge	32	244000	huge	1200000	10000000	379	0.621439738915361	0.699904926309755	0.683905823195575
4	r4.large	8	60000	bigdata	120000000	5000000000	2087	0.626835516578723	1.0	0.670704216951795
4	r4.large	8	60000	bigdata	120000000	5000000000	1922	0.626835516578723	1.0	0.670704216951795
4	r4.large	8	60000	bigdata	120000000	5000000000	2122	0.626835516578723	1.0	0.670704216951795
4	r4.large	8	60000	bigdata	120000000	5000000000	1892	0.626835516578723	1.0	0.670704216951795
4	r4.large	8	60000	bigdata	120000000	5000000000	1906	0.626835516578723	1.0	0.670704216951795
4	r4.large	8	60000	huge	1200000	10000000	1213	0.626835516578723	1.0	0.670704216951795
4	r4.large	8	60000	huge	1200000	10000000	1062	0.626835516578723	1.0	0.670704216951795
4	r4.large	8	60000	huge	1200000	10000000	1364	0.626835516578723	1.0	0.670704216951795
4	r4.large	8	60000	huge	1200000	10000000	1132	0.626835516578723	1.0	0.670704216951795
4	r4.large	8	60000	huge	1200000	10000000	1106	0.626835516578723	1.0	0.670704216951795
4	r4.xlarge	16	120000	bigdata	120000000	5000000000	1073	0.621758403741034	0.91340066266808	0.680859830691666
4	r4.xlarge	16	120000	bigdata	120000000	5000000000	1149	0.621758403741034	0.91340066266808	0.680859830691666
4	r4.xlarge	16	120000	bigdata	120000000	5000000000	1008	0.621758403741034	0.91340066266808	0.680859830691666
4	r4.xlarge	16	120000	bigdata	120000000	5000000000	1168	0.621758403741034	0.91340066266808	0.680859830691666
4	r4.xlarge	16	120000	bigdata	120000000	5000000000	1059	0.621758403741034	0.91340066266808	0.680859830691666
4	r4.xlarge	16	120000	huge	1200000	10000000	683	0.621758403741034	0.91340066266808	0.680859830691666
4	r4.xlarge	16	120000	huge	1200000	10000000	631	0.621758403741034	0.91340066266808	0.680859830691666
4	r4.xlarge	16	120000	huge	1200000	10000000	604	0.621758403741034	0.91340066266808	0.680859830691666
4	r4.xlarge	16	120000	huge	1200000	10000000	559	0.621758403741034	0.91340066266808	0.680859830691666
4	r4.xlarge	16	120000	huge	1200000	10000000	715	0.621758403741034	0.91340066266808	0.680859830691666
6	c4.2xlarge	48	90000	bigdata	120000000	5000000000	436	1.0	0.975170773880192	0.995589462652916
6	c4.2xlarge	48	90000	bigdata	120000000	5000000000	394	1.0	0.975170773880192	0.995589462652916
6	c4.2xlarge	48	90000	bigdata	120000000	5000000000	448	1.0	0.975170773880192	0.995589462652916
6	c4.2xlarge	48	90000	bigdata	120000000	5000000000	467	1.0	0.975170773880192	0.995589462652916
6	c4.2xlarge	48	90000	bigdata	120000000	5000000000	416	1.0	0.975170773880192	0.995589462652916
6	c4.2xlarge	48	90000	huge	1200000	10000000	270	1.0	0.975170773880192	0.995589462652916
6	c4.2xlarge	48	90000	huge	1200000	10000000	362	1.0	0.975170773880192	0.995589462652916
6	c4.2xlarge	48	90000	huge	1200000	10000000	327	1.0	0.975170773880192	0.995589462652916
6	c4.2xlarge	48	90000	huge	1200000	10000000	332	1.0	0.975170773880192	0.995589462652916
6	c4.2xlarge	48	90000	huge	1200000	10000000	367	1.0	0.975170773880192	0.995589462652916
6	c4.large	12	18000	bigdata	120000000	5000000000	1225	0.958215477247805	0.963738302503114	0.959066866763844
6	c4.large	12	18000	bigdata	120000000	5000000000	1216	0.958215477247805	0.963738302503114	0.959066866763844
6	c4.large	12	18000	bigdata	120000000	5000000000	1202	0.958215477247805	0.963738302503114	0.959066866763844
6	c4.large	12	18000	bigdata	120000000	5000000000	1192	0.958215477247805	0.963738302503114	0.959066866763844
6	c4.large	12	18000	bigdata	120000000	5000000000	1210	0.958215477247805	0.963738302503114	0.959066866763844
6	c4.large	12	18000	huge	1200000	10000000	733	0.958215477247805	0.963738302503114	0.959066866763844
6	c4.large	12	18000	huge	1200000	10000000	664	0.958215477247805	0.963738302503114	0.959066866763844
6	c4.large	12	18000	huge	1200000	10000000	708	0.958215477247805	0.963738302503114	0.959066866763844
6	c4.large	12	18000	huge	1200000	10000000	690	0.958215477247805	0.963738302503114	0.959066866763844
6	c4.large	12	18000	huge	1200000	10000000	615	0.958215477247805	0.963738302503114	0.959066866763844
6	c4.xlarge	24	42000	bigdata	120000000	5000000000	613	0.981580131098954	0.916863624781091	1.0
6	c4.xlarge	24	42000	bigdata	120000000	5000000000	646	0.981580131098954	0.916863624781091	1.0
6	c4.xlarge	24	42000	bigdata	120000000	5000000000	680	0.981580131098954	0.916863624781091	1.0
6	c4.xlarge	24	42000	bigdata	120000000	5000000000	698	0.981580131098954	0.916863624781091	1.0
6	c4.xlarge	24	42000	bigdata	120000000	5000000000	603	0.981580131098954	0.916863624781091	1.0
6	c4.xlarge	24	42000	huge	1200000	10000000	360	0.981580131098954	0.916863624781091	1.0
6	c4.xlarge	24	42000	huge	1200000	10000000	379	0.981580131098954	0.916863624781091	1.0
6	c4.xlarge	24	42000	huge	1200000	10000000	367	0.981580131098954	0.916863624781091	1.0
6	c4.xlarge	24	42000	huge	1200000	10000000	412	0.981580131098954	0.916863624781091	1.0
6	c4.xlarge	24	42000	huge	1200000	10000000	390	0.981580131098954	0.916863624781091	1.0
6	m4.2xlarge	48	192000	bigdata	120000000	5000000000	439	0.73813508679461	0.917837907061713	0.817114731721182
6	m4.2xlarge	48	192000	bigdata	120000000	5000000000	456	0.73813508679461	0.917837907061713	0.817114731721182
6	m4.2xlarge	48	192000	bigdata	120000000	5000000000	426	0.73813508679461	0.917837907061713	0.817114731721182
6	m4.2xlarge	48	192000	bigdata	120000000	5000000000	457	0.73813508679461	0.917837907061713	0.817114731721182
6	m4.2xlarge	48	192000	bigdata	120000000	5000000000	434	0.73813508679461	0.917837907061713	0.817114731721182
6	m4.2xlarge	48	192000	huge	1200000	10000000	282	0.73813508679461	0.917837907061713	0.817114731721182
6	m4.2xlarge	48	192000	huge	1200000	10000000	295	0.73813508679461	0.917837907061713	0.817114731721182
6	m4.2xlarge	48	192000	huge	1200000	10000000	303	0.73813508679461	0.917837907061713	0.817114731721182
6	m4.2xlarge	48	192000	huge	1200000	10000000	383	0.73813508679461	0.917837907061713	0.817114731721182
6	m4.2xlarge	48	192000	huge	1200000	10000000	366	0.73813508679461	0.917837907061713	0.817114731721182
6	m4.large	12	48000	bigdata	120000000	5000000000	1291	0.719976297083032	0.963352406209638	0.757775976316556
6	m4.large	12	48000	bigdata	120000000	5000000000	1156	0.719976297083032	0.963352406209638	0.757775976316556
6	m4.large	12	48000	bigdata	120000000	5000000000	1395	0.719976297083032	0.963352406209638	0.757775976316556
6	m4.large	12	48000	bigdata	120000000	5000000000	1338	0.719976297083032	0.963352406209638	0.757775976316556
6	m4.large	12	48000	bigdata	120000000	5000000000	1230	0.719976297083032	0.963352406209638	0.757775976316556
6	m4.large	12	48000	huge	1200000	10000000	798	0.719976297083032	0.963352406209638	0.757775976316556
6	m4.large	12	48000	huge	1200000	10000000	669	0.719976297083032	0.963352406209638	0.757775976316556
6	m4.large	12	48000	huge	1200000	10000000	802	0.719976297083032	0.963352406209638	0.757775976316556
6	m4.large	12	48000	huge	1200000	10000000	789	0.719976297083032	0.963352406209638	0.757775976316556
6	m4.large	12	48000	huge	1200000	10000000	773	0.719976297083032	0.963352406209638	0.757775976316556
6	m4.xlarge	24	96000	bigdata	120000000	5000000000	761	0.724716697086843	0.939577226630061	0.806717869741047
6	m4.xlarge	24	96000	bigdata	120000000	5000000000	661	0.724716697086843	0.939577226630061	0.806717869741047
6	m4.xlarge	24	96000	bigdata	120000000	5000000000	665	0.724716697086843	0.939577226630061	0.806717869741047
6	m4.xlarge	24	96000	bigdata	120000000	5000000000	682	0.724716697086843	0.939577226630061	0.806717869741047
6	m4.xlarge	24	96000	bigdata	120000000	5000000000	677	0.724716697086843	0.939577226630061	0.806717869741047
6	m4.xlarge	24	96000	huge	1200000	10000000	419	0.724716697086843	0.939577226630061	0.806717869741047
6	m4.xlarge	24	96000	huge	1200000	10000000	385	0.724716697086843	0.939577226630061	0.806717869741047
6	m4.xlarge	24	96000	huge	1200000	10000000	579	0.724716697086843	0.939577226630061	0.806717869741047
6	m4.xlarge	24	96000	huge	1200000	10000000	394	0.724716697086843	0.939577226630061	0.806717869741047
6	m4.xlarge	24	96000	huge	1200000	10000000	501	0.724716697086843	0.939577226630061	0.806717869741047
6	r4.2xlarge	48	366000	bigdata	120000000	5000000000	384	0.621439738915361	0.699904926309755	0.683905823195575
6	r4.2xlarge	48	366000	bigdata	120000000	5000000000	486	0.621439738915361	0.699904926309755	0.683905823195575
6	r4.2xlarge	48	366000	bigdata	120000000	5000000000	449	0.621439738915361	0.699904926309755	0.683905823195575
6	r4.2xlarge	48	366000	bigdata	120000000	5000000000	381	0.621439738915361	0.699904926309755	0.683905823195575
6	r4.2xlarge	48	366000	bigdata	120000000	5000000000	431	0.621439738915361	0.699904926309755	0.683905823195575
6	r4.2xlarge	48	366000	huge	1200000	10000000	357	0.621439738915361	0.699904926309755	0.683905823195575
6	r4.2xlarge	48	366000	huge	1200000	10000000	380	0.621439738915361	0.699904926309755	0.683905823195575
6	r4.2xlarge	48	366000	huge	1200000	10000000	417	0.621439738915361	0.699904926309755	0.683905823195575
6	r4.2xlarge	48	366000	huge	1200000	10000000	289	0.621439738915361	0.699904926309755	0.683905823195575
6	r4.2xlarge	48	366000	huge	1200000	10000000	339	0.621439738915361	0.699904926309755	0.683905823195575
6	r4.large	12	90000	bigdata	120000000	5000000000	1143	0.626835516578723	1.0	0.670704216951795
6	r4.large	12	90000	bigdata	120000000	5000000000	1162	0.626835516578723	1.0	0.670704216951795
6	r4.large	12	90000	bigdata	120000000	5000000000	1553	0.626835516578723	1.0	0.670704216951795
6	r4.large	12	90000	bigdata	120000000	5000000000	1235	0.626835516578723	1.0	0.670704216951795
6	r4.large	12	90000	bigdata	120000000	5000000000	1405	0.626835516578723	1.0	0.670704216951795
6	r4.large	12	90000	huge	1200000	10000000	762	0.626835516578723	1.0	0.670704216951795
6	r4.large	12	90000	huge	1200000	10000000	702	0.626835516578723	1.0	0.670704216951795
6	r4.large	12	90000	huge	1200000	10000000	840	0.626835516578723	1.0	0.670704216951795
6	r4.large	12	90000	huge	1200000	10000000	835	0.626835516578723	1.0	0.670704216951795
6	r4.large	12	90000	huge	1200000	10000000	829	0.626835516578723	1.0	0.670704216951795
6	r4.xlarge	24	180000	bigdata	120000000	5000000000	680	0.621758403741034	0.91340066266808	0.680859830691666
6	r4.xlarge	24	180000	bigdata	120000000	5000000000	732	0.621758403741034	0.91340066266808	0.680859830691666
6	r4.xlarge	24	180000	bigdata	120000000	5000000000	691	0.621758403741034	0.91340066266808	0.680859830691666
6	r4.xlarge	24	180000	bigdata	120000000	5000000000	701	0.621758403741034	0.91340066266808	0.680859830691666
6	r4.xlarge	24	180000	bigdata	120000000	5000000000	813	0.621758403741034	0.91340066266808	0.680859830691666
6	r4.xlarge	24	180000	huge	1200000	10000000	446	0.621758403741034	0.91340066266808	0.680859830691666
6	r4.xlarge	24	180000	huge	1200000	10000000	453	0.621758403741034	0.91340066266808	0.680859830691666
6	r4.xlarge	24	180000	huge	1200000	10000000	452	0.621758403741034	0.91340066266808	0.680859830691666
6	r4.xlarge	24	180000	huge	1200000	10000000	431	0.621758403741034	0.91340066266808	0.680859830691666
6	r4.xlarge	24	180000	huge	1200000	10000000	430	0.621758403741034	0.91340066266808	0.680859830691666
8	c4.2xlarge	64	120000	bigdata	120000000	5000000000	288	1.0	0.975170773880192	0.995589462652916
8	c4.2xlarge	64	120000	bigdata	120000000	5000000000	307	1.0	0.975170773880192	0.995589462652916
8	c4.2xlarge	64	120000	bigdata	120000000	5000000000	335	1.0	0.975170773880192	0.995589462652916
8	c4.2xlarge	64	120000	bigdata	120000000	5000000000	227	1.0	0.975170773880192	0.995589462652916
8	c4.2xlarge	64	120000	bigdata	120000000	5000000000	210	1.0	0.975170773880192	0.995589462652916
8	c4.2xlarge	64	120000	huge	1200000	10000000	356	1.0	0.975170773880192	0.995589462652916
8	c4.2xlarge	64	120000	huge	1200000	10000000	277	1.0	0.975170773880192	0.995589462652916
8	c4.2xlarge	64	120000	huge	1200000	10000000	318	1.0	0.975170773880192	0.995589462652916
8	c4.2xlarge	64	120000	huge	1200000	10000000	291	1.0	0.975170773880192	0.995589462652916
8	c4.2xlarge	64	120000	huge	1200000	10000000	325	1.0	0.975170773880192	0.995589462652916
8	c4.large	16	24000	bigdata	120000000	5000000000	830	0.958215477247805	0.963738302503114	0.959066866763844
8	c4.large	16	24000	bigdata	120000000	5000000000	929	0.958215477247805	0.963738302503114	0.959066866763844
8	c4.large	16	24000	bigdata	120000000	5000000000	1046	0.958215477247805	0.963738302503114	0.959066866763844
8	c4.large	16	24000	bigdata	120000000	5000000000	956	0.958215477247805	0.963738302503114	0.959066866763844
8	c4.large	16	24000	bigdata	120000000	5000000000	872	0.958215477247805	0.963738302503114	0.959066866763844
8	c4.large	16	24000	huge	1200000	10000000	619	0.958215477247805	0.963738302503114	0.959066866763844
8	c4.large	16	24000	huge	1200000	10000000	620	0.958215477247805	0.963738302503114	0.959066866763844
8	c4.large	16	24000	huge	1200000	10000000	582	0.958215477247805	0.963738302503114	0.959066866763844
8	c4.large	16	24000	huge	1200000	10000000	686	0.958215477247805	0.963738302503114	0.959066866763844
8	c4.large	16	24000	huge	1200000	10000000	617	0.958215477247805	0.963738302503114	0.959066866763844
8	c4.xlarge	32	56000	bigdata	120000000	5000000000	511	0.981580131098954	0.916863624781091	1.0
8	c4.xlarge	32	56000	bigdata	120000000	5000000000	542	0.981580131098954	0.916863624781091	1.0
8	c4.xlarge	32	56000	bigdata	120000000	5000000000	480	0.981580131098954	0.916863624781091	1.0
8	c4.xlarge	32	56000	bigdata	120000000	5000000000	486	0.981580131098954	0.916863624781091	1.0
8	c4.xlarge	32	56000	bigdata	120000000	5000000000	463	0.981580131098954	0.916863624781091	1.0
8	c4.xlarge	32	56000	huge	1200000	10000000	386	0.981580131098954	0.916863624781091	1.0
8	c4.xlarge	32	56000	huge	1200000	10000000	338	0.981580131098954	0.916863624781091	1.0
8	c4.xlarge	32	56000	huge	1200000	10000000	368	0.981580131098954	0.916863624781091	1.0
8	c4.xlarge	32	56000	huge	1200000	10000000	293	0.981580131098954	0.916863624781091	1.0
8	c4.xlarge	32	56000	huge	1200000	10000000	267	0.981580131098954	0.916863624781091	1.0
8	m4.2xlarge	64	256000	bigdata	120000000	5000000000	410	0.73813508679461	0.917837907061713	0.817114731721182
8	m4.2xlarge	64	256000	bigdata	120000000	5000000000	402	0.73813508679461	0.917837907061713	0.817114731721182
8	m4.2xlarge	64	256000	bigdata	120000000	5000000000	422	0.73813508679461	0.917837907061713	0.817114731721182
8	m4.2xlarge	64	256000	bigdata	120000000	5000000000	402	0.73813508679461	0.917837907061713	0.817114731721182
8	m4.2xlarge	64	256000	bigdata	120000000	5000000000	389	0.73813508679461	0.917837907061713	0.817114731721182
8	m4.2xlarge	64	256000	huge	1200000	10000000	342	0.73813508679461	0.917837907061713	0.817114731721182
8	m4.2xlarge	64	256000	huge	1200000	10000000	387	0.73813508679461	0.917837907061713	0.817114731721182
8	m4.2xlarge	64	256000	huge	1200000	10000000	400	0.73813508679461	0.917837907061713	0.817114731721182
8	m4.2xlarge	64	256000	huge	1200000	10000000	325	0.73813508679461	0.917837907061713	0.817114731721182
8	m4.2xlarge	64	256000	huge	1200000	10000000	390	0.73813508679461	0.917837907061713	0.817114731721182
8	m4.large	16	64000	bigdata	120000000	5000000000	1124	0.719976297083032	0.963352406209638	0.757775976316556
8	m4.large	16	64000	bigdata	120000000	5000000000	967	0.719976297083032	0.963352406209638	0.757775976316556
8	m4.large	16	64000	bigdata	120000000	5000000000	1238	0.719976297083032	0.963352406209638	0.757775976316556
8	m4.large	16	64000	bigdata	120000000	5000000000	1277	0.719976297083032	0.963352406209638	0.757775976316556
8	m4.large	16	64000	bigdata	120000000	5000000000	883	0.719976297083032	0.963352406209638	0.757775976316556
8	m4.large	16	64000	huge	1200000	10000000	779	0.719976297083032	0.963352406209638	0.757775976316556
8	m4.large	16	64000	huge	1200000	10000000	733	0.719976297083032	0.963352406209638	0.757775976316556
8	m4.large	16	64000	huge	1200000	10000000	807	0.719976297083032	0.963352406209638	0.757775976316556
8	m4.large	16	64000	huge	1200000	10000000	756	0.719976297083032	0.963352406209638	0.757775976316556
8	m4.large	16	64000	huge	1200000	10000000	715	0.719976297083032	0.963352406209638	0.757775976316556
8	m4.xlarge	32	128000	bigdata	120000000	5000000000	651	0.724716697086843	0.939577226630061	0.806717869741047
8	m4.xlarge	32	128000	bigdata	120000000	5000000000	534	0.724716697086843	0.939577226630061	0.806717869741047
8	m4.xlarge	32	128000	bigdata	120000000	5000000000	495	0.724716697086843	0.939577226630061	0.806717869741047
8	m4.xlarge	32	128000	bigdata	120000000	5000000000	645	0.724716697086843	0.939577226630061	0.806717869741047
8	m4.xlarge	32	128000	bigdata	120000000	5000000000	449	0.724716697086843	0.939577226630061	0.806717869741047
8	m4.xlarge	32	128000	huge	1200000	10000000	482	0.724716697086843	0.939577226630061	0.806717869741047
8	m4.xlarge	32	128000	huge	1200000	10000000	543	0.724716697086843	0.939577226630061	0.806717869741047
8	m4.xlarge	32	128000	huge	1200000	10000000	440	0.724716697086843	0.939577226630061	0.806717869741047
8	m4.xlarge	32	128000	huge	1200000	10000000	420	0.724716697086843	0.939577226630061	0.806717869741047
8	m4.xlarge	32	128000	huge	1200000	10000000	484	0.724716697086843	0.939577226630061	0.806717869741047
8	r4.2xlarge	64	488000	bigdata	120000000	5000000000	422	0.621439738915361	0.699904926309755	0.683905823195575
8	r4.2xlarge	64	488000	bigdata	120000000	5000000000	369	0.621439738915361	0.699904926309755	0.683905823195575
8	r4.2xlarge	64	488000	bigdata	120000000	5000000000	336	0.621439738915361	0.699904926309755	0.683905823195575
8	r4.2xlarge	64	488000	bigdata	120000000	5000000000	402	0.621439738915361	0.699904926309755	0.683905823195575
8	r4.2xlarge	64	488000	bigdata	120000000	5000000000	364	0.621439738915361	0.699904926309755	0.683905823195575
8	r4.2xlarge	64	488000	huge	1200000	10000000	363	0.621439738915361	0.699904926309755	0.683905823195575
8	r4.2xlarge	64	488000	huge	1200000	10000000	350	0.621439738915361	0.699904926309755	0.683905823195575
8	r4.2xlarge	64	488000	huge	1200000	10000000	348	0.621439738915361	0.699904926309755	0.683905823195575
8	r4.2xlarge	64	488000	huge	1200000	10000000	425	0.621439738915361	0.699904926309755	0.683905823195575
8	r4.2xlarge	64	488000	huge	1200000	10000000	353	0.621439738915361	0.699904926309755	0.683905823195575
8	r4.large	16	120000	bigdata	120000000	5000000000	907	0.626835516578723	1.0	0.670704216951795
8	r4.large	16	120000	bigdata	120000000	5000000000	1061	0.626835516578723	1.0	0.670704216951795
8	r4.large	16	120000	bigdata	120000000	5000000000	1047	0.626835516578723	1.0	0.670704216951795
8	r4.large	16	120000	bigdata	120000000	5000000000	1246	0.626835516578723	1.0	0.670704216951795
8	r4.large	16	120000	bigdata	120000000	5000000000	1095	0.626835516578723	1.0	0.670704216951795
8	r4.large	16	120000	huge	1200000	10000000	585	0.626835516578723	1.0	0.670704216951795
8	r4.large	16	120000	huge	1200000	10000000	701	0.626835516578723	1.0	0.670704216951795
8	r4.large	16	120000	huge	1200000	10000000	640	0.626835516578723	1.0	0.670704216951795
8	r4.large	16	120000	huge	1200000	10000000	628	0.626835516578723	1.0	0.670704216951795
8	r4.large	16	120000	huge	1200000	10000000	685	0.626835516578723	1.0	0.670704216951795
8	r4.xlarge	32	240000	bigdata	120000000	5000000000	688	0.621758403741034	0.91340066266808	0.680859830691666
8	r4.xlarge	32	240000	bigdata	120000000	5000000000	473	0.621758403741034	0.91340066266808	0.680859830691666
8	r4.xlarge	32	240000	bigdata	120000000	5000000000	559	0.621758403741034	0.91340066266808	0.680859830691666
8	r4.xlarge	32	240000	bigdata	120000000	5000000000	436	0.621758403741034	0.91340066266808	0.680859830691666
8	r4.xlarge	32	240000	bigdata	120000000	5000000000	583	0.621758403741034	0.91340066266808	0.680859830691666
8	r4.xlarge	32	240000	huge	1200000	10000000	358	0.621758403741034	0.91340066266808	0.680859830691666
8	r4.xlarge	32	240000	huge	1200000	10000000	433	0.621758403741034	0.91340066266808	0.680859830691666
8	r4.xlarge	32	240000	huge	1200000	10000000	444	0.621758403741034	0.91340066266808	0.680859830691666
8	r4.xlarge	32	240000	huge	1200000	10000000	399	0.621758403741034	0.91340066266808	0.680859830691666
8	r4.xlarge	32	240000	huge	1200000	10000000	419	0.621758403741034	0.91340066266808	0.680859830691666
10	c4.2xlarge	80	150000	bigdata	120000000	5000000000	322	1.0	0.975170773880192	0.995589462652916
10	c4.2xlarge	80	150000	bigdata	120000000	5000000000	303	1.0	0.975170773880192	0.995589462652916
10	c4.2xlarge	80	150000	bigdata	120000000	5000000000	296	1.0	0.975170773880192	0.995589462652916
10	c4.2xlarge	80	150000	bigdata	120000000	5000000000	297	1.0	0.975170773880192	0.995589462652916
10	c4.2xlarge	80	150000	bigdata	120000000	5000000000	303	1.0	0.975170773880192	0.995589462652916
10	c4.2xlarge	80	150000	huge	1200000	10000000	265	1.0	0.975170773880192	0.995589462652916
10	c4.2xlarge	80	150000	huge	1200000	10000000	350	1.0	0.975170773880192	0.995589462652916
10	c4.2xlarge	80	150000	huge	1200000	10000000	365	1.0	0.975170773880192	0.995589462652916
10	c4.2xlarge	80	150000	huge	1200000	10000000	354	1.0	0.975170773880192	0.995589462652916
10	c4.2xlarge	80	150000	huge	1200000	10000000	346	1.0	0.975170773880192	0.995589462652916
10	c4.large	20	30000	bigdata	120000000	5000000000	742	0.958215477247805	0.963738302503114	0.959066866763844
10	c4.large	20	30000	bigdata	120000000	5000000000	651	0.958215477247805	0.963738302503114	0.959066866763844
10	c4.large	20	30000	bigdata	120000000	5000000000	762	0.958215477247805	0.963738302503114	0.959066866763844
10	c4.large	20	30000	bigdata	120000000	5000000000	788	0.958215477247805	0.963738302503114	0.959066866763844
10	c4.large	20	30000	bigdata	120000000	5000000000	700	0.958215477247805	0.963738302503114	0.959066866763844
10	c4.large	20	30000	huge	1200000	10000000	500	0.958215477247805	0.963738302503114	0.959066866763844
10	c4.large	20	30000	huge	1200000	10000000	441	0.958215477247805	0.963738302503114	0.959066866763844
10	c4.large	20	30000	huge	1200000	10000000	442	0.958215477247805	0.963738302503114	0.959066866763844
10	c4.large	20	30000	huge	1200000	10000000	448	0.958215477247805	0.963738302503114	0.959066866763844
10	c4.large	20	30000	huge	1200000	10000000	504	0.958215477247805	0.963738302503114	0.959066866763844
10	c4.xlarge	40	70000	bigdata	120000000	5000000000	403	0.981580131098954	0.916863624781091	1.0
10	c4.xlarge	40	70000	bigdata	120000000	5000000000	474	0.981580131098954	0.916863624781091	1.0
10	c4.xlarge	40	70000	bigdata	120000000	5000000000	479	0.981580131098954	0.916863624781091	1.0
10	c4.xlarge	40	70000	bigdata	120000000	5000000000	382	0.981580131098954	0.916863624781091	1.0
10	c4.xlarge	40	70000	bigdata	120000000	5000000000	420	0.981580131098954	0.916863624781091	1.0
10	c4.xlarge	40	70000	huge	1200000	10000000	314	0.981580131098954	0.916863624781091	1.0
10	c4.xlarge	40	70000	huge	1200000	10000000	265	0.981580131098954	0.916863624781091	1.0
10	c4.xlarge	40	70000	huge	1200000	10000000	313	0.981580131098954	0.916863624781091	1.0
10	c4.xlarge	40	70000	huge	1200000	10000000	342	0.981580131098954	0.916863624781091	1.0
10	c4.xlarge	40	70000	huge	1200000	10000000	311	0.981580131098954	0.916863624781091	1.0
10	m4.2xlarge	80	320000	bigdata	120000000	5000000000	319	0.73813508679461	0.917837907061713	0.817114731721182
10	m4.2xlarge	80	320000	bigdata	120000000	5000000000	438	0.73813508679461	0.917837907061713	0.817114731721182
10	m4.2xlarge	80	320000	bigdata	120000000	5000000000	455	0.73813508679461	0.917837907061713	0.817114731721182
10	m4.2xlarge	80	320000	bigdata	120000000	5000000000	453	0.73813508679461	0.917837907061713	0.817114731721182
10	m4.2xlarge	80	320000	bigdata	120000000	5000000000	409	0.73813508679461	0.917837907061713	0.817114731721182
10	m4.2xlarge	80	320000	huge	1200000	10000000	353	0.73813508679461	0.917837907061713	0.817114731721182
10	m4.2xlarge	80	320000	huge	1200000	10000000	391	0.73813508679461	0.917837907061713	0.817114731721182
10	m4.2xlarge	80	320000	huge	1200000	10000000	383	0.73813508679461	0.917837907061713	0.817114731721182
10	m4.2xlarge	80	320000	huge	1200000	10000000	409	0.73813508679461	0.917837907061713	0.817114731721182
10	m4.2xlarge	80	320000	huge	1200000	10000000	337	0.73813508679461	0.917837907061713	0.817114731721182
10	m4.large	20	80000	bigdata	120000000	5000000000	929	0.719976297083032	0.963352406209638	0.757775976316556
10	m4.large	20	80000	bigdata	120000000	5000000000	889	0.719976297083032	0.963352406209638	0.757775976316556
10	m4.large	20	80000	bigdata	120000000	5000000000	896	0.719976297083032	0.963352406209638	0.757775976316556
10	m4.large	20	80000	bigdata	120000000	5000000000	910	0.719976297083032	0.963352406209638	0.757775976316556
10	m4.large	20	80000	bigdata	120000000	5000000000	805	0.719976297083032	0.963352406209638	0.757775976316556
10	m4.large	20	80000	huge	1200000	10000000	589	0.719976297083032	0.963352406209638	0.757775976316556
10	m4.large	20	80000	huge	1200000	10000000	626	0.719976297083032	0.963352406209638	0.757775976316556
10	m4.large	20	80000	huge	1200000	10000000	556	0.719976297083032	0.963352406209638	0.757775976316556
10	m4.large	20	80000	huge	1200000	10000000	601	0.719976297083032	0.963352406209638	0.757775976316556
10	m4.large	20	80000	huge	1200000	10000000	622	0.719976297083032	0.963352406209638	0.757775976316556
10	m4.xlarge	40	160000	bigdata	120000000	5000000000	453	0.724716697086843	0.939577226630061	0.806717869741047
10	m4.xlarge	40	160000	bigdata	120000000	5000000000	586	0.724716697086843	0.939577226630061	0.806717869741047
10	m4.xlarge	40	160000	bigdata	120000000	5000000000	449	0.724716697086843	0.939577226630061	0.806717869741047
10	m4.xlarge	40	160000	bigdata	120000000	5000000000	505	0.724716697086843	0.939577226630061	0.806717869741047
10	m4.xlarge	40	160000	bigdata	120000000	5000000000	439	0.724716697086843	0.939577226630061	0.806717869741047
10	m4.xlarge	40	160000	huge	1200000	10000000	348	0.724716697086843	0.939577226630061	0.806717869741047
10	m4.xlarge	40	160000	huge	1200000	10000000	335	0.724716697086843	0.939577226630061	0.806717869741047
10	m4.xlarge	40	160000	huge	1200000	10000000	323	0.724716697086843	0.939577226630061	0.806717869741047
10	m4.xlarge	40	160000	huge	1200000	10000000	350	0.724716697086843	0.939577226630061	0.806717869741047
10	m4.xlarge	40	160000	huge	1200000	10000000	335	0.724716697086843	0.939577226630061	0.806717869741047
10	r4.2xlarge	80	610000	bigdata	120000000	5000000000	339	0.621439738915361	0.699904926309755	0.683905823195575
10	r4.2xlarge	80	610000	bigdata	120000000	5000000000	342	0.621439738915361	0.699904926309755	0.683905823195575
10	r4.2xlarge	80	610000	bigdata	120000000	5000000000	330	0.621439738915361	0.699904926309755	0.683905823195575
10	r4.2xlarge	80	610000	bigdata	120000000	5000000000	319	0.621439738915361	0.699904926309755	0.683905823195575
10	r4.2xlarge	80	610000	bigdata	120000000	5000000000	305	0.621439738915361	0.699904926309755	0.683905823195575
10	r4.2xlarge	80	610000	huge	1200000	10000000	295	0.621439738915361	0.699904926309755	0.683905823195575
10	r4.2xlarge	80	610000	huge	1200000	10000000	339	0.621439738915361	0.699904926309755	0.683905823195575
10	r4.2xlarge	80	610000	huge	1200000	10000000	310	0.621439738915361	0.699904926309755	0.683905823195575
10	r4.2xlarge	80	610000	huge	1200000	10000000	291	0.621439738915361	0.699904926309755	0.683905823195575
10	r4.2xlarge	80	610000	huge	1200000	10000000	291	0.621439738915361	0.699904926309755	0.683905823195575
10	r4.large	20	150000	bigdata	120000000	5000000000	855	0.626835516578723	1.0	0.670704216951795
10	r4.large	20	150000	bigdata	120000000	5000000000	984	0.626835516578723	1.0	0.670704216951795
10	r4.large	20	150000	bigdata	120000000	5000000000	711	0.626835516578723	1.0	0.670704216951795
10	r4.large	20	150000	bigdata	120000000	5000000000	871	0.626835516578723	1.0	0.670704216951795
10	r4.large	20	150000	bigdata	120000000	5000000000	834	0.626835516578723	1.0	0.670704216951795
10	r4.large	20	150000	huge	1200000	10000000	513	0.626835516578723	1.0	0.670704216951795
10	r4.large	20	150000	huge	1200000	10000000	505	0.626835516578723	1.0	0.670704216951795
10	r4.large	20	150000	huge	1200000	10000000	613	0.626835516578723	1.0	0.670704216951795
10	r4.large	20	150000	huge	1200000	10000000	441	0.626835516578723	1.0	0.670704216951795
10	r4.large	20	150000	huge	1200000	10000000	520	0.626835516578723	1.0	0.670704216951795
10	r4.xlarge	40	300000	bigdata	120000000	5000000000	464	0.621758403741034	0.91340066266808	0.680859830691666
10	r4.xlarge	40	300000	bigdata	120000000	5000000000	487	0.621758403741034	0.91340066266808	0.680859830691666
10	r4.xlarge	40	300000	bigdata	120000000	5000000000	420	0.621758403741034	0.91340066266808	0.680859830691666
10	r4.xlarge	40	300000	bigdata	120000000	5000000000	412	0.621758403741034	0.91340066266808	0.680859830691666
10	r4.xlarge	40	300000	bigdata	120000000	5000000000	428	0.621758403741034	0.91340066266808	0.680859830691666
10	r4.xlarge	40	300000	huge	1200000	10000000	301	0.621758403741034	0.91340066266808	0.680859830691666
10	r4.xlarge	40	300000	huge	1200000	10000000	369	0.621758403741034	0.91340066266808	0.680859830691666
10	r4.xlarge	40	300000	huge	1200000	10000000	335	0.621758403741034	0.91340066266808	0.680859830691666
10	r4.xlarge	40	300000	huge	1200000	10000000	327	0.621758403741034	0.91340066266808	0.680859830691666
10	r4.xlarge	40	300000	huge	1200000	10000000	373	0.621758403741034	0.91340066266808	0.680859830691666
12	c4.2xlarge	96	180000	bigdata	120000000	5000000000	292	1.0	0.975170773880192	0.995589462652916
12	c4.2xlarge	96	180000	bigdata	120000000	5000000000	316	1.0	0.975170773880192	0.995589462652916
12	c4.2xlarge	96	180000	bigdata	120000000	5000000000	262	1.0	0.975170773880192	0.995589462652916
12	c4.2xlarge	96	180000	bigdata	120000000	5000000000	209	1.0	0.975170773880192	0.995589462652916
12	c4.2xlarge	96	180000	bigdata	120000000	5000000000	298	1.0	0.975170773880192	0.995589462652916
12	c4.2xlarge	96	180000	huge	1200000	10000000	292	1.0	0.975170773880192	0.995589462652916
12	c4.2xlarge	96	180000	huge	1200000	10000000	292	1.0	0.975170773880192	0.995589462652916
12	c4.2xlarge	96	180000	huge	1200000	10000000	275	1.0	0.975170773880192	0.995589462652916
12	c4.2xlarge	96	180000	huge	1200000	10000000	310	1.0	0.975170773880192	0.995589462652916
12	c4.2xlarge	96	180000	huge	1200000	10000000	255	1.0	0.975170773880192	0.995589462652916
12	c4.large	24	36000	bigdata	120000000	5000000000	644	0.958215477247805	0.963738302503114	0.959066866763844
12	c4.large	24	36000	bigdata	120000000	5000000000	600	0.958215477247805	0.963738302503114	0.959066866763844
12	c4.large	24	36000	bigdata	120000000	5000000000	680	0.958215477247805	0.963738302503114	0.959066866763844
12	c4.large	24	36000	bigdata	120000000	5000000000	721	0.958215477247805	0.963738302503114	0.959066866763844
12	c4.large	24	36000	bigdata	120000000	5000000000	649	0.958215477247805	0.963738302503114	0.959066866763844
12	c4.large	24	36000	huge	1200000	10000000	471	0.958215477247805	0.963738302503114	0.959066866763844
12	c4.large	24	36000	huge	1200000	10000000	481	0.958215477247805	0.963738302503114	0.959066866763844
12	c4.large	24	36000	huge	1200000	10000000	413	0.958215477247805	0.963738302503114	0.959066866763844
12	c4.large	24	36000	huge	1200000	10000000	494	0.958215477247805	0.963738302503114	0.959066866763844
12	c4.large	24	36000	huge	1200000	10000000	417	0.958215477247805	0.963738302503114	0.959066866763844
12	c4.xlarge	48	84000	bigdata	120000000	5000000000	453	0.981580131098954	0.916863624781091	1.0
12	c4.xlarge	48	84000	bigdata	120000000	5000000000	406	0.981580131098954	0.916863624781091	1.0
12	c4.xlarge	48	84000	bigdata	120000000	5000000000	408	0.981580131098954	0.916863624781091	1.0
12	c4.xlarge	48	84000	bigdata	120000000	5000000000	409	0.981580131098954	0.916863624781091	1.0
12	c4.xlarge	48	84000	bigdata	120000000	5000000000	370	0.981580131098954	0.916863624781091	1.0
12	c4.xlarge	48	84000	huge	1200000	10000000	322	0.981580131098954	0.916863624781091	1.0
12	c4.xlarge	48	84000	huge	1200000	10000000	300	0.981580131098954	0.916863624781091	1.0
12	c4.xlarge	48	84000	huge	1200000	10000000	269	0.981580131098954	0.916863624781091	1.0
12	c4.xlarge	48	84000	huge	1200000	10000000	325	0.981580131098954	0.916863624781091	1.0
12	c4.xlarge	48	84000	huge	1200000	10000000	276	0.981580131098954	0.916863624781091	1.0
12	m4.2xlarge	96	384000	bigdata	120000000	5000000000	353	0.73813508679461	0.917837907061713	0.817114731721182
12	m4.2xlarge	96	384000	bigdata	120000000	5000000000	392	0.73813508679461	0.917837907061713	0.817114731721182
12	m4.2xlarge	96	384000	bigdata	120000000	5000000000	385	0.73813508679461	0.917837907061713	0.817114731721182
12	m4.2xlarge	96	384000	bigdata	120000000	5000000000	376	0.73813508679461	0.917837907061713	0.817114731721182
12	m4.2xlarge	96	384000	bigdata	120000000	5000000000	316	0.73813508679461	0.917837907061713	0.817114731721182
12	m4.2xlarge	96	384000	huge	1200000	10000000	302	0.73813508679461	0.917837907061713	0.817114731721182
12	m4.2xlarge	96	384000	huge	1200000	10000000	342	0.73813508679461	0.917837907061713	0.817114731721182
12	m4.2xlarge	96	384000	huge	1200000	10000000	288	0.73813508679461	0.917837907061713	0.817114731721182
12	m4.2xlarge	96	384000	huge	1200000	10000000	341	0.73813508679461	0.917837907061713	0.817114731721182
12	m4.2xlarge	96	384000	huge	1200000	10000000	294	0.73813508679461	0.917837907061713	0.817114731721182
12	m4.large	24	96000	bigdata	120000000	5000000000	756	0.719976297083032	0.963352406209638	0.757775976316556
12	m4.large	24	96000	bigdata	120000000	5000000000	731	0.719976297083032	0.963352406209638	0.757775976316556
12	m4.large	24	96000	bigdata	120000000	5000000000	740	0.719976297083032	0.963352406209638	0.757775976316556
12	m4.large	24	96000	bigdata	120000000	5000000000	711	0.719976297083032	0.963352406209638	0.757775976316556
12	m4.large	24	96000	bigdata	120000000	5000000000	672	0.719976297083032	0.963352406209638	0.757775976316556
12	m4.large	24	96000	huge	1200000	10000000	516	0.719976297083032	0.963352406209638	0.757775976316556
12	m4.large	24	96000	huge	1200000	10000000	492	0.719976297083032	0.963352406209638	0.757775976316556
12	m4.large	24	96000	huge	1200000	10000000	504	0.719976297083032	0.963352406209638	0.757775976316556
12	m4.large	24	96000	huge	1200000	10000000	516	0.719976297083032	0.963352406209638	0.757775976316556
12	m4.large	24	96000	huge	1200000	10000000	489	0.719976297083032	0.963352406209638	0.757775976316556
12	m4.xlarge	48	192000	bigdata	120000000	5000000000	441	0.724716697086843	0.939577226630061	0.806717869741047
12	m4.xlarge	48	192000	bigdata	120000000	5000000000	478	0.724716697086843	0.939577226630061	0.806717869741047
12	m4.xlarge	48	192000	bigdata	120000000	5000000000	441	0.724716697086843	0.939577226630061	0.806717869741047
12	m4.xlarge	48	192000	bigdata	120000000	5000000000	541	0.724716697086843	0.939577226630061	0.806717869741047
12	m4.xlarge	48	192000	bigdata	120000000	5000000000	433	0.724716697086843	0.939577226630061	0.806717869741047
12	r4.2xlarge	96	732000	bigdata	120000000	5000000000	338	0.621439738915361	0.699904926309755	0.683905823195575
12	r4.2xlarge	96	732000	bigdata	120000000	5000000000	305	0.621439738915361	0.699904926309755	0.683905823195575
12	r4.2xlarge	96	732000	bigdata	120000000	5000000000	301	0.621439738915361	0.699904926309755	0.683905823195575
12	r4.2xlarge	96	732000	bigdata	120000000	5000000000	278	0.621439738915361	0.699904926309755	0.683905823195575
12	r4.2xlarge	96	732000	bigdata	120000000	5000000000	346	0.621439738915361	0.699904926309755	0.683905823195575
12	r4.2xlarge	96	732000	huge	1200000	10000000	295	0.621439738915361	0.699904926309755	0.683905823195575
12	r4.2xlarge	96	732000	huge	1200000	10000000	359	0.621439738915361	0.699904926309755	0.683905823195575
12	r4.2xlarge	96	732000	huge	1200000	10000000	280	0.621439738915361	0.699904926309755	0.683905823195575
12	r4.2xlarge	96	732000	huge	1200000	10000000	251	0.621439738915361	0.699904926309755	0.683905823195575
12	r4.2xlarge	96	732000	huge	1200000	10000000	331	0.621439738915361	0.699904926309755	0.683905823195575
12	r4.large	24	180000	bigdata	120000000	5000000000	763	0.626835516578723	1.0	0.670704216951795
12	r4.large	24	180000	bigdata	120000000	5000000000	777	0.626835516578723	1.0	0.670704216951795
12	r4.large	24	180000	bigdata	120000000	5000000000	703	0.626835516578723	1.0	0.670704216951795
12	r4.large	24	180000	bigdata	120000000	5000000000	748	0.626835516578723	1.0	0.670704216951795
12	r4.large	24	180000	bigdata	120000000	5000000000	780	0.626835516578723	1.0	0.670704216951795
12	r4.large	24	180000	huge	1200000	10000000	493	0.626835516578723	1.0	0.670704216951795
12	r4.large	24	180000	huge	1200000	10000000	444	0.626835516578723	1.0	0.670704216951795
12	r4.large	24	180000	huge	1200000	10000000	502	0.626835516578723	1.0	0.670704216951795
12	r4.large	24	180000	huge	1200000	10000000	609	0.626835516578723	1.0	0.670704216951795
12	r4.large	24	180000	huge	1200000	10000000	485	0.626835516578723	1.0	0.670704216951795
12	r4.xlarge	48	360000	bigdata	120000000	5000000000	485	0.621758403741034	0.91340066266808	0.680859830691666
12	r4.xlarge	48	360000	bigdata	120000000	5000000000	474	0.621758403741034	0.91340066266808	0.680859830691666
12	r4.xlarge	48	360000	bigdata	120000000	5000000000	476	0.621758403741034	0.91340066266808	0.680859830691666
12	r4.xlarge	48	360000	bigdata	120000000	5000000000	403	0.621758403741034	0.91340066266808	0.680859830691666
12	r4.xlarge	48	360000	bigdata	120000000	5000000000	426	0.621758403741034	0.91340066266808	0.680859830691666
12	r4.xlarge	48	360000	huge	1200000	10000000	373	0.621758403741034	0.91340066266808	0.680859830691666
12	r4.xlarge	48	360000	huge	1200000	10000000	282	0.621758403741034	0.91340066266808	0.680859830691666
12	r4.xlarge	48	360000	huge	1200000	10000000	304	0.621758403741034	0.91340066266808	0.680859830691666
12	r4.xlarge	48	360000	huge	1200000	10000000	419	0.621758403741034	0.91340066266808	0.680859830691666
12	r4.xlarge	48	360000	huge	1200000	10000000	318	0.621758403741034	0.91340066266808	0.680859830691666
16	c4.large	32	48000	bigdata	120000000	5000000000	602	0.958215477247805	0.963738302503114	0.959066866763844
16	c4.large	32	48000	bigdata	120000000	5000000000	635	0.958215477247805	0.963738302503114	0.959066866763844
16	c4.large	32	48000	bigdata	120000000	5000000000	735	0.958215477247805	0.963738302503114	0.959066866763844
16	c4.large	32	48000	bigdata	120000000	5000000000	710	0.958215477247805	0.963738302503114	0.959066866763844
16	c4.large	32	48000	bigdata	120000000	5000000000	499	0.958215477247805	0.963738302503114	0.959066866763844
16	c4.large	32	48000	huge	1200000	10000000	349	0.958215477247805	0.963738302503114	0.959066866763844
16	c4.large	32	48000	huge	1200000	10000000	425	0.958215477247805	0.963738302503114	0.959066866763844
16	c4.large	32	48000	huge	1200000	10000000	422	0.958215477247805	0.963738302503114	0.959066866763844
16	c4.large	32	48000	huge	1200000	10000000	384	0.958215477247805	0.963738302503114	0.959066866763844
16	c4.large	32	48000	huge	1200000	10000000	355	0.958215477247805	0.963738302503114	0.959066866763844
16	c4.xlarge	64	112000	bigdata	120000000	5000000000	341	0.981580131098954	0.916863624781091	1.0
16	c4.xlarge	64	112000	bigdata	120000000	5000000000	410	0.981580131098954	0.916863624781091	1.0
16	c4.xlarge	64	112000	bigdata	120000000	5000000000	363	0.981580131098954	0.916863624781091	1.0
16	c4.xlarge	64	112000	bigdata	120000000	5000000000	297	0.981580131098954	0.916863624781091	1.0
16	c4.xlarge	64	112000	bigdata	120000000	5000000000	349	0.981580131098954	0.916863624781091	1.0
16	c4.xlarge	64	112000	huge	1200000	10000000	307	0.981580131098954	0.916863624781091	1.0
16	c4.xlarge	64	112000	huge	1200000	10000000	350	0.981580131098954	0.916863624781091	1.0
16	c4.xlarge	64	112000	huge	1200000	10000000	367	0.981580131098954	0.916863624781091	1.0
16	c4.xlarge	64	112000	huge	1200000	10000000	311	0.981580131098954	0.916863624781091	1.0
16	c4.xlarge	64	112000	huge	1200000	10000000	255	0.981580131098954	0.916863624781091	1.0
16	m4.large	32	128000	bigdata	120000000	5000000000	624	0.719976297083032	0.963352406209638	0.757775976316556
16	m4.large	32	128000	bigdata	120000000	5000000000	557	0.719976297083032	0.963352406209638	0.757775976316556
16	m4.large	32	128000	bigdata	120000000	5000000000	568	0.719976297083032	0.963352406209638	0.757775976316556
16	m4.large	32	128000	bigdata	120000000	5000000000	558	0.719976297083032	0.963352406209638	0.757775976316556
16	m4.large	32	128000	bigdata	120000000	5000000000	710	0.719976297083032	0.963352406209638	0.757775976316556
16	m4.large	32	128000	huge	1200000	10000000	508	0.719976297083032	0.963352406209638	0.757775976316556
16	m4.large	32	128000	huge	1200000	10000000	539	0.719976297083032	0.963352406209638	0.757775976316556
16	m4.large	32	128000	huge	1200000	10000000	454	0.719976297083032	0.963352406209638	0.757775976316556
16	m4.large	32	128000	huge	1200000	10000000	536	0.719976297083032	0.963352406209638	0.757775976316556
16	m4.large	32	128000	huge	1200000	10000000	374	0.719976297083032	0.963352406209638	0.757775976316556
16	m4.xlarge	64	256000	bigdata	120000000	5000000000	463	0.724716697086843	0.939577226630061	0.806717869741047
16	m4.xlarge	64	256000	bigdata	120000000	5000000000	453	0.724716697086843	0.939577226630061	0.806717869741047
16	m4.xlarge	64	256000	bigdata	120000000	5000000000	444	0.724716697086843	0.939577226630061	0.806717869741047
16	m4.xlarge	64	256000	bigdata	120000000	5000000000	475	0.724716697086843	0.939577226630061	0.806717869741047
16	m4.xlarge	64	256000	bigdata	120000000	5000000000	372	0.724716697086843	0.939577226630061	0.806717869741047
16	m4.xlarge	64	256000	huge	1200000	10000000	295	0.724716697086843	0.939577226630061	0.806717869741047
16	m4.xlarge	64	256000	huge	1200000	10000000	335	0.724716697086843	0.939577226630061	0.806717869741047
16	m4.xlarge	64	256000	huge	1200000	10000000	317	0.724716697086843	0.939577226630061	0.806717869741047
16	m4.xlarge	64	256000	huge	1200000	10000000	314	0.724716697086843	0.939577226630061	0.806717869741047
16	m4.xlarge	64	256000	huge	1200000	10000000	287	0.724716697086843	0.939577226630061	0.806717869741047
16	r4.large	32	240000	bigdata	120000000	5000000000	687	0.626835516578723	1.0	0.670704216951795
16	r4.large	32	240000	bigdata	120000000	5000000000	693	0.626835516578723	1.0	0.670704216951795
16	r4.large	32	240000	bigdata	120000000	5000000000	604	0.626835516578723	1.0	0.670704216951795
16	r4.large	32	240000	bigdata	120000000	5000000000	636	0.626835516578723	1.0	0.670704216951795
16	r4.large	32	240000	bigdata	120000000	5000000000	583	0.626835516578723	1.0	0.670704216951795
16	r4.large	32	240000	huge	1200000	10000000	394	0.626835516578723	1.0	0.670704216951795
16	r4.large	32	240000	huge	1200000	10000000	447	0.626835516578723	1.0	0.670704216951795
16	r4.large	32	240000	huge	1200000	10000000	430	0.626835516578723	1.0	0.670704216951795
16	r4.large	32	240000	huge	1200000	10000000	366	0.626835516578723	1.0	0.670704216951795
16	r4.large	32	240000	huge	1200000	10000000	440	0.626835516578723	1.0	0.670704216951795
16	r4.xlarge	64	480000	bigdata	120000000	5000000000	280	0.621758403741034	0.91340066266808	0.680859830691666
16	r4.xlarge	64	480000	bigdata	120000000	5000000000	431	0.621758403741034	0.91340066266808	0.680859830691666
16	r4.xlarge	64	480000	bigdata	120000000	5000000000	409	0.621758403741034	0.91340066266808	0.680859830691666
16	r4.xlarge	64	480000	bigdata	120000000	5000000000	476	0.621758403741034	0.91340066266808	0.680859830691666
16	r4.xlarge	64	480000	bigdata	120000000	5000000000	322	0.621758403741034	0.91340066266808	0.680859830691666
16	r4.xlarge	64	480000	huge	1200000	10000000	290	0.621758403741034	0.91340066266808	0.680859830691666
16	r4.xlarge	64	480000	huge	1200000	10000000	324	0.621758403741034	0.91340066266808	0.680859830691666
16	r4.xlarge	64	480000	huge	1200000	10000000	300	0.621758403741034	0.91340066266808	0.680859830691666
16	r4.xlarge	64	480000	huge	1200000	10000000	327	0.621758403741034	0.91340066266808	0.680859830691666
16	r4.xlarge	64	480000	huge	1200000	10000000	390	0.621758403741034	0.91340066266808	0.680859830691666
20	c4.xlarge	80	140000	bigdata	120000000	5000000000	417	0.981580131098954	0.916863624781091	1.0
20	c4.xlarge	80	140000	bigdata	120000000	5000000000	372	0.981580131098954	0.916863624781091	1.0
20	c4.xlarge	80	140000	bigdata	120000000	5000000000	401	0.981580131098954	0.916863624781091	1.0
20	c4.xlarge	80	140000	bigdata	120000000	5000000000	406	0.981580131098954	0.916863624781091	1.0
20	c4.xlarge	80	140000	bigdata	120000000	5000000000	405	0.981580131098954	0.916863624781091	1.0
20	c4.xlarge	80	140000	huge	1200000	10000000	355	0.981580131098954	0.916863624781091	1.0
20	c4.xlarge	80	140000	huge	1200000	10000000	277	0.981580131098954	0.916863624781091	1.0
20	c4.xlarge	80	140000	huge	1200000	10000000	333	0.981580131098954	0.916863624781091	1.0
20	c4.xlarge	80	140000	huge	1200000	10000000	316	0.981580131098954	0.916863624781091	1.0
20	c4.xlarge	80	140000	huge	1200000	10000000	363	0.981580131098954	0.916863624781091	1.0
20	m4.xlarge	80	320000	bigdata	120000000	5000000000	365	0.724716697086843	0.939577226630061	0.806717869741047
20	m4.xlarge	80	320000	bigdata	120000000	5000000000	405	0.724716697086843	0.939577226630061	0.806717869741047
20	m4.xlarge	80	320000	bigdata	120000000	5000000000	384	0.724716697086843	0.939577226630061	0.806717869741047
20	m4.xlarge	80	320000	bigdata	120000000	5000000000	393	0.724716697086843	0.939577226630061	0.806717869741047
20	m4.xlarge	80	320000	bigdata	120000000	5000000000	352	0.724716697086843	0.939577226630061	0.806717869741047
20	m4.xlarge	80	320000	huge	1200000	10000000	349	0.724716697086843	0.939577226630061	0.806717869741047
20	m4.xlarge	80	320000	huge	1200000	10000000	366	0.724716697086843	0.939577226630061	0.806717869741047
20	m4.xlarge	80	320000	huge	1200000	10000000	360	0.724716697086843	0.939577226630061	0.806717869741047
20	m4.xlarge	80	320000	huge	1200000	10000000	325	0.724716697086843	0.939577226630061	0.806717869741047
20	m4.xlarge	80	320000	huge	1200000	10000000	348	0.724716697086843	0.939577226630061	0.806717869741047
20	r4.xlarge	80	600000	bigdata	120000000	5000000000	378	0.621758403741034	0.91340066266808	0.680859830691666
20	r4.xlarge	80	600000	bigdata	120000000	5000000000	403	0.621758403741034	0.91340066266808	0.680859830691666
20	r4.xlarge	80	600000	bigdata	120000000	5000000000	374	0.621758403741034	0.91340066266808	0.680859830691666
20	r4.xlarge	80	600000	bigdata	120000000	5000000000	362	0.621758403741034	0.91340066266808	0.680859830691666
20	r4.xlarge	80	600000	bigdata	120000000	5000000000	384	0.621758403741034	0.91340066266808	0.680859830691666
20	r4.xlarge	80	600000	huge	1200000	10000000	304	0.621758403741034	0.91340066266808	0.680859830691666
20	r4.xlarge	80	600000	huge	1200000	10000000	299	0.621758403741034	0.91340066266808	0.680859830691666
20	r4.xlarge	80	600000	huge	1200000	10000000	327	0.621758403741034	0.91340066266808	0.680859830691666
20	r4.xlarge	80	600000	huge	1200000	10000000	301	0.621758403741034	0.91340066266808	0.680859830691666
20	r4.xlarge	80	600000	huge	1200000	10000000	344	0.621758403741034	0.91340066266808	0.680859830691666
24	c4.large	48	72000	bigdata	120000000	5000000000	454	0.958215477247805	0.963738302503114	0.959066866763844
24	c4.large	48	72000	bigdata	120000000	5000000000	378	0.958215477247805	0.963738302503114	0.959066866763844
24	c4.large	48	72000	bigdata	120000000	5000000000	414	0.958215477247805	0.963738302503114	0.959066866763844
24	c4.large	48	72000	bigdata	120000000	5000000000	435	0.958215477247805	0.963738302503114	0.959066866763844
24	c4.large	48	72000	bigdata	120000000	5000000000	390	0.958215477247805	0.963738302503114	0.959066866763844
24	c4.large	48	72000	huge	1200000	10000000	364	0.958215477247805	0.963738302503114	0.959066866763844
24	c4.large	48	72000	huge	1200000	10000000	344	0.958215477247805	0.963738302503114	0.959066866763844
24	c4.large	48	72000	huge	1200000	10000000	362	0.958215477247805	0.963738302503114	0.959066866763844
24	c4.large	48	72000	huge	1200000	10000000	416	0.958215477247805	0.963738302503114	0.959066866763844
24	c4.large	48	72000	huge	1200000	10000000	500	0.958215477247805	0.963738302503114	0.959066866763844
24	c4.xlarge	96	168000	bigdata	120000000	5000000000	347	0.981580131098954	0.916863624781091	1.0
24	c4.xlarge	96	168000	bigdata	120000000	5000000000	307	0.981580131098954	0.916863624781091	1.0
24	c4.xlarge	96	168000	bigdata	120000000	5000000000	371	0.981580131098954	0.916863624781091	1.0
24	c4.xlarge	96	168000	bigdata	120000000	5000000000	391	0.981580131098954	0.916863624781091	1.0
24	c4.xlarge	96	168000	bigdata	120000000	5000000000	385	0.981580131098954	0.916863624781091	1.0
24	c4.xlarge	96	168000	huge	1200000	10000000	277	0.981580131098954	0.916863624781091	1.0
24	c4.xlarge	96	168000	huge	1200000	10000000	386	0.981580131098954	0.916863624781091	1.0
24	c4.xlarge	96	168000	huge	1200000	10000000	336	0.981580131098954	0.916863624781091	1.0
24	c4.xlarge	96	168000	huge	1200000	10000000	363	0.981580131098954	0.916863624781091	1.0
24	c4.xlarge	96	168000	huge	1200000	10000000	321	0.981580131098954	0.916863624781091	1.0
24	m4.large	48	192000	bigdata	120000000	5000000000	445	0.719976297083032	0.963352406209638	0.757775976316556
24	m4.large	48	192000	bigdata	120000000	5000000000	528	0.719976297083032	0.963352406209638	0.757775976316556
24	m4.large	48	192000	bigdata	120000000	5000000000	499	0.719976297083032	0.963352406209638	0.757775976316556
24	m4.large	48	192000	bigdata	120000000	5000000000	405	0.719976297083032	0.963352406209638	0.757775976316556
24	m4.large	48	192000	bigdata	120000000	5000000000	421	0.719976297083032	0.963352406209638	0.757775976316556
24	m4.large	48	192000	huge	1200000	10000000	377	0.719976297083032	0.963352406209638	0.757775976316556
24	m4.large	48	192000	huge	1200000	10000000	389	0.719976297083032	0.963352406209638	0.757775976316556
24	m4.large	48	192000	huge	1200000	10000000	267	0.719976297083032	0.963352406209638	0.757775976316556
24	m4.large	48	192000	huge	1200000	10000000	384	0.719976297083032	0.963352406209638	0.757775976316556
24	m4.large	48	192000	huge	1200000	10000000	304	0.719976297083032	0.963352406209638	0.757775976316556
24	m4.xlarge	96	384000	bigdata	120000000	5000000000	407	0.724716697086843	0.939577226630061	0.806717869741047
24	m4.xlarge	96	384000	bigdata	120000000	5000000000	338	0.724716697086843	0.939577226630061	0.806717869741047
24	m4.xlarge	96	384000	bigdata	120000000	5000000000	460	0.724716697086843	0.939577226630061	0.806717869741047
24	m4.xlarge	96	384000	bigdata	120000000	5000000000	334	0.724716697086843	0.939577226630061	0.806717869741047
24	m4.xlarge	96	384000	bigdata	120000000	5000000000	371	0.724716697086843	0.939577226630061	0.806717869741047
24	m4.xlarge	96	384000	huge	1200000	10000000	361	0.724716697086843	0.939577226630061	0.806717869741047
24	m4.xlarge	96	384000	huge	1200000	10000000	412	0.724716697086843	0.939577226630061	0.806717869741047
24	m4.xlarge	96	384000	huge	1200000	10000000	376	0.724716697086843	0.939577226630061	0.806717869741047
24	m4.xlarge	96	384000	huge	1200000	10000000	366	0.724716697086843	0.939577226630061	0.806717869741047
24	m4.xlarge	96	384000	huge	1200000	10000000	363	0.724716697086843	0.939577226630061	0.806717869741047
24	r4.large	48	360000	bigdata	120000000	5000000000	445	0.626835516578723	1.0	0.670704216951795
24	r4.large	48	360000	bigdata	120000000	5000000000	458	0.626835516578723	1.0	0.670704216951795
24	r4.large	48	360000	bigdata	120000000	5000000000	440	0.626835516578723	1.0	0.670704216951795
24	r4.large	48	360000	bigdata	120000000	5000000000	525	0.626835516578723	1.0	0.670704216951795
24	r4.large	48	360000	bigdata	120000000	5000000000	473	0.626835516578723	1.0	0.670704216951795
24	r4.large	48	360000	huge	1200000	10000000	343	0.626835516578723	1.0	0.670704216951795
24	r4.large	48	360000	huge	1200000	10000000	313	0.626835516578723	1.0	0.670704216951795
24	r4.large	48	360000	huge	1200000	10000000	409	0.626835516578723	1.0	0.670704216951795
24	r4.large	48	360000	huge	1200000	10000000	379	0.626835516578723	1.0	0.670704216951795
24	r4.large	48	360000	huge	1200000	10000000	363	0.626835516578723	1.0	0.670704216951795
24	r4.xlarge	96	720000	bigdata	120000000	5000000000	345	0.621758403741034	0.91340066266808	0.680859830691666
24	r4.xlarge	96	720000	bigdata	120000000	5000000000	380	0.621758403741034	0.91340066266808	0.680859830691666
24	r4.xlarge	96	720000	bigdata	120000000	5000000000	392	0.621758403741034	0.91340066266808	0.680859830691666
24	r4.xlarge	96	720000	bigdata	120000000	5000000000	400	0.621758403741034	0.91340066266808	0.680859830691666
24	r4.xlarge	96	720000	bigdata	120000000	5000000000	384	0.621758403741034	0.91340066266808	0.680859830691666
24	r4.xlarge	96	720000	huge	1200000	10000000	329	0.621758403741034	0.91340066266808	0.680859830691666
24	r4.xlarge	96	720000	huge	1200000	10000000	340	0.621758403741034	0.91340066266808	0.680859830691666
24	r4.xlarge	96	720000	huge	1200000	10000000	348	0.621758403741034	0.91340066266808	0.680859830691666
24	r4.xlarge	96	720000	huge	1200000	10000000	326	0.621758403741034	0.91340066266808	0.680859830691666
24	r4.xlarge	96	720000	huge	1200000	10000000	238	0.621758403741034	0.91340066266808	0.680859830691666
32	c4.large	64	96000	bigdata	120000000	5000000000	496	0.958215477247805	0.963738302503114	0.959066866763844
32	c4.large	64	96000	bigdata	120000000	5000000000	490	0.958215477247805	0.963738302503114	0.959066866763844
32	c4.large	64	96000	bigdata	120000000	5000000000	401	0.958215477247805	0.963738302503114	0.959066866763844
32	c4.large	64	96000	bigdata	120000000	5000000000	559	0.958215477247805	0.963738302503114	0.959066866763844
32	c4.large	64	96000	bigdata	120000000	5000000000	494	0.958215477247805	0.963738302503114	0.959066866763844
32	c4.large	64	96000	huge	1200000	10000000	264	0.958215477247805	0.963738302503114	0.959066866763844
32	c4.large	64	96000	huge	1200000	10000000	310	0.958215477247805	0.963738302503114	0.959066866763844
32	c4.large	64	96000	huge	1200000	10000000	326	0.958215477247805	0.963738302503114	0.959066866763844
32	c4.large	64	96000	huge	1200000	10000000	265	0.958215477247805	0.963738302503114	0.959066866763844
32	c4.large	64	96000	huge	1200000	10000000	301	0.958215477247805	0.963738302503114	0.959066866763844
32	m4.large	64	256000	bigdata	120000000	5000000000	464	0.719976297083032	0.963352406209638	0.757775976316556
32	m4.large	64	256000	bigdata	120000000	5000000000	532	0.719976297083032	0.963352406209638	0.757775976316556
32	m4.large	64	256000	bigdata	120000000	5000000000	410	0.719976297083032	0.963352406209638	0.757775976316556
32	m4.large	64	256000	bigdata	120000000	5000000000	424	0.719976297083032	0.963352406209638	0.757775976316556
32	m4.large	64	256000	bigdata	120000000	5000000000	459	0.719976297083032	0.963352406209638	0.757775976316556
32	m4.large	64	256000	huge	1200000	10000000	394	0.719976297083032	0.963352406209638	0.757775976316556
32	m4.large	64	256000	huge	1200000	10000000	379	0.719976297083032	0.963352406209638	0.757775976316556
32	m4.large	64	256000	huge	1200000	10000000	388	0.719976297083032	0.963352406209638	0.757775976316556
32	m4.large	64	256000	huge	1200000	10000000	404	0.719976297083032	0.963352406209638	0.757775976316556
32	m4.large	64	256000	huge	1200000	10000000	407	0.719976297083032	0.963352406209638	0.757775976316556
32	r4.large	64	480000	bigdata	120000000	5000000000	343	0.626835516578723	1.0	0.670704216951795
32	r4.large	64	480000	bigdata	120000000	5000000000	517	0.626835516578723	1.0	0.670704216951795
32	r4.large	64	480000	bigdata	120000000	5000000000	395	0.626835516578723	1.0	0.670704216951795
32	r4.large	64	480000	bigdata	120000000	5000000000	465	0.626835516578723	1.0	0.670704216951795
32	r4.large	64	480000	bigdata	120000000	5000000000	487	0.626835516578723	1.0	0.670704216951795
32	r4.large	64	480000	huge	1200000	10000000	373	0.626835516578723	1.0	0.670704216951795
32	r4.large	64	480000	huge	1200000	10000000	423	0.626835516578723	1.0	0.670704216951795
32	r4.large	64	480000	huge	1200000	10000000	389	0.626835516578723	1.0	0.670704216951795
32	r4.large	64	480000	huge	1200000	10000000	412	0.626835516578723	1.0	0.670704216951795
32	r4.large	64	480000	huge	1200000	10000000	371	0.626835516578723	1.0	0.670704216951795
40	c4.large	80	120000	bigdata	120000000	5000000000	447	0.958215477247805	0.963738302503114	0.959066866763844
40	c4.large	80	120000	bigdata	120000000	5000000000	356	0.958215477247805	0.963738302503114	0.959066866763844
40	c4.large	80	120000	bigdata	120000000	5000000000	391	0.958215477247805	0.963738302503114	0.959066866763844
40	c4.large	80	120000	bigdata	120000000	5000000000	384	0.958215477247805	0.963738302503114	0.959066866763844
40	c4.large	80	120000	bigdata	120000000	5000000000	396	0.958215477247805	0.963738302503114	0.959066866763844
40	c4.large	80	120000	huge	1200000	10000000	353	0.958215477247805	0.963738302503114	0.959066866763844
40	c4.large	80	120000	huge	1200000	10000000	376	0.958215477247805	0.963738302503114	0.959066866763844
40	c4.large	80	120000	huge	1200000	10000000	327	0.958215477247805	0.963738302503114	0.959066866763844
40	c4.large	80	120000	huge	1200000	10000000	341	0.958215477247805	0.963738302503114	0.959066866763844
40	c4.large	80	120000	huge	1200000	10000000	314	0.958215477247805	0.963738302503114	0.959066866763844
40	m4.large	80	320000	bigdata	120000000	5000000000	579	0.719976297083032	0.963352406209638	0.757775976316556
40	m4.large	80	320000	bigdata	120000000	5000000000	517	0.719976297083032	0.963352406209638	0.757775976316556
40	m4.large	80	320000	bigdata	120000000	5000000000	598	0.719976297083032	0.963352406209638	0.757775976316556
40	m4.large	80	320000	bigdata	120000000	5000000000	542	0.719976297083032	0.963352406209638	0.757775976316556
40	m4.large	80	320000	bigdata	120000000	5000000000	604	0.719976297083032	0.963352406209638	0.757775976316556
40	m4.large	80	320000	huge	1200000	10000000	498	0.719976297083032	0.963352406209638	0.757775976316556
40	m4.large	80	320000	huge	1200000	10000000	635	0.719976297083032	0.963352406209638	0.757775976316556
40	m4.large	80	320000	huge	1200000	10000000	459	0.719976297083032	0.963352406209638	0.757775976316556
40	m4.large	80	320000	huge	1200000	10000000	521	0.719976297083032	0.963352406209638	0.757775976316556
40	m4.large	80	320000	huge	1200000	10000000	533	0.719976297083032	0.963352406209638	0.757775976316556
40	r4.large	80	600000	bigdata	120000000	5000000000	430	0.626835516578723	1.0	0.670704216951795
40	r4.large	80	600000	bigdata	120000000	5000000000	408	0.626835516578723	1.0	0.670704216951795
40	r4.large	80	600000	bigdata	120000000	5000000000	339	0.626835516578723	1.0	0.670704216951795
40	r4.large	80	600000	bigdata	120000000	5000000000	375	0.626835516578723	1.0	0.670704216951795
40	r4.large	80	600000	bigdata	120000000	5000000000	399	0.626835516578723	1.0	0.670704216951795
40	r4.large	80	600000	huge	1200000	10000000	342	0.626835516578723	1.0	0.670704216951795
40	r4.large	80	600000	huge	1200000	10000000	344	0.626835516578723	1.0	0.670704216951795
40	r4.large	80	600000	huge	1200000	10000000	364	0.626835516578723	1.0	0.670704216951795
40	r4.large	80	600000	huge	1200000	10000000	389	0.626835516578723	1.0	0.670704216951795
40	r4.large	80	600000	huge	1200000	10000000	324	0.626835516578723	1.0	0.670704216951795
48	c4.large	96	144000	bigdata	120000000	5000000000	348	0.958215477247805	0.963738302503114	0.959066866763844
48	c4.large	96	144000	bigdata	120000000	5000000000	397	0.958215477247805	0.963738302503114	0.959066866763844
48	c4.large	96	144000	bigdata	120000000	5000000000	435	0.958215477247805	0.963738302503114	0.959066866763844
48	c4.large	96	144000	bigdata	120000000	5000000000	355	0.958215477247805	0.963738302503114	0.959066866763844
48	c4.large	96	144000	bigdata	120000000	5000000000	453	0.958215477247805	0.963738302503114	0.959066866763844
48	c4.large	96	144000	huge	1200000	10000000	423	0.958215477247805	0.963738302503114	0.959066866763844
48	c4.large	96	144000	huge	1200000	10000000	368	0.958215477247805	0.963738302503114	0.959066866763844
48	c4.large	96	144000	huge	1200000	10000000	446	0.958215477247805	0.963738302503114	0.959066866763844
48	c4.large	96	144000	huge	1200000	10000000	428	0.958215477247805	0.963738302503114	0.959066866763844
48	c4.large	96	144000	huge	1200000	10000000	461	0.958215477247805	0.963738302503114	0.959066866763844
48	m4.large	96	384000	bigdata	120000000	5000000000	507	0.719976297083032	0.963352406209638	0.757775976316556
48	m4.large	96	384000	bigdata	120000000	5000000000	453	0.719976297083032	0.963352406209638	0.757775976316556
48	m4.large	96	384000	bigdata	120000000	5000000000	482	0.719976297083032	0.963352406209638	0.757775976316556
48	m4.large	96	384000	bigdata	120000000	5000000000	486	0.719976297083032	0.963352406209638	0.757775976316556
48	m4.large	96	384000	bigdata	120000000	5000000000	429	0.719976297083032	0.963352406209638	0.757775976316556
48	m4.large	96	384000	huge	1200000	10000000	477	0.719976297083032	0.963352406209638	0.757775976316556
48	m4.large	96	384000	huge	1200000	10000000	543	0.719976297083032	0.963352406209638	0.757775976316556
48	m4.large	96	384000	huge	1200000	10000000	601	0.719976297083032	0.963352406209638	0.757775976316556
48	m4.large	96	384000	huge	1200000	10000000	433	0.719976297083032	0.963352406209638	0.757775976316556
48	m4.large	96	384000	huge	1200000	10000000	574	0.719976297083032	0.963352406209638	0.757775976316556
48	r4.large	96	720000	bigdata	120000000	5000000000	430	0.626835516578723	1.0	0.670704216951795
48	r4.large	96	720000	bigdata	120000000	5000000000	370	0.626835516578723	1.0	0.670704216951795
48	r4.large	96	720000	bigdata	120000000	5000000000	491	0.626835516578723	1.0	0.670704216951795
48	r4.large	96	720000	bigdata	120000000	5000000000	426	0.626835516578723	1.0	0.670704216951795
48	r4.large	96	720000	bigdata	120000000	5000000000	439	0.626835516578723	1.0	0.670704216951795
48	r4.large	96	720000	huge	1200000	10000000	305	0.626835516578723	1.0	0.670704216951795
48	r4.large	96	720000	huge	1200000	10000000	356	0.626835516578723	1.0	0.670704216951795
48	r4.large	96	720000	huge	1200000	10000000	349	0.626835516578723	1.0	0.670704216951795
48	r4.large	96	720000	huge	1200000	10000000	368	0.626835516578723	1.0	0.670704216951795
48	r4.large	96	720000	huge	1200000	10000000	336	0.626835516578723	1.0	0.670704216951795
