instance_count	machine_type	slots	memory	data_size_MB	num_of_clusters	dimensions	num_of_samples	samples_per_inputfile	max_iteration	k	gross_runtime	cpu_sysbench	disk_seq_fio	memory_sysbench
4	c4.2xlarge	32	60000	bigdata	5	20	1200000000	40000000	10	10	3571	1.0	0.975170773880192	0.995589462652916
4	c4.2xlarge	32	60000	bigdata	5	20	1200000000	40000000	10	10	3569	1.0	0.975170773880192	0.995589462652916
4	c4.2xlarge	32	60000	bigdata	5	20	1200000000	40000000	10	10	3260	1.0	0.975170773880192	0.995589462652916
4	c4.2xlarge	32	60000	bigdata	5	20	1200000000	40000000	10	10	3992	1.0	0.975170773880192	0.995589462652916
4	c4.2xlarge	32	60000	bigdata	5	20	1200000000	40000000	10	10	4289	1.0	0.975170773880192	0.995589462652916
4	c4.2xlarge	32	60000	huge	5	20	100000000	20000000	5	10	2509	1.0	0.975170773880192	0.995589462652916
4	c4.2xlarge	32	60000	huge	5	20	100000000	20000000	5	10	2384	1.0	0.975170773880192	0.995589462652916
4	c4.2xlarge	32	60000	huge	5	20	100000000	20000000	5	10	2713	1.0	0.975170773880192	0.995589462652916
4	c4.2xlarge	32	60000	huge	5	20	100000000	20000000	5	10	2684	1.0	0.975170773880192	0.995589462652916
4	c4.2xlarge	32	60000	huge	5	20	100000000	20000000	5	10	2632	1.0	0.975170773880192	0.995589462652916
4	c4.large	8	12000	bigdata	5	20	1200000000	40000000	10	10	8076	0.958215477247805	0.963738302503114	0.959066866763844
4	c4.large	8	12000	bigdata	5	20	1200000000	40000000	10	10	7223	0.958215477247805	0.963738302503114	0.959066866763844
4	c4.large	8	12000	bigdata	5	20	1200000000	40000000	10	10	6604	0.958215477247805	0.963738302503114	0.959066866763844
4	c4.large	8	12000	bigdata	5	20	1200000000	40000000	10	10	7938	0.958215477247805	0.963738302503114	0.959066866763844
4	c4.large	8	12000	bigdata	5	20	1200000000	40000000	10	10	6532	0.958215477247805	0.963738302503114	0.959066866763844
4	c4.large	8	12000	huge	5	20	100000000	20000000	5	10	7104	0.958215477247805	0.963738302503114	0.959066866763844
4	c4.large	8	12000	huge	5	20	100000000	20000000	5	10	6715	0.958215477247805	0.963738302503114	0.959066866763844
4	c4.large	8	12000	huge	5	20	100000000	20000000	5	10	7346	0.958215477247805	0.963738302503114	0.959066866763844
4	c4.large	8	12000	huge	5	20	100000000	20000000	5	10	7412	0.958215477247805	0.963738302503114	0.959066866763844
4	c4.large	8	12000	huge	5	20	100000000	20000000	5	10	7206	0.958215477247805	0.963738302503114	0.959066866763844
4	c4.xlarge	16	28000	bigdata	5	20	1200000000	40000000	10	10	6829	0.981580131098954	0.916863624781091	1.0
4	c4.xlarge	16	28000	bigdata	5	20	1200000000	40000000	10	10	7922	0.981580131098954	0.916863624781091	1.0
4	c4.xlarge	16	28000	bigdata	5	20	1200000000	40000000	10	10	6703	0.981580131098954	0.916863624781091	1.0
4	c4.xlarge	16	28000	bigdata	5	20	1200000000	40000000	10	10	6831	0.981580131098954	0.916863624781091	1.0
4	c4.xlarge	16	28000	bigdata	5	20	1200000000	40000000	10	10	6991	0.981580131098954	0.916863624781091	1.0
4	c4.xlarge	16	28000	huge	5	20	100000000	20000000	5	10	4017	0.981580131098954	0.916863624781091	1.0
4	c4.xlarge	16	28000	huge	5	20	100000000	20000000	5	10	3997	0.981580131098954	0.916863624781091	1.0
4	c4.xlarge	16	28000	huge	5	20	100000000	20000000	5	10	4011	0.981580131098954	0.916863624781091	1.0
4	c4.xlarge	16	28000	huge	5	20	100000000	20000000	5	10	3027	0.981580131098954	0.916863624781091	1.0
4	c4.xlarge	16	28000	huge	5	20	100000000	20000000	5	10	3590	0.981580131098954	0.916863624781091	1.0
4	m4.2xlarge	32	128000	bigdata	5	20	1200000000	40000000	10	10	2774	0.73813508679461	0.917837907061713	0.817114731721182
4	m4.2xlarge	32	128000	bigdata	5	20	1200000000	40000000	10	10	2279	0.73813508679461	0.917837907061713	0.817114731721182
4	m4.2xlarge	32	128000	bigdata	5	20	1200000000	40000000	10	10	2895	0.73813508679461	0.917837907061713	0.817114731721182
4	m4.2xlarge	32	128000	bigdata	5	20	1200000000	40000000	10	10	2663	0.73813508679461	0.917837907061713	0.817114731721182
4	m4.2xlarge	32	128000	bigdata	5	20	1200000000	40000000	10	10	2543	0.73813508679461	0.917837907061713	0.817114731721182
4	m4.2xlarge	32	128000	huge	5	20	100000000	20000000	5	10	1628	0.73813508679461	0.917837907061713	0.817114731721182
4	m4.2xlarge	32	128000	huge	5	20	100000000	20000000	5	10	1386	0.73813508679461	0.917837907061713	0.817114731721182
4	m4.2xlarge	32	128000	huge	5	20	100000000	20000000	5	10	1189	0.73813508679461	0.917837907061713	0.817114731721182
4	m4.2xlarge	32	128000	huge	5	20	100000000	20000000	5	10	957	0.73813508679461	0.917837907061713	0.817114731721182
4	m4.2xlarge	32	128000	huge	5	20	100000000	20000000	5	10	1192	0.73813508679461	0.917837907061713	0.817114731721182
4	m4.large	8	32000	bigdata	5	20	1200000000	40000000	10	10	5902	0.719976297083032	0.963352406209638	0.757775976316556
4	m4.large	8	32000	bigdata	5	20	1200000000	40000000	10	10	6841	0.719976297083032	0.963352406209638	0.757775976316556
4	m4.large	8	32000	bigdata	5	20	1200000000	40000000	10	10	7264	0.719976297083032	0.963352406209638	0.757775976316556
4	m4.large	8	32000	bigdata	5	20	1200000000	40000000	10	10	6934	0.719976297083032	0.963352406209638	0.757775976316556
4	m4.large	8	32000	bigdata	5	20	1200000000	40000000	10	10	7675	0.719976297083032	0.963352406209638	0.757775976316556
4	m4.large	8	32000	huge	5	20	100000000	20000000	5	10	4973	0.719976297083032	0.963352406209638	0.757775976316556
4	m4.large	8	32000	huge	5	20	100000000	20000000	5	10	5865	0.719976297083032	0.963352406209638	0.757775976316556
4	m4.large	8	32000	huge	5	20	100000000	20000000	5	10	5833	0.719976297083032	0.963352406209638	0.757775976316556
4	m4.large	8	32000	huge	5	20	100000000	20000000	5	10	7051	0.719976297083032	0.963352406209638	0.757775976316556
4	m4.large	8	32000	huge	5	20	100000000	20000000	5	10	5612	0.719976297083032	0.963352406209638	0.757775976316556
4	m4.xlarge	16	64000	bigdata	5	20	1200000000	40000000	10	10	4727	0.724716697086843	0.939577226630061	0.806717869741047
4	m4.xlarge	16	64000	bigdata	5	20	1200000000	40000000	10	10	4791	0.724716697086843	0.939577226630061	0.806717869741047
4	m4.xlarge	16	64000	bigdata	5	20	1200000000	40000000	10	10	5219	0.724716697086843	0.939577226630061	0.806717869741047
4	m4.xlarge	16	64000	bigdata	5	20	1200000000	40000000	10	10	5192	0.724716697086843	0.939577226630061	0.806717869741047
4	m4.xlarge	16	64000	bigdata	5	20	1200000000	40000000	10	10	6262	0.724716697086843	0.939577226630061	0.806717869741047
4	m4.xlarge	16	64000	huge	5	20	100000000	20000000	5	10	2412	0.724716697086843	0.939577226630061	0.806717869741047
4	m4.xlarge	16	64000	huge	5	20	100000000	20000000	5	10	2287	0.724716697086843	0.939577226630061	0.806717869741047
4	m4.xlarge	16	64000	huge	5	20	100000000	20000000	5	10	2472	0.724716697086843	0.939577226630061	0.806717869741047
4	m4.xlarge	16	64000	huge	5	20	100000000	20000000	5	10	2449	0.724716697086843	0.939577226630061	0.806717869741047
4	m4.xlarge	16	64000	huge	5	20	100000000	20000000	5	10	2560	0.724716697086843	0.939577226630061	0.806717869741047
4	r4.2xlarge	32	244000	bigdata	5	20	1200000000	40000000	10	10	2622	0.621439738915361	0.699904926309755	0.683905823195575
4	r4.2xlarge	32	244000	bigdata	5	20	1200000000	40000000	10	10	2581	0.621439738915361	0.699904926309755	0.683905823195575
4	r4.2xlarge	32	244000	bigdata	5	20	1200000000	40000000	10	10	2750	0.621439738915361	0.699904926309755	0.683905823195575
4	r4.2xlarge	32	244000	bigdata	5	20	1200000000	40000000	10	10	2128	0.621439738915361	0.699904926309755	0.683905823195575
4	r4.2xlarge	32	244000	bigdata	5	20	1200000000	40000000	10	10	2197	0.621439738915361	0.699904926309755	0.683905823195575
4	r4.2xlarge	32	244000	huge	5	20	100000000	20000000	5	10	370	0.621439738915361	0.699904926309755	0.683905823195575
4	r4.2xlarge	32	244000	huge	5	20	100000000	20000000	5	10	324	0.621439738915361	0.699904926309755	0.683905823195575
4	r4.2xlarge	32	244000	huge	5	20	100000000	20000000	5	10	370	0.621439738915361	0.699904926309755	0.683905823195575
4	r4.2xlarge	32	244000	huge	5	20	100000000	20000000	5	10	387	0.621439738915361	0.699904926309755	0.683905823195575
4	r4.2xlarge	32	244000	huge	5	20	100000000	20000000	5	10	385	0.621439738915361	0.699904926309755	0.683905823195575
4	r4.large	8	60000	bigdata	5	20	1200000000	40000000	10	10	7616	0.626835516578723	1.0	0.670704216951795
4	r4.large	8	60000	bigdata	5	20	1200000000	40000000	10	10	7467	0.626835516578723	1.0	0.670704216951795
4	r4.large	8	60000	bigdata	5	20	1200000000	40000000	10	10	7708	0.626835516578723	1.0	0.670704216951795
4	r4.large	8	60000	bigdata	5	20	1200000000	40000000	10	10	7844	0.626835516578723	1.0	0.670704216951795
4	r4.large	8	60000	bigdata	5	20	1200000000	40000000	10	10	7324	0.626835516578723	1.0	0.670704216951795
4	r4.large	8	60000	huge	5	20	100000000	20000000	5	10	5753	0.626835516578723	1.0	0.670704216951795
4	r4.large	8	60000	huge	5	20	100000000	20000000	5	10	5612	0.626835516578723	1.0	0.670704216951795
4	r4.large	8	60000	huge	5	20	100000000	20000000	5	10	4864	0.626835516578723	1.0	0.670704216951795
4	r4.large	8	60000	huge	5	20	100000000	20000000	5	10	4786	0.626835516578723	1.0	0.670704216951795
4	r4.large	8	60000	huge	5	20	100000000	20000000	5	10	3456	0.626835516578723	1.0	0.670704216951795
4	r4.xlarge	16	120000	bigdata	5	20	1200000000	40000000	10	10	4398	0.621758403741034	0.91340066266808	0.680859830691666
4	r4.xlarge	16	120000	bigdata	5	20	1200000000	40000000	10	10	5039	0.621758403741034	0.91340066266808	0.680859830691666
4	r4.xlarge	16	120000	bigdata	5	20	1200000000	40000000	10	10	4470	0.621758403741034	0.91340066266808	0.680859830691666
4	r4.xlarge	16	120000	bigdata	5	20	1200000000	40000000	10	10	5026	0.621758403741034	0.91340066266808	0.680859830691666
4	r4.xlarge	16	120000	bigdata	5	20	1200000000	40000000	10	10	5195	0.621758403741034	0.91340066266808	0.680859830691666
4	r4.xlarge	16	120000	huge	5	20	100000000	20000000	5	10	2111	0.621758403741034	0.91340066266808	0.680859830691666
4	r4.xlarge	16	120000	huge	5	20	100000000	20000000	5	10	2398	0.621758403741034	0.91340066266808	0.680859830691666
4	r4.xlarge	16	120000	huge	5	20	100000000	20000000	5	10	2769	0.621758403741034	0.91340066266808	0.680859830691666
4	r4.xlarge	16	120000	huge	5	20	100000000	20000000	5	10	2525	0.621758403741034	0.91340066266808	0.680859830691666
4	r4.xlarge	16	120000	huge	5	20	100000000	20000000	5	10	2439	0.621758403741034	0.91340066266808	0.680859830691666
6	c4.2xlarge	48	90000	bigdata	5	20	1200000000	40000000	10	10	3138	1.0	0.975170773880192	0.995589462652916
6	c4.2xlarge	48	90000	bigdata	5	20	1200000000	40000000	10	10	2781	1.0	0.975170773880192	0.995589462652916
6	c4.2xlarge	48	90000	bigdata	5	20	1200000000	40000000	10	10	2327	1.0	0.975170773880192	0.995589462652916
6	c4.2xlarge	48	90000	bigdata	5	20	1200000000	40000000	10	10	2560	1.0	0.975170773880192	0.995589462652916
6	c4.2xlarge	48	90000	bigdata	5	20	1200000000	40000000	10	10	2483	1.0	0.975170773880192	0.995589462652916
6	c4.2xlarge	48	90000	huge	5	20	100000000	20000000	5	10	1271	1.0	0.975170773880192	0.995589462652916
6	c4.2xlarge	48	90000	huge	5	20	100000000	20000000	5	10	1096	1.0	0.975170773880192	0.995589462652916
6	c4.2xlarge	48	90000	huge	5	20	100000000	20000000	5	10	1305	1.0	0.975170773880192	0.995589462652916
6	c4.2xlarge	48	90000	huge	5	20	100000000	20000000	5	10	1008	1.0	0.975170773880192	0.995589462652916
6	c4.2xlarge	48	90000	huge	5	20	100000000	20000000	5	10	1087	1.0	0.975170773880192	0.995589462652916
6	c4.large	12	18000	bigdata	5	20	1200000000	40000000	10	10	6558	0.958215477247805	0.963738302503114	0.959066866763844
6	c4.large	12	18000	bigdata	5	20	1200000000	40000000	10	10	7400	0.958215477247805	0.963738302503114	0.959066866763844
6	c4.large	12	18000	bigdata	5	20	1200000000	40000000	10	10	7731	0.958215477247805	0.963738302503114	0.959066866763844
6	c4.large	12	18000	bigdata	5	20	1200000000	40000000	10	10	7522	0.958215477247805	0.963738302503114	0.959066866763844
6	c4.large	12	18000	bigdata	5	20	1200000000	40000000	10	10	7737	0.958215477247805	0.963738302503114	0.959066866763844
6	c4.large	12	18000	huge	5	20	100000000	20000000	5	10	5467	0.958215477247805	0.963738302503114	0.959066866763844
6	c4.large	12	18000	huge	5	20	100000000	20000000	5	10	4436	0.958215477247805	0.963738302503114	0.959066866763844
6	c4.large	12	18000	huge	5	20	100000000	20000000	5	10	5066	0.958215477247805	0.963738302503114	0.959066866763844
6	c4.large	12	18000	huge	5	20	100000000	20000000	5	10	4212	0.958215477247805	0.963738302503114	0.959066866763844
6	c4.large	12	18000	huge	5	20	100000000	20000000	5	10	5848	0.958215477247805	0.963738302503114	0.959066866763844
6	c4.xlarge	24	42000	bigdata	5	20	1200000000	40000000	10	10	3999	0.981580131098954	0.916863624781091	1.0
6	c4.xlarge	24	42000	bigdata	5	20	1200000000	40000000	10	10	4998	0.981580131098954	0.916863624781091	1.0
6	c4.xlarge	24	42000	bigdata	5	20	1200000000	40000000	10	10	4770	0.981580131098954	0.916863624781091	1.0
6	c4.xlarge	24	42000	bigdata	5	20	1200000000	40000000	10	10	4425	0.981580131098954	0.916863624781091	1.0
6	c4.xlarge	24	42000	bigdata	5	20	1200000000	40000000	10	10	3829	0.981580131098954	0.916863624781091	1.0
6	c4.xlarge	24	42000	huge	5	20	100000000	20000000	5	10	2212	0.981580131098954	0.916863624781091	1.0
6	c4.xlarge	24	42000	huge	5	20	100000000	20000000	5	10	2150	0.981580131098954	0.916863624781091	1.0
6	c4.xlarge	24	42000	huge	5	20	100000000	20000000	5	10	2095	0.981580131098954	0.916863624781091	1.0
6	c4.xlarge	24	42000	huge	5	20	100000000	20000000	5	10	1686	0.981580131098954	0.916863624781091	1.0
6	c4.xlarge	24	42000	huge	5	20	100000000	20000000	5	10	2058	0.981580131098954	0.916863624781091	1.0
6	m4.2xlarge	48	192000	bigdata	5	20	1200000000	40000000	10	10	1604	0.73813508679461	0.917837907061713	0.817114731721182
6	m4.2xlarge	48	192000	bigdata	5	20	1200000000	40000000	10	10	1681	0.73813508679461	0.917837907061713	0.817114731721182
6	m4.2xlarge	48	192000	bigdata	5	20	1200000000	40000000	10	10	1704	0.73813508679461	0.917837907061713	0.817114731721182
6	m4.2xlarge	48	192000	bigdata	5	20	1200000000	40000000	10	10	1605	0.73813508679461	0.917837907061713	0.817114731721182
6	m4.2xlarge	48	192000	bigdata	5	20	1200000000	40000000	10	10	1601	0.73813508679461	0.917837907061713	0.817114731721182
6	m4.2xlarge	48	192000	huge	5	20	100000000	20000000	5	10	685	0.73813508679461	0.917837907061713	0.817114731721182
6	m4.2xlarge	48	192000	huge	5	20	100000000	20000000	5	10	860	0.73813508679461	0.917837907061713	0.817114731721182
6	m4.2xlarge	48	192000	huge	5	20	100000000	20000000	5	10	794	0.73813508679461	0.917837907061713	0.817114731721182
6	m4.2xlarge	48	192000	huge	5	20	100000000	20000000	5	10	895	0.73813508679461	0.917837907061713	0.817114731721182
6	m4.2xlarge	48	192000	huge	5	20	100000000	20000000	5	10	984	0.73813508679461	0.917837907061713	0.817114731721182
6	m4.large	12	48000	bigdata	5	20	1200000000	40000000	10	10	6319	0.719976297083032	0.963352406209638	0.757775976316556
6	m4.large	12	48000	bigdata	5	20	1200000000	40000000	10	10	7444	0.719976297083032	0.963352406209638	0.757775976316556
6	m4.large	12	48000	bigdata	5	20	1200000000	40000000	10	10	7001	0.719976297083032	0.963352406209638	0.757775976316556
6	m4.large	12	48000	bigdata	5	20	1200000000	40000000	10	10	6975	0.719976297083032	0.963352406209638	0.757775976316556
6	m4.large	12	48000	bigdata	5	20	1200000000	40000000	10	10	6825	0.719976297083032	0.963352406209638	0.757775976316556
6	m4.large	12	48000	huge	5	20	100000000	20000000	5	10	3492	0.719976297083032	0.963352406209638	0.757775976316556
6	m4.large	12	48000	huge	5	20	100000000	20000000	5	10	3605	0.719976297083032	0.963352406209638	0.757775976316556
6	m4.large	12	48000	huge	5	20	100000000	20000000	5	10	3160	0.719976297083032	0.963352406209638	0.757775976316556
6	m4.large	12	48000	huge	5	20	100000000	20000000	5	10	3710	0.719976297083032	0.963352406209638	0.757775976316556
6	m4.large	12	48000	huge	5	20	100000000	20000000	5	10	3377	0.719976297083032	0.963352406209638	0.757775976316556
6	m4.xlarge	24	96000	bigdata	5	20	1200000000	40000000	10	10	5583	0.724716697086843	0.939577226630061	0.806717869741047
6	m4.xlarge	24	96000	bigdata	5	20	1200000000	40000000	10	10	6637	0.724716697086843	0.939577226630061	0.806717869741047
6	m4.xlarge	24	96000	bigdata	5	20	1200000000	40000000	10	10	5536	0.724716697086843	0.939577226630061	0.806717869741047
6	m4.xlarge	24	96000	bigdata	5	20	1200000000	40000000	10	10	5469	0.724716697086843	0.939577226630061	0.806717869741047
6	m4.xlarge	24	96000	bigdata	5	20	1200000000	40000000	10	10	4945	0.724716697086843	0.939577226630061	0.806717869741047
6	m4.xlarge	24	96000	huge	5	20	100000000	20000000	5	10	1679	0.724716697086843	0.939577226630061	0.806717869741047
6	m4.xlarge	24	96000	huge	5	20	100000000	20000000	5	10	1546	0.724716697086843	0.939577226630061	0.806717869741047
6	m4.xlarge	24	96000	huge	5	20	100000000	20000000	5	10	1605	0.724716697086843	0.939577226630061	0.806717869741047
6	m4.xlarge	24	96000	huge	5	20	100000000	20000000	5	10	1775	0.724716697086843	0.939577226630061	0.806717869741047
6	m4.xlarge	24	96000	huge	5	20	100000000	20000000	5	10	1833	0.724716697086843	0.939577226630061	0.806717869741047
6	r4.2xlarge	48	366000	bigdata	5	20	1200000000	40000000	10	10	1745	0.621439738915361	0.699904926309755	0.683905823195575
6	r4.2xlarge	48	366000	bigdata	5	20	1200000000	40000000	10	10	1414	0.621439738915361	0.699904926309755	0.683905823195575
6	r4.2xlarge	48	366000	bigdata	5	20	1200000000	40000000	10	10	1662	0.621439738915361	0.699904926309755	0.683905823195575
6	r4.2xlarge	48	366000	bigdata	5	20	1200000000	40000000	10	10	1712	0.621439738915361	0.699904926309755	0.683905823195575
6	r4.2xlarge	48	366000	bigdata	5	20	1200000000	40000000	10	10	1701	0.621439738915361	0.699904926309755	0.683905823195575
6	r4.2xlarge	48	366000	huge	5	20	100000000	20000000	5	10	252	0.621439738915361	0.699904926309755	0.683905823195575
6	r4.2xlarge	48	366000	huge	5	20	100000000	20000000	5	10	241	0.621439738915361	0.699904926309755	0.683905823195575
6	r4.2xlarge	48	366000	huge	5	20	100000000	20000000	5	10	242	0.621439738915361	0.699904926309755	0.683905823195575
6	r4.2xlarge	48	366000	huge	5	20	100000000	20000000	5	10	218	0.621439738915361	0.699904926309755	0.683905823195575
6	r4.2xlarge	48	366000	huge	5	20	100000000	20000000	5	10	253	0.621439738915361	0.699904926309755	0.683905823195575
6	r4.large	12	90000	bigdata	5	20	1200000000	40000000	10	10	6686	0.626835516578723	1.0	0.670704216951795
6	r4.large	12	90000	bigdata	5	20	1200000000	40000000	10	10	6592	0.626835516578723	1.0	0.670704216951795
6	r4.large	12	90000	bigdata	5	20	1200000000	40000000	10	10	7686	0.626835516578723	1.0	0.670704216951795
6	r4.large	12	90000	bigdata	5	20	1200000000	40000000	10	10	7137	0.626835516578723	1.0	0.670704216951795
6	r4.large	12	90000	bigdata	5	20	1200000000	40000000	10	10	6812	0.626835516578723	1.0	0.670704216951795
6	r4.large	12	90000	huge	5	20	100000000	20000000	5	10	5452	0.626835516578723	1.0	0.670704216951795
6	r4.large	12	90000	huge	5	20	100000000	20000000	5	10	4516	0.626835516578723	1.0	0.670704216951795
6	r4.large	12	90000	huge	5	20	100000000	20000000	5	10	4653	0.626835516578723	1.0	0.670704216951795
6	r4.large	12	90000	huge	5	20	100000000	20000000	5	10	4640	0.626835516578723	1.0	0.670704216951795
6	r4.large	12	90000	huge	5	20	100000000	20000000	5	10	4217	0.626835516578723	1.0	0.670704216951795
6	r4.xlarge	24	180000	bigdata	5	20	1200000000	40000000	10	10	2969	0.621758403741034	0.91340066266808	0.680859830691666
6	r4.xlarge	24	180000	bigdata	5	20	1200000000	40000000	10	10	3223	0.621758403741034	0.91340066266808	0.680859830691666
6	r4.xlarge	24	180000	bigdata	5	20	1200000000	40000000	10	10	3275	0.621758403741034	0.91340066266808	0.680859830691666
6	r4.xlarge	24	180000	bigdata	5	20	1200000000	40000000	10	10	3462	0.621758403741034	0.91340066266808	0.680859830691666
6	r4.xlarge	24	180000	bigdata	5	20	1200000000	40000000	10	10	2581	0.621758403741034	0.91340066266808	0.680859830691666
6	r4.xlarge	24	180000	huge	5	20	100000000	20000000	5	10	1730	0.621758403741034	0.91340066266808	0.680859830691666
6	r4.xlarge	24	180000	huge	5	20	100000000	20000000	5	10	1382	0.621758403741034	0.91340066266808	0.680859830691666
6	r4.xlarge	24	180000	huge	5	20	100000000	20000000	5	10	1879	0.621758403741034	0.91340066266808	0.680859830691666
6	r4.xlarge	24	180000	huge	5	20	100000000	20000000	5	10	1468	0.621758403741034	0.91340066266808	0.680859830691666
6	r4.xlarge	24	180000	huge	5	20	100000000	20000000	5	10	1483	0.621758403741034	0.91340066266808	0.680859830691666
8	c4.2xlarge	64	120000	bigdata	5	20	1200000000	40000000	10	10	2322	1.0	0.975170773880192	0.995589462652916
8	c4.2xlarge	64	120000	bigdata	5	20	1200000000	40000000	10	10	1870	1.0	0.975170773880192	0.995589462652916
8	c4.2xlarge	64	120000	bigdata	5	20	1200000000	40000000	10	10	2825	1.0	0.975170773880192	0.995589462652916
8	c4.2xlarge	64	120000	bigdata	5	20	1200000000	40000000	10	10	2315	1.0	0.975170773880192	0.995589462652916
8	c4.2xlarge	64	120000	bigdata	5	20	1200000000	40000000	10	10	2405	1.0	0.975170773880192	0.995589462652916
8	c4.2xlarge	64	120000	huge	5	20	100000000	20000000	5	10	883	1.0	0.975170773880192	0.995589462652916
8	c4.2xlarge	64	120000	huge	5	20	100000000	20000000	5	10	914	1.0	0.975170773880192	0.995589462652916
8	c4.2xlarge	64	120000	huge	5	20	100000000	20000000	5	10	1131	1.0	0.975170773880192	0.995589462652916
8	c4.2xlarge	64	120000	huge	5	20	100000000	20000000	5	10	877	1.0	0.975170773880192	0.995589462652916
8	c4.2xlarge	64	120000	huge	5	20	100000000	20000000	5	10	829	1.0	0.975170773880192	0.995589462652916
8	c4.large	16	24000	bigdata	5	20	1200000000	40000000	10	10	7109	0.958215477247805	0.963738302503114	0.959066866763844
8	c4.large	16	24000	bigdata	5	20	1200000000	40000000	10	10	6491	0.958215477247805	0.963738302503114	0.959066866763844
8	c4.large	16	24000	bigdata	5	20	1200000000	40000000	10	10	6738	0.958215477247805	0.963738302503114	0.959066866763844
8	c4.large	16	24000	bigdata	5	20	1200000000	40000000	10	10	6490	0.958215477247805	0.963738302503114	0.959066866763844
8	c4.large	16	24000	bigdata	5	20	1200000000	40000000	10	10	7191	0.958215477247805	0.963738302503114	0.959066866763844
8	c4.large	16	24000	huge	5	20	100000000	20000000	5	10	2943	0.958215477247805	0.963738302503114	0.959066866763844
8	c4.large	16	24000	huge	5	20	100000000	20000000	5	10	3133	0.958215477247805	0.963738302503114	0.959066866763844
8	c4.large	16	24000	huge	5	20	100000000	20000000	5	10	3814	0.958215477247805	0.963738302503114	0.959066866763844
8	c4.large	16	24000	huge	5	20	100000000	20000000	5	10	3495	0.958215477247805	0.963738302503114	0.959066866763844
8	c4.large	16	24000	huge	5	20	100000000	20000000	5	10	3137	0.958215477247805	0.963738302503114	0.959066866763844
8	c4.xlarge	32	56000	bigdata	5	20	1200000000	40000000	10	10	3745	0.981580131098954	0.916863624781091	1.0
8	c4.xlarge	32	56000	bigdata	5	20	1200000000	40000000	10	10	2904	0.981580131098954	0.916863624781091	1.0
8	c4.xlarge	32	56000	bigdata	5	20	1200000000	40000000	10	10	3617	0.981580131098954	0.916863624781091	1.0
8	c4.xlarge	32	56000	bigdata	5	20	1200000000	40000000	10	10	3427	0.981580131098954	0.916863624781091	1.0
8	c4.xlarge	32	56000	bigdata	5	20	1200000000	40000000	10	10	3569	0.981580131098954	0.916863624781091	1.0
8	c4.xlarge	32	56000	huge	5	20	100000000	20000000	5	10	1951	0.981580131098954	0.916863624781091	1.0
8	c4.xlarge	32	56000	huge	5	20	100000000	20000000	5	10	1708	0.981580131098954	0.916863624781091	1.0
8	c4.xlarge	32	56000	huge	5	20	100000000	20000000	5	10	1615	0.981580131098954	0.916863624781091	1.0
8	c4.xlarge	32	56000	huge	5	20	100000000	20000000	5	10	1741	0.981580131098954	0.916863624781091	1.0
8	c4.xlarge	32	56000	huge	5	20	100000000	20000000	5	10	1711	0.981580131098954	0.916863624781091	1.0
8	m4.2xlarge	64	256000	bigdata	5	20	1200000000	40000000	10	10	1317	0.73813508679461	0.917837907061713	0.817114731721182
8	m4.2xlarge	64	256000	bigdata	5	20	1200000000	40000000	10	10	1324	0.73813508679461	0.917837907061713	0.817114731721182
8	m4.2xlarge	64	256000	bigdata	5	20	1200000000	40000000	10	10	1277	0.73813508679461	0.917837907061713	0.817114731721182
8	m4.2xlarge	64	256000	bigdata	5	20	1200000000	40000000	10	10	1076	0.73813508679461	0.917837907061713	0.817114731721182
8	m4.2xlarge	64	256000	bigdata	5	20	1200000000	40000000	10	10	1261	0.73813508679461	0.917837907061713	0.817114731721182
8	m4.2xlarge	64	256000	huge	5	20	100000000	20000000	5	10	195	0.73813508679461	0.917837907061713	0.817114731721182
8	m4.2xlarge	64	256000	huge	5	20	100000000	20000000	5	10	207	0.73813508679461	0.917837907061713	0.817114731721182
8	m4.2xlarge	64	256000	huge	5	20	100000000	20000000	5	10	195	0.73813508679461	0.917837907061713	0.817114731721182
8	m4.2xlarge	64	256000	huge	5	20	100000000	20000000	5	10	187	0.73813508679461	0.917837907061713	0.817114731721182
8	m4.2xlarge	64	256000	huge	5	20	100000000	20000000	5	10	197	0.73813508679461	0.917837907061713	0.817114731721182
8	m4.large	16	64000	bigdata	5	20	1200000000	40000000	10	10	5309	0.719976297083032	0.963352406209638	0.757775976316556
8	m4.large	16	64000	bigdata	5	20	1200000000	40000000	10	10	4773	0.719976297083032	0.963352406209638	0.757775976316556
8	m4.large	16	64000	bigdata	5	20	1200000000	40000000	10	10	5365	0.719976297083032	0.963352406209638	0.757775976316556
8	m4.large	16	64000	bigdata	5	20	1200000000	40000000	10	10	4955	0.719976297083032	0.963352406209638	0.757775976316556
8	m4.large	16	64000	bigdata	5	20	1200000000	40000000	10	10	5068	0.719976297083032	0.963352406209638	0.757775976316556
8	m4.large	16	64000	huge	5	20	100000000	20000000	5	10	2391	0.719976297083032	0.963352406209638	0.757775976316556
8	m4.large	16	64000	huge	5	20	100000000	20000000	5	10	2746	0.719976297083032	0.963352406209638	0.757775976316556
8	m4.large	16	64000	huge	5	20	100000000	20000000	5	10	2187	0.719976297083032	0.963352406209638	0.757775976316556
8	m4.large	16	64000	huge	5	20	100000000	20000000	5	10	2130	0.719976297083032	0.963352406209638	0.757775976316556
8	m4.large	16	64000	huge	5	20	100000000	20000000	5	10	2931	0.719976297083032	0.963352406209638	0.757775976316556
8	m4.xlarge	32	128000	bigdata	5	20	1200000000	40000000	10	10	2129	0.724716697086843	0.939577226630061	0.806717869741047
8	m4.xlarge	32	128000	bigdata	5	20	1200000000	40000000	10	10	2592	0.724716697086843	0.939577226630061	0.806717869741047
8	m4.xlarge	32	128000	bigdata	5	20	1200000000	40000000	10	10	2541	0.724716697086843	0.939577226630061	0.806717869741047
8	m4.xlarge	32	128000	bigdata	5	20	1200000000	40000000	10	10	2432	0.724716697086843	0.939577226630061	0.806717869741047
8	m4.xlarge	32	128000	bigdata	5	20	1200000000	40000000	10	10	2239	0.724716697086843	0.939577226630061	0.806717869741047
8	m4.xlarge	32	128000	huge	5	20	100000000	20000000	5	10	1114	0.724716697086843	0.939577226630061	0.806717869741047
8	m4.xlarge	32	128000	huge	5	20	100000000	20000000	5	10	1280	0.724716697086843	0.939577226630061	0.806717869741047
8	m4.xlarge	32	128000	huge	5	20	100000000	20000000	5	10	1058	0.724716697086843	0.939577226630061	0.806717869741047
8	m4.xlarge	32	128000	huge	5	20	100000000	20000000	5	10	1233	0.724716697086843	0.939577226630061	0.806717869741047
8	m4.xlarge	32	128000	huge	5	20	100000000	20000000	5	10	1131	0.724716697086843	0.939577226630061	0.806717869741047
8	r4.2xlarge	64	488000	bigdata	5	20	1200000000	40000000	10	10	280	0.621439738915361	0.699904926309755	0.683905823195575
8	r4.2xlarge	64	488000	bigdata	5	20	1200000000	40000000	10	10	322	0.621439738915361	0.699904926309755	0.683905823195575
8	r4.2xlarge	64	488000	bigdata	5	20	1200000000	40000000	10	10	379	0.621439738915361	0.699904926309755	0.683905823195575
8	r4.2xlarge	64	488000	bigdata	5	20	1200000000	40000000	10	10	297	0.621439738915361	0.699904926309755	0.683905823195575
8	r4.2xlarge	64	488000	bigdata	5	20	1200000000	40000000	10	10	333	0.621439738915361	0.699904926309755	0.683905823195575
8	r4.2xlarge	64	488000	huge	5	20	100000000	20000000	5	10	181	0.621439738915361	0.699904926309755	0.683905823195575
8	r4.2xlarge	64	488000	huge	5	20	100000000	20000000	5	10	164	0.621439738915361	0.699904926309755	0.683905823195575
8	r4.2xlarge	64	488000	huge	5	20	100000000	20000000	5	10	219	0.621439738915361	0.699904926309755	0.683905823195575
8	r4.2xlarge	64	488000	huge	5	20	100000000	20000000	5	10	200	0.621439738915361	0.699904926309755	0.683905823195575
8	r4.2xlarge	64	488000	huge	5	20	100000000	20000000	5	10	205	0.621439738915361	0.699904926309755	0.683905823195575
8	r4.large	16	120000	bigdata	5	20	1200000000	40000000	10	10	5808	0.626835516578723	1.0	0.670704216951795
8	r4.large	16	120000	bigdata	5	20	1200000000	40000000	10	10	5120	0.626835516578723	1.0	0.670704216951795
8	r4.large	16	120000	bigdata	5	20	1200000000	40000000	10	10	4356	0.626835516578723	1.0	0.670704216951795
8	r4.large	16	120000	bigdata	5	20	1200000000	40000000	10	10	5021	0.626835516578723	1.0	0.670704216951795
8	r4.large	16	120000	bigdata	5	20	1200000000	40000000	10	10	5154	0.626835516578723	1.0	0.670704216951795
8	r4.large	16	120000	huge	5	20	100000000	20000000	5	10	2375	0.626835516578723	1.0	0.670704216951795
8	r4.large	16	120000	huge	5	20	100000000	20000000	5	10	2868	0.626835516578723	1.0	0.670704216951795
8	r4.large	16	120000	huge	5	20	100000000	20000000	5	10	2516	0.626835516578723	1.0	0.670704216951795
8	r4.large	16	120000	huge	5	20	100000000	20000000	5	10	2443	0.626835516578723	1.0	0.670704216951795
8	r4.large	16	120000	huge	5	20	100000000	20000000	5	10	2248	0.626835516578723	1.0	0.670704216951795
8	r4.xlarge	32	240000	bigdata	5	20	1200000000	40000000	10	10	2351	0.621758403741034	0.91340066266808	0.680859830691666
8	r4.xlarge	32	240000	bigdata	5	20	1200000000	40000000	10	10	2782	0.621758403741034	0.91340066266808	0.680859830691666
8	r4.xlarge	32	240000	bigdata	5	20	1200000000	40000000	10	10	2348	0.621758403741034	0.91340066266808	0.680859830691666
8	r4.xlarge	32	240000	bigdata	5	20	1200000000	40000000	10	10	2252	0.621758403741034	0.91340066266808	0.680859830691666
8	r4.xlarge	32	240000	bigdata	5	20	1200000000	40000000	10	10	2140	0.621758403741034	0.91340066266808	0.680859830691666
8	r4.xlarge	32	240000	huge	5	20	100000000	20000000	5	10	285	0.621758403741034	0.91340066266808	0.680859830691666
8	r4.xlarge	32	240000	huge	5	20	100000000	20000000	5	10	276	0.621758403741034	0.91340066266808	0.680859830691666
8	r4.xlarge	32	240000	huge	5	20	100000000	20000000	5	10	319	0.621758403741034	0.91340066266808	0.680859830691666
8	r4.xlarge	32	240000	huge	5	20	100000000	20000000	5	10	306	0.621758403741034	0.91340066266808	0.680859830691666
8	r4.xlarge	32	240000	huge	5	20	100000000	20000000	5	10	322	0.621758403741034	0.91340066266808	0.680859830691666
10	c4.2xlarge	80	150000	bigdata	5	20	1200000000	40000000	10	10	1860	1.0	0.975170773880192	0.995589462652916
10	c4.2xlarge	80	150000	bigdata	5	20	1200000000	40000000	10	10	1776	1.0	0.975170773880192	0.995589462652916
10	c4.2xlarge	80	150000	bigdata	5	20	1200000000	40000000	10	10	1782	1.0	0.975170773880192	0.995589462652916
10	c4.2xlarge	80	150000	bigdata	5	20	1200000000	40000000	10	10	1723	1.0	0.975170773880192	0.995589462652916
10	c4.2xlarge	80	150000	bigdata	5	20	1200000000	40000000	10	10	2027	1.0	0.975170773880192	0.995589462652916
10	c4.2xlarge	80	150000	huge	5	20	100000000	20000000	5	10	859	1.0	0.975170773880192	0.995589462652916
10	c4.2xlarge	80	150000	huge	5	20	100000000	20000000	5	10	754	1.0	0.975170773880192	0.995589462652916
10	c4.2xlarge	80	150000	huge	5	20	100000000	20000000	5	10	740	1.0	0.975170773880192	0.995589462652916
10	c4.2xlarge	80	150000	huge	5	20	100000000	20000000	5	10	991	1.0	0.975170773880192	0.995589462652916
10	c4.2xlarge	80	150000	huge	5	20	100000000	20000000	5	10	729	1.0	0.975170773880192	0.995589462652916
10	c4.large	20	30000	bigdata	5	20	1200000000	40000000	10	10	5326	0.958215477247805	0.963738302503114	0.959066866763844
10	c4.large	20	30000	bigdata	5	20	1200000000	40000000	10	10	6474	0.958215477247805	0.963738302503114	0.959066866763844
10	c4.large	20	30000	bigdata	5	20	1200000000	40000000	10	10	6302	0.958215477247805	0.963738302503114	0.959066866763844
10	c4.large	20	30000	bigdata	5	20	1200000000	40000000	10	10	5151	0.958215477247805	0.963738302503114	0.959066866763844
10	c4.large	20	30000	bigdata	5	20	1200000000	40000000	10	10	5062	0.958215477247805	0.963738302503114	0.959066866763844
10	c4.large	20	30000	huge	5	20	100000000	20000000	5	10	2647	0.958215477247805	0.963738302503114	0.959066866763844
10	c4.large	20	30000	huge	5	20	100000000	20000000	5	10	2705	0.958215477247805	0.963738302503114	0.959066866763844
10	c4.large	20	30000	huge	5	20	100000000	20000000	5	10	2781	0.958215477247805	0.963738302503114	0.959066866763844
10	c4.large	20	30000	huge	5	20	100000000	20000000	5	10	3002	0.958215477247805	0.963738302503114	0.959066866763844
10	c4.large	20	30000	huge	5	20	100000000	20000000	5	10	3265	0.958215477247805	0.963738302503114	0.959066866763844
10	c4.xlarge	40	70000	bigdata	5	20	1200000000	40000000	10	10	3107	0.981580131098954	0.916863624781091	1.0
10	c4.xlarge	40	70000	bigdata	5	20	1200000000	40000000	10	10	2860	0.981580131098954	0.916863624781091	1.0
10	c4.xlarge	40	70000	bigdata	5	20	1200000000	40000000	10	10	3002	0.981580131098954	0.916863624781091	1.0
10	c4.xlarge	40	70000	bigdata	5	20	1200000000	40000000	10	10	2904	0.981580131098954	0.916863624781091	1.0
10	c4.xlarge	40	70000	bigdata	5	20	1200000000	40000000	10	10	2865	0.981580131098954	0.916863624781091	1.0
10	c4.xlarge	40	70000	huge	5	20	100000000	20000000	5	10	1381	0.981580131098954	0.916863624781091	1.0
10	c4.xlarge	40	70000	huge	5	20	100000000	20000000	5	10	1438	0.981580131098954	0.916863624781091	1.0
10	c4.xlarge	40	70000	huge	5	20	100000000	20000000	5	10	1445	0.981580131098954	0.916863624781091	1.0
10	c4.xlarge	40	70000	huge	5	20	100000000	20000000	5	10	1354	0.981580131098954	0.916863624781091	1.0
10	c4.xlarge	40	70000	huge	5	20	100000000	20000000	5	10	1526	0.981580131098954	0.916863624781091	1.0
10	m4.2xlarge	80	320000	bigdata	5	20	1200000000	40000000	10	10	1103	0.73813508679461	0.917837907061713	0.817114731721182
10	m4.2xlarge	80	320000	bigdata	5	20	1200000000	40000000	10	10	1085	0.73813508679461	0.917837907061713	0.817114731721182
10	m4.2xlarge	80	320000	bigdata	5	20	1200000000	40000000	10	10	922	0.73813508679461	0.917837907061713	0.817114731721182
10	m4.2xlarge	80	320000	bigdata	5	20	1200000000	40000000	10	10	869	0.73813508679461	0.917837907061713	0.817114731721182
10	m4.2xlarge	80	320000	bigdata	5	20	1200000000	40000000	10	10	1155	0.73813508679461	0.917837907061713	0.817114731721182
10	m4.2xlarge	80	320000	huge	5	20	100000000	20000000	5	10	150	0.73813508679461	0.917837907061713	0.817114731721182
10	m4.2xlarge	80	320000	huge	5	20	100000000	20000000	5	10	173	0.73813508679461	0.917837907061713	0.817114731721182
10	m4.2xlarge	80	320000	huge	5	20	100000000	20000000	5	10	153	0.73813508679461	0.917837907061713	0.817114731721182
10	m4.2xlarge	80	320000	huge	5	20	100000000	20000000	5	10	153	0.73813508679461	0.917837907061713	0.817114731721182
10	m4.2xlarge	80	320000	huge	5	20	100000000	20000000	5	10	176	0.73813508679461	0.917837907061713	0.817114731721182
10	m4.large	20	80000	bigdata	5	20	1200000000	40000000	10	10	7114	0.719976297083032	0.963352406209638	0.757775976316556
10	m4.large	20	80000	bigdata	5	20	1200000000	40000000	10	10	7633	0.719976297083032	0.963352406209638	0.757775976316556
10	m4.large	20	80000	bigdata	5	20	1200000000	40000000	10	10	6540	0.719976297083032	0.963352406209638	0.757775976316556
10	m4.large	20	80000	bigdata	5	20	1200000000	40000000	10	10	6765	0.719976297083032	0.963352406209638	0.757775976316556
10	m4.large	20	80000	bigdata	5	20	1200000000	40000000	10	10	7662	0.719976297083032	0.963352406209638	0.757775976316556
10	m4.large	20	80000	huge	5	20	100000000	20000000	5	10	2107	0.719976297083032	0.963352406209638	0.757775976316556
10	m4.large	20	80000	huge	5	20	100000000	20000000	5	10	2517	0.719976297083032	0.963352406209638	0.757775976316556
10	m4.large	20	80000	huge	5	20	100000000	20000000	5	10	2155	0.719976297083032	0.963352406209638	0.757775976316556
10	m4.large	20	80000	huge	5	20	100000000	20000000	5	10	2112	0.719976297083032	0.963352406209638	0.757775976316556
10	m4.large	20	80000	huge	5	20	100000000	20000000	5	10	2289	0.719976297083032	0.963352406209638	0.757775976316556
10	m4.xlarge	40	160000	bigdata	5	20	1200000000	40000000	10	10	1950	0.724716697086843	0.939577226630061	0.806717869741047
10	m4.xlarge	40	160000	bigdata	5	20	1200000000	40000000	10	10	1687	0.724716697086843	0.939577226630061	0.806717869741047
10	m4.xlarge	40	160000	bigdata	5	20	1200000000	40000000	10	10	1759	0.724716697086843	0.939577226630061	0.806717869741047
10	m4.xlarge	40	160000	bigdata	5	20	1200000000	40000000	10	10	2177	0.724716697086843	0.939577226630061	0.806717869741047
10	m4.xlarge	40	160000	bigdata	5	20	1200000000	40000000	10	10	1745	0.724716697086843	0.939577226630061	0.806717869741047
10	m4.xlarge	40	160000	huge	5	20	100000000	20000000	5	10	1081	0.724716697086843	0.939577226630061	0.806717869741047
10	m4.xlarge	40	160000	huge	5	20	100000000	20000000	5	10	879	0.724716697086843	0.939577226630061	0.806717869741047
10	m4.xlarge	40	160000	huge	5	20	100000000	20000000	5	10	1054	0.724716697086843	0.939577226630061	0.806717869741047
10	m4.xlarge	40	160000	huge	5	20	100000000	20000000	5	10	953	0.724716697086843	0.939577226630061	0.806717869741047
10	m4.xlarge	40	160000	huge	5	20	100000000	20000000	5	10	993	0.724716697086843	0.939577226630061	0.806717869741047
10	r4.2xlarge	80	610000	bigdata	5	20	1200000000	40000000	10	10	279	0.621439738915361	0.699904926309755	0.683905823195575
10	r4.2xlarge	80	610000	bigdata	5	20	1200000000	40000000	10	10	326	0.621439738915361	0.699904926309755	0.683905823195575
10	r4.2xlarge	80	610000	bigdata	5	20	1200000000	40000000	10	10	278	0.621439738915361	0.699904926309755	0.683905823195575
10	r4.2xlarge	80	610000	bigdata	5	20	1200000000	40000000	10	10	279	0.621439738915361	0.699904926309755	0.683905823195575
10	r4.2xlarge	80	610000	bigdata	5	20	1200000000	40000000	10	10	346	0.621439738915361	0.699904926309755	0.683905823195575
10	r4.2xlarge	80	610000	huge	5	20	100000000	20000000	5	10	167	0.621439738915361	0.699904926309755	0.683905823195575
10	r4.2xlarge	80	610000	huge	5	20	100000000	20000000	5	10	172	0.621439738915361	0.699904926309755	0.683905823195575
10	r4.2xlarge	80	610000	huge	5	20	100000000	20000000	5	10	202	0.621439738915361	0.699904926309755	0.683905823195575
10	r4.2xlarge	80	610000	huge	5	20	100000000	20000000	5	10	172	0.621439738915361	0.699904926309755	0.683905823195575
10	r4.2xlarge	80	610000	huge	5	20	100000000	20000000	5	10	158	0.621439738915361	0.699904926309755	0.683905823195575
10	r4.large	20	150000	bigdata	5	20	1200000000	40000000	10	10	6809	0.626835516578723	1.0	0.670704216951795
10	r4.large	20	150000	bigdata	5	20	1200000000	40000000	10	10	6608	0.626835516578723	1.0	0.670704216951795
10	r4.large	20	150000	bigdata	5	20	1200000000	40000000	10	10	7193	0.626835516578723	1.0	0.670704216951795
10	r4.large	20	150000	bigdata	5	20	1200000000	40000000	10	10	7513	0.626835516578723	1.0	0.670704216951795
10	r4.large	20	150000	bigdata	5	20	1200000000	40000000	10	10	6448	0.626835516578723	1.0	0.670704216951795
10	r4.large	20	150000	huge	5	20	100000000	20000000	5	10	1882	0.626835516578723	1.0	0.670704216951795
10	r4.large	20	150000	huge	5	20	100000000	20000000	5	10	1958	0.626835516578723	1.0	0.670704216951795
10	r4.large	20	150000	huge	5	20	100000000	20000000	5	10	2475	0.626835516578723	1.0	0.670704216951795
10	r4.large	20	150000	huge	5	20	100000000	20000000	5	10	2203	0.626835516578723	1.0	0.670704216951795
10	r4.large	20	150000	huge	5	20	100000000	20000000	5	10	1831	0.626835516578723	1.0	0.670704216951795
10	r4.xlarge	40	300000	bigdata	5	20	1200000000	40000000	10	10	1672	0.621758403741034	0.91340066266808	0.680859830691666
10	r4.xlarge	40	300000	bigdata	5	20	1200000000	40000000	10	10	1652	0.621758403741034	0.91340066266808	0.680859830691666
10	r4.xlarge	40	300000	bigdata	5	20	1200000000	40000000	10	10	1738	0.621758403741034	0.91340066266808	0.680859830691666
10	r4.xlarge	40	300000	bigdata	5	20	1200000000	40000000	10	10	1776	0.621758403741034	0.91340066266808	0.680859830691666
10	r4.xlarge	40	300000	bigdata	5	20	1200000000	40000000	10	10	1617	0.621758403741034	0.91340066266808	0.680859830691666
10	r4.xlarge	40	300000	huge	5	20	100000000	20000000	5	10	245	0.621758403741034	0.91340066266808	0.680859830691666
10	r4.xlarge	40	300000	huge	5	20	100000000	20000000	5	10	293	0.621758403741034	0.91340066266808	0.680859830691666
10	r4.xlarge	40	300000	huge	5	20	100000000	20000000	5	10	271	0.621758403741034	0.91340066266808	0.680859830691666
10	r4.xlarge	40	300000	huge	5	20	100000000	20000000	5	10	287	0.621758403741034	0.91340066266808	0.680859830691666
10	r4.xlarge	40	300000	huge	5	20	100000000	20000000	5	10	232	0.621758403741034	0.91340066266808	0.680859830691666
12	c4.2xlarge	96	180000	bigdata	5	20	1200000000	40000000	10	10	1055	1.0	0.975170773880192	0.995589462652916
12	c4.2xlarge	96	180000	bigdata	5	20	1200000000	40000000	10	10	992	1.0	0.975170773880192	0.995589462652916
12	c4.2xlarge	96	180000	bigdata	5	20	1200000000	40000000	10	10	1299	1.0	0.975170773880192	0.995589462652916
12	c4.2xlarge	96	180000	bigdata	5	20	1200000000	40000000	10	10	1252	1.0	0.975170773880192	0.995589462652916
12	c4.2xlarge	96	180000	bigdata	5	20	1200000000	40000000	10	10	1381	1.0	0.975170773880192	0.995589462652916
12	c4.2xlarge	96	180000	huge	5	20	100000000	20000000	5	10	716	1.0	0.975170773880192	0.995589462652916
12	c4.2xlarge	96	180000	huge	5	20	100000000	20000000	5	10	630	1.0	0.975170773880192	0.995589462652916
12	c4.2xlarge	96	180000	huge	5	20	100000000	20000000	5	10	716	1.0	0.975170773880192	0.995589462652916
12	c4.2xlarge	96	180000	huge	5	20	100000000	20000000	5	10	672	1.0	0.975170773880192	0.995589462652916
12	c4.2xlarge	96	180000	huge	5	20	100000000	20000000	5	10	693	1.0	0.975170773880192	0.995589462652916
12	c4.large	24	36000	bigdata	5	20	1200000000	40000000	10	10	4065	0.958215477247805	0.963738302503114	0.959066866763844
12	c4.large	24	36000	bigdata	5	20	1200000000	40000000	10	10	4155	0.958215477247805	0.963738302503114	0.959066866763844
12	c4.large	24	36000	bigdata	5	20	1200000000	40000000	10	10	3989	0.958215477247805	0.963738302503114	0.959066866763844
12	c4.large	24	36000	bigdata	5	20	1200000000	40000000	10	10	4885	0.958215477247805	0.963738302503114	0.959066866763844
12	c4.large	24	36000	bigdata	5	20	1200000000	40000000	10	10	3686	0.958215477247805	0.963738302503114	0.959066866763844
12	c4.large	24	36000	huge	5	20	100000000	20000000	5	10	2670	0.958215477247805	0.963738302503114	0.959066866763844
12	c4.large	24	36000	huge	5	20	100000000	20000000	5	10	2245	0.958215477247805	0.963738302503114	0.959066866763844
12	c4.large	24	36000	huge	5	20	100000000	20000000	5	10	2082	0.958215477247805	0.963738302503114	0.959066866763844
12	c4.large	24	36000	huge	5	20	100000000	20000000	5	10	2020	0.958215477247805	0.963738302503114	0.959066866763844
12	c4.large	24	36000	huge	5	20	100000000	20000000	5	10	2623	0.958215477247805	0.963738302503114	0.959066866763844
12	c4.xlarge	48	84000	bigdata	5	20	1200000000	40000000	10	10	2733	0.981580131098954	0.916863624781091	1.0
12	c4.xlarge	48	84000	bigdata	5	20	1200000000	40000000	10	10	2388	0.981580131098954	0.916863624781091	1.0
12	c4.xlarge	48	84000	bigdata	5	20	1200000000	40000000	10	10	2767	0.981580131098954	0.916863624781091	1.0
12	c4.xlarge	48	84000	bigdata	5	20	1200000000	40000000	10	10	2203	0.981580131098954	0.916863624781091	1.0
12	c4.xlarge	48	84000	bigdata	5	20	1200000000	40000000	10	10	2752	0.981580131098954	0.916863624781091	1.0
12	c4.xlarge	48	84000	huge	5	20	100000000	20000000	5	10	1183	0.981580131098954	0.916863624781091	1.0
12	c4.xlarge	48	84000	huge	5	20	100000000	20000000	5	10	1212	0.981580131098954	0.916863624781091	1.0
12	c4.xlarge	48	84000	huge	5	20	100000000	20000000	5	10	1110	0.981580131098954	0.916863624781091	1.0
12	c4.xlarge	48	84000	huge	5	20	100000000	20000000	5	10	1324	0.981580131098954	0.916863624781091	1.0
12	c4.xlarge	48	84000	huge	5	20	100000000	20000000	5	10	1080	0.981580131098954	0.916863624781091	1.0
12	m4.2xlarge	96	384000	bigdata	5	20	1200000000	40000000	10	10	838	0.73813508679461	0.917837907061713	0.817114731721182
12	m4.2xlarge	96	384000	bigdata	5	20	1200000000	40000000	10	10	1025	0.73813508679461	0.917837907061713	0.817114731721182
12	m4.2xlarge	96	384000	bigdata	5	20	1200000000	40000000	10	10	764	0.73813508679461	0.917837907061713	0.817114731721182
12	m4.2xlarge	96	384000	bigdata	5	20	1200000000	40000000	10	10	913	0.73813508679461	0.917837907061713	0.817114731721182
12	m4.2xlarge	96	384000	bigdata	5	20	1200000000	40000000	10	10	817	0.73813508679461	0.917837907061713	0.817114731721182
12	m4.2xlarge	96	384000	huge	5	20	100000000	20000000	5	10	136	0.73813508679461	0.917837907061713	0.817114731721182
12	m4.2xlarge	96	384000	huge	5	20	100000000	20000000	5	10	169	0.73813508679461	0.917837907061713	0.817114731721182
12	m4.2xlarge	96	384000	huge	5	20	100000000	20000000	5	10	155	0.73813508679461	0.917837907061713	0.817114731721182
12	m4.2xlarge	96	384000	huge	5	20	100000000	20000000	5	10	155	0.73813508679461	0.917837907061713	0.817114731721182
12	m4.2xlarge	96	384000	huge	5	20	100000000	20000000	5	10	166	0.73813508679461	0.917837907061713	0.817114731721182
12	m4.large	24	96000	bigdata	5	20	1200000000	40000000	10	10	3863	0.719976297083032	0.963352406209638	0.757775976316556
12	m4.large	24	96000	bigdata	5	20	1200000000	40000000	10	10	3453	0.719976297083032	0.963352406209638	0.757775976316556
12	m4.large	24	96000	bigdata	5	20	1200000000	40000000	10	10	3966	0.719976297083032	0.963352406209638	0.757775976316556
12	m4.large	24	96000	bigdata	5	20	1200000000	40000000	10	10	3588	0.719976297083032	0.963352406209638	0.757775976316556
12	m4.large	24	96000	bigdata	5	20	1200000000	40000000	10	10	3724	0.719976297083032	0.963352406209638	0.757775976316556
12	m4.large	24	96000	huge	5	20	100000000	20000000	5	10	1715	0.719976297083032	0.963352406209638	0.757775976316556
12	m4.large	24	96000	huge	5	20	100000000	20000000	5	10	1903	0.719976297083032	0.963352406209638	0.757775976316556
12	m4.large	24	96000	huge	5	20	100000000	20000000	5	10	1412	0.719976297083032	0.963352406209638	0.757775976316556
12	m4.large	24	96000	huge	5	20	100000000	20000000	5	10	1726	0.719976297083032	0.963352406209638	0.757775976316556
12	m4.large	24	96000	huge	5	20	100000000	20000000	5	10	1833	0.719976297083032	0.963352406209638	0.757775976316556
12	m4.xlarge	48	192000	bigdata	5	20	1200000000	40000000	10	10	1754	0.724716697086843	0.939577226630061	0.806717869741047
12	m4.xlarge	48	192000	bigdata	5	20	1200000000	40000000	10	10	1609	0.724716697086843	0.939577226630061	0.806717869741047
12	m4.xlarge	48	192000	bigdata	5	20	1200000000	40000000	10	10	1552	0.724716697086843	0.939577226630061	0.806717869741047
12	m4.xlarge	48	192000	bigdata	5	20	1200000000	40000000	10	10	1712	0.724716697086843	0.939577226630061	0.806717869741047
12	m4.xlarge	48	192000	bigdata	5	20	1200000000	40000000	10	10	1693	0.724716697086843	0.939577226630061	0.806717869741047
12	m4.xlarge	48	192000	huge	5	20	100000000	20000000	5	10	868	0.724716697086843	0.939577226630061	0.806717869741047
12	m4.xlarge	48	192000	huge	5	20	100000000	20000000	5	10	721	0.724716697086843	0.939577226630061	0.806717869741047
12	m4.xlarge	48	192000	huge	5	20	100000000	20000000	5	10	893	0.724716697086843	0.939577226630061	0.806717869741047
12	m4.xlarge	48	192000	huge	5	20	100000000	20000000	5	10	765	0.724716697086843	0.939577226630061	0.806717869741047
12	m4.xlarge	48	192000	huge	5	20	100000000	20000000	5	10	829	0.724716697086843	0.939577226630061	0.806717869741047
12	r4.2xlarge	96	732000	bigdata	5	20	1200000000	40000000	10	10	258	0.621439738915361	0.699904926309755	0.683905823195575
12	r4.2xlarge	96	732000	bigdata	5	20	1200000000	40000000	10	10	237	0.621439738915361	0.699904926309755	0.683905823195575
12	r4.2xlarge	96	732000	bigdata	5	20	1200000000	40000000	10	10	287	0.621439738915361	0.699904926309755	0.683905823195575
12	r4.2xlarge	96	732000	bigdata	5	20	1200000000	40000000	10	10	277	0.621439738915361	0.699904926309755	0.683905823195575
12	r4.2xlarge	96	732000	bigdata	5	20	1200000000	40000000	10	10	238	0.621439738915361	0.699904926309755	0.683905823195575
12	r4.2xlarge	96	732000	huge	5	20	100000000	20000000	5	10	136	0.621439738915361	0.699904926309755	0.683905823195575
12	r4.2xlarge	96	732000	huge	5	20	100000000	20000000	5	10	177	0.621439738915361	0.699904926309755	0.683905823195575
12	r4.2xlarge	96	732000	huge	5	20	100000000	20000000	5	10	145	0.621439738915361	0.699904926309755	0.683905823195575
12	r4.2xlarge	96	732000	huge	5	20	100000000	20000000	5	10	151	0.621439738915361	0.699904926309755	0.683905823195575
12	r4.2xlarge	96	732000	huge	5	20	100000000	20000000	5	10	153	0.621439738915361	0.699904926309755	0.683905823195575
12	r4.large	24	180000	bigdata	5	20	1200000000	40000000	10	10	2904	0.626835516578723	1.0	0.670704216951795
12	r4.large	24	180000	bigdata	5	20	1200000000	40000000	10	10	3308	0.626835516578723	1.0	0.670704216951795
12	r4.large	24	180000	bigdata	5	20	1200000000	40000000	10	10	2680	0.626835516578723	1.0	0.670704216951795
12	r4.large	24	180000	bigdata	5	20	1200000000	40000000	10	10	2780	0.626835516578723	1.0	0.670704216951795
12	r4.large	24	180000	bigdata	5	20	1200000000	40000000	10	10	3157	0.626835516578723	1.0	0.670704216951795
12	r4.large	24	180000	huge	5	20	100000000	20000000	5	10	1402	0.626835516578723	1.0	0.670704216951795
12	r4.large	24	180000	huge	5	20	100000000	20000000	5	10	1521	0.626835516578723	1.0	0.670704216951795
12	r4.large	24	180000	huge	5	20	100000000	20000000	5	10	1487	0.626835516578723	1.0	0.670704216951795
12	r4.large	24	180000	huge	5	20	100000000	20000000	5	10	1553	0.626835516578723	1.0	0.670704216951795
12	r4.large	24	180000	huge	5	20	100000000	20000000	5	10	1670	0.626835516578723	1.0	0.670704216951795
12	r4.xlarge	48	360000	bigdata	5	20	1200000000	40000000	10	10	1589	0.621758403741034	0.91340066266808	0.680859830691666
12	r4.xlarge	48	360000	bigdata	5	20	1200000000	40000000	10	10	1677	0.621758403741034	0.91340066266808	0.680859830691666
12	r4.xlarge	48	360000	bigdata	5	20	1200000000	40000000	10	10	1662	0.621758403741034	0.91340066266808	0.680859830691666
12	r4.xlarge	48	360000	bigdata	5	20	1200000000	40000000	10	10	1598	0.621758403741034	0.91340066266808	0.680859830691666
12	r4.xlarge	48	360000	bigdata	5	20	1200000000	40000000	10	10	1490	0.621758403741034	0.91340066266808	0.680859830691666
12	r4.xlarge	48	360000	huge	5	20	100000000	20000000	5	10	229	0.621758403741034	0.91340066266808	0.680859830691666
12	r4.xlarge	48	360000	huge	5	20	100000000	20000000	5	10	265	0.621758403741034	0.91340066266808	0.680859830691666
12	r4.xlarge	48	360000	huge	5	20	100000000	20000000	5	10	228	0.621758403741034	0.91340066266808	0.680859830691666
12	r4.xlarge	48	360000	huge	5	20	100000000	20000000	5	10	227	0.621758403741034	0.91340066266808	0.680859830691666
12	r4.xlarge	48	360000	huge	5	20	100000000	20000000	5	10	215	0.621758403741034	0.91340066266808	0.680859830691666
16	c4.large	32	48000	bigdata	5	20	1200000000	40000000	10	10	3569	0.958215477247805	0.963738302503114	0.959066866763844
16	c4.large	32	48000	bigdata	5	20	1200000000	40000000	10	10	3234	0.958215477247805	0.963738302503114	0.959066866763844
16	c4.large	32	48000	bigdata	5	20	1200000000	40000000	10	10	3015	0.958215477247805	0.963738302503114	0.959066866763844
16	c4.large	32	48000	bigdata	5	20	1200000000	40000000	10	10	3321	0.958215477247805	0.963738302503114	0.959066866763844
16	c4.large	32	48000	bigdata	5	20	1200000000	40000000	10	10	2859	0.958215477247805	0.963738302503114	0.959066866763844
16	c4.large	32	48000	huge	5	20	100000000	20000000	5	10	2021	0.958215477247805	0.963738302503114	0.959066866763844
16	c4.large	32	48000	huge	5	20	100000000	20000000	5	10	1697	0.958215477247805	0.963738302503114	0.959066866763844
16	c4.large	32	48000	huge	5	20	100000000	20000000	5	10	1533	0.958215477247805	0.963738302503114	0.959066866763844
16	c4.large	32	48000	huge	5	20	100000000	20000000	5	10	1519	0.958215477247805	0.963738302503114	0.959066866763844
16	c4.large	32	48000	huge	5	20	100000000	20000000	5	10	1467	0.958215477247805	0.963738302503114	0.959066866763844
16	c4.xlarge	64	112000	bigdata	5	20	1200000000	40000000	10	10	1822	0.981580131098954	0.916863624781091	1.0
16	c4.xlarge	64	112000	bigdata	5	20	1200000000	40000000	10	10	1573	0.981580131098954	0.916863624781091	1.0
16	c4.xlarge	64	112000	bigdata	5	20	1200000000	40000000	10	10	1717	0.981580131098954	0.916863624781091	1.0
16	c4.xlarge	64	112000	bigdata	5	20	1200000000	40000000	10	10	1725	0.981580131098954	0.916863624781091	1.0
16	c4.xlarge	64	112000	bigdata	5	20	1200000000	40000000	10	10	2059	0.981580131098954	0.916863624781091	1.0
16	c4.xlarge	64	112000	huge	5	20	100000000	20000000	5	10	910	0.981580131098954	0.916863624781091	1.0
16	c4.xlarge	64	112000	huge	5	20	100000000	20000000	5	10	964	0.981580131098954	0.916863624781091	1.0
16	c4.xlarge	64	112000	huge	5	20	100000000	20000000	5	10	1102	0.981580131098954	0.916863624781091	1.0
16	c4.xlarge	64	112000	huge	5	20	100000000	20000000	5	10	935	0.981580131098954	0.916863624781091	1.0
16	c4.xlarge	64	112000	huge	5	20	100000000	20000000	5	10	1084	0.981580131098954	0.916863624781091	1.0
16	m4.large	32	128000	bigdata	5	20	1200000000	40000000	10	10	2100	0.719976297083032	0.963352406209638	0.757775976316556
16	m4.large	32	128000	bigdata	5	20	1200000000	40000000	10	10	2246	0.719976297083032	0.963352406209638	0.757775976316556
16	m4.large	32	128000	bigdata	5	20	1200000000	40000000	10	10	2371	0.719976297083032	0.963352406209638	0.757775976316556
16	m4.large	32	128000	bigdata	5	20	1200000000	40000000	10	10	2333	0.719976297083032	0.963352406209638	0.757775976316556
16	m4.large	32	128000	bigdata	5	20	1200000000	40000000	10	10	2438	0.719976297083032	0.963352406209638	0.757775976316556
16	m4.large	32	128000	huge	5	20	100000000	20000000	5	10	1136	0.719976297083032	0.963352406209638	0.757775976316556
16	m4.large	32	128000	huge	5	20	100000000	20000000	5	10	1346	0.719976297083032	0.963352406209638	0.757775976316556
16	m4.large	32	128000	huge	5	20	100000000	20000000	5	10	1229	0.719976297083032	0.963352406209638	0.757775976316556
16	m4.large	32	128000	huge	5	20	100000000	20000000	5	10	1309	0.719976297083032	0.963352406209638	0.757775976316556
16	m4.large	32	128000	huge	5	20	100000000	20000000	5	10	1355	0.719976297083032	0.963352406209638	0.757775976316556
16	m4.xlarge	64	256000	bigdata	5	20	1200000000	40000000	10	10	1144	0.724716697086843	0.939577226630061	0.806717869741047
16	m4.xlarge	64	256000	bigdata	5	20	1200000000	40000000	10	10	1264	0.724716697086843	0.939577226630061	0.806717869741047
16	m4.xlarge	64	256000	bigdata	5	20	1200000000	40000000	10	10	1204	0.724716697086843	0.939577226630061	0.806717869741047
16	m4.xlarge	64	256000	bigdata	5	20	1200000000	40000000	10	10	1265	0.724716697086843	0.939577226630061	0.806717869741047
16	m4.xlarge	64	256000	bigdata	5	20	1200000000	40000000	10	10	1156	0.724716697086843	0.939577226630061	0.806717869741047
16	m4.xlarge	64	256000	huge	5	20	100000000	20000000	5	10	205	0.724716697086843	0.939577226630061	0.806717869741047
16	m4.xlarge	64	256000	huge	5	20	100000000	20000000	5	10	263	0.724716697086843	0.939577226630061	0.806717869741047
16	m4.xlarge	64	256000	huge	5	20	100000000	20000000	5	10	187	0.724716697086843	0.939577226630061	0.806717869741047
16	m4.xlarge	64	256000	huge	5	20	100000000	20000000	5	10	214	0.724716697086843	0.939577226630061	0.806717869741047
16	m4.xlarge	64	256000	huge	5	20	100000000	20000000	5	10	207	0.724716697086843	0.939577226630061	0.806717869741047
16	r4.large	32	240000	bigdata	5	20	1200000000	40000000	10	10	2447	0.626835516578723	1.0	0.670704216951795
16	r4.large	32	240000	bigdata	5	20	1200000000	40000000	10	10	2193	0.626835516578723	1.0	0.670704216951795
16	r4.large	32	240000	bigdata	5	20	1200000000	40000000	10	10	2303	0.626835516578723	1.0	0.670704216951795
16	r4.large	32	240000	bigdata	5	20	1200000000	40000000	10	10	2390	0.626835516578723	1.0	0.670704216951795
16	r4.large	32	240000	bigdata	5	20	1200000000	40000000	10	10	2503	0.626835516578723	1.0	0.670704216951795
16	r4.large	32	240000	huge	5	20	100000000	20000000	5	10	378	0.626835516578723	1.0	0.670704216951795
16	r4.large	32	240000	huge	5	20	100000000	20000000	5	10	295	0.626835516578723	1.0	0.670704216951795
16	r4.large	32	240000	huge	5	20	100000000	20000000	5	10	307	0.626835516578723	1.0	0.670704216951795
16	r4.large	32	240000	huge	5	20	100000000	20000000	5	10	352	0.626835516578723	1.0	0.670704216951795
16	r4.large	32	240000	huge	5	20	100000000	20000000	5	10	353	0.626835516578723	1.0	0.670704216951795
16	r4.xlarge	64	480000	bigdata	5	20	1200000000	40000000	10	10	356	0.621758403741034	0.91340066266808	0.680859830691666
16	r4.xlarge	64	480000	bigdata	5	20	1200000000	40000000	10	10	370	0.621758403741034	0.91340066266808	0.680859830691666
16	r4.xlarge	64	480000	bigdata	5	20	1200000000	40000000	10	10	424	0.621758403741034	0.91340066266808	0.680859830691666
16	r4.xlarge	64	480000	bigdata	5	20	1200000000	40000000	10	10	352	0.621758403741034	0.91340066266808	0.680859830691666
16	r4.xlarge	64	480000	bigdata	5	20	1200000000	40000000	10	10	384	0.621758403741034	0.91340066266808	0.680859830691666
16	r4.xlarge	64	480000	huge	5	20	100000000	20000000	5	10	192	0.621758403741034	0.91340066266808	0.680859830691666
16	r4.xlarge	64	480000	huge	5	20	100000000	20000000	5	10	210	0.621758403741034	0.91340066266808	0.680859830691666
16	r4.xlarge	64	480000	huge	5	20	100000000	20000000	5	10	228	0.621758403741034	0.91340066266808	0.680859830691666
16	r4.xlarge	64	480000	huge	5	20	100000000	20000000	5	10	209	0.621758403741034	0.91340066266808	0.680859830691666
16	r4.xlarge	64	480000	huge	5	20	100000000	20000000	5	10	207	0.621758403741034	0.91340066266808	0.680859830691666
20	c4.xlarge	80	140000	bigdata	5	20	1200000000	40000000	10	10	1606	0.981580131098954	0.916863624781091	1.0
20	c4.xlarge	80	140000	bigdata	5	20	1200000000	40000000	10	10	1451	0.981580131098954	0.916863624781091	1.0
20	c4.xlarge	80	140000	bigdata	5	20	1200000000	40000000	10	10	1707	0.981580131098954	0.916863624781091	1.0
20	c4.xlarge	80	140000	bigdata	5	20	1200000000	40000000	10	10	1389	0.981580131098954	0.916863624781091	1.0
20	c4.xlarge	80	140000	bigdata	5	20	1200000000	40000000	10	10	1170	0.981580131098954	0.916863624781091	1.0
20	c4.xlarge	80	140000	huge	5	20	100000000	20000000	5	10	760	0.981580131098954	0.916863624781091	1.0
20	c4.xlarge	80	140000	huge	5	20	100000000	20000000	5	10	770	0.981580131098954	0.916863624781091	1.0
20	c4.xlarge	80	140000	huge	5	20	100000000	20000000	5	10	685	0.981580131098954	0.916863624781091	1.0
20	c4.xlarge	80	140000	huge	5	20	100000000	20000000	5	10	836	0.981580131098954	0.916863624781091	1.0
20	c4.xlarge	80	140000	huge	5	20	100000000	20000000	5	10	882	0.981580131098954	0.916863624781091	1.0
20	m4.xlarge	80	320000	bigdata	5	20	1200000000	40000000	10	10	1102	0.724716697086843	0.939577226630061	0.806717869741047
20	m4.xlarge	80	320000	bigdata	5	20	1200000000	40000000	10	10	1037	0.724716697086843	0.939577226630061	0.806717869741047
20	m4.xlarge	80	320000	bigdata	5	20	1200000000	40000000	10	10	999	0.724716697086843	0.939577226630061	0.806717869741047
20	m4.xlarge	80	320000	bigdata	5	20	1200000000	40000000	10	10	874	0.724716697086843	0.939577226630061	0.806717869741047
20	m4.xlarge	80	320000	bigdata	5	20	1200000000	40000000	10	10	926	0.724716697086843	0.939577226630061	0.806717869741047
20	m4.xlarge	80	320000	huge	5	20	100000000	20000000	5	10	194	0.724716697086843	0.939577226630061	0.806717869741047
20	m4.xlarge	80	320000	huge	5	20	100000000	20000000	5	10	189	0.724716697086843	0.939577226630061	0.806717869741047
20	m4.xlarge	80	320000	huge	5	20	100000000	20000000	5	10	179	0.724716697086843	0.939577226630061	0.806717869741047
20	m4.xlarge	80	320000	huge	5	20	100000000	20000000	5	10	172	0.724716697086843	0.939577226630061	0.806717869741047
20	m4.xlarge	80	320000	huge	5	20	100000000	20000000	5	10	151	0.724716697086843	0.939577226630061	0.806717869741047
20	r4.xlarge	80	600000	bigdata	5	20	1200000000	40000000	10	10	316	0.621758403741034	0.91340066266808	0.680859830691666
20	r4.xlarge	80	600000	bigdata	5	20	1200000000	40000000	10	10	294	0.621758403741034	0.91340066266808	0.680859830691666
20	r4.xlarge	80	600000	bigdata	5	20	1200000000	40000000	10	10	324	0.621758403741034	0.91340066266808	0.680859830691666
20	r4.xlarge	80	600000	bigdata	5	20	1200000000	40000000	10	10	335	0.621758403741034	0.91340066266808	0.680859830691666
20	r4.xlarge	80	600000	bigdata	5	20	1200000000	40000000	10	10	300	0.621758403741034	0.91340066266808	0.680859830691666
20	r4.xlarge	80	600000	huge	5	20	100000000	20000000	5	10	229	0.621758403741034	0.91340066266808	0.680859830691666
20	r4.xlarge	80	600000	huge	5	20	100000000	20000000	5	10	152	0.621758403741034	0.91340066266808	0.680859830691666
20	r4.xlarge	80	600000	huge	5	20	100000000	20000000	5	10	214	0.621758403741034	0.91340066266808	0.680859830691666
20	r4.xlarge	80	600000	huge	5	20	100000000	20000000	5	10	164	0.621758403741034	0.91340066266808	0.680859830691666
20	r4.xlarge	80	600000	huge	5	20	100000000	20000000	5	10	202	0.621758403741034	0.91340066266808	0.680859830691666
24	c4.large	48	72000	bigdata	5	20	1200000000	40000000	10	10	2769	0.958215477247805	0.963738302503114	0.959066866763844
24	c4.large	48	72000	bigdata	5	20	1200000000	40000000	10	10	2382	0.958215477247805	0.963738302503114	0.959066866763844
24	c4.large	48	72000	bigdata	5	20	1200000000	40000000	10	10	2022	0.958215477247805	0.963738302503114	0.959066866763844
24	c4.large	48	72000	bigdata	5	20	1200000000	40000000	10	10	2595	0.958215477247805	0.963738302503114	0.959066866763844
24	c4.large	48	72000	bigdata	5	20	1200000000	40000000	10	10	1697	0.958215477247805	0.963738302503114	0.959066866763844
24	c4.large	48	72000	huge	5	20	100000000	20000000	5	10	1773	0.958215477247805	0.963738302503114	0.959066866763844
24	c4.large	48	72000	huge	5	20	100000000	20000000	5	10	1402	0.958215477247805	0.963738302503114	0.959066866763844
24	c4.large	48	72000	huge	5	20	100000000	20000000	5	10	1500	0.958215477247805	0.963738302503114	0.959066866763844
24	c4.large	48	72000	huge	5	20	100000000	20000000	5	10	1457	0.958215477247805	0.963738302503114	0.959066866763844
24	c4.large	48	72000	huge	5	20	100000000	20000000	5	10	1238	0.958215477247805	0.963738302503114	0.959066866763844
24	c4.xlarge	96	168000	bigdata	5	20	1200000000	40000000	10	10	978	0.981580131098954	0.916863624781091	1.0
24	c4.xlarge	96	168000	bigdata	5	20	1200000000	40000000	10	10	1272	0.981580131098954	0.916863624781091	1.0
24	c4.xlarge	96	168000	bigdata	5	20	1200000000	40000000	10	10	1200	0.981580131098954	0.916863624781091	1.0
24	c4.xlarge	96	168000	bigdata	5	20	1200000000	40000000	10	10	1209	0.981580131098954	0.916863624781091	1.0
24	c4.xlarge	96	168000	bigdata	5	20	1200000000	40000000	10	10	1090	0.981580131098954	0.916863624781091	1.0
24	c4.xlarge	96	168000	huge	5	20	100000000	20000000	5	10	585	0.981580131098954	0.916863624781091	1.0
24	c4.xlarge	96	168000	huge	5	20	100000000	20000000	5	10	706	0.981580131098954	0.916863624781091	1.0
24	c4.xlarge	96	168000	huge	5	20	100000000	20000000	5	10	646	0.981580131098954	0.916863624781091	1.0
24	c4.xlarge	96	168000	huge	5	20	100000000	20000000	5	10	695	0.981580131098954	0.916863624781091	1.0
24	c4.xlarge	96	168000	huge	5	20	100000000	20000000	5	10	747	0.981580131098954	0.916863624781091	1.0
24	m4.large	48	192000	bigdata	5	20	1200000000	40000000	10	10	1640	0.719976297083032	0.963352406209638	0.757775976316556
24	m4.large	48	192000	bigdata	5	20	1200000000	40000000	10	10	1916	0.719976297083032	0.963352406209638	0.757775976316556
24	m4.large	48	192000	bigdata	5	20	1200000000	40000000	10	10	1636	0.719976297083032	0.963352406209638	0.757775976316556
24	m4.large	48	192000	bigdata	5	20	1200000000	40000000	10	10	1532	0.719976297083032	0.963352406209638	0.757775976316556
24	m4.large	48	192000	bigdata	5	20	1200000000	40000000	10	10	1354	0.719976297083032	0.963352406209638	0.757775976316556
24	m4.large	48	192000	huge	5	20	100000000	20000000	5	10	813	0.719976297083032	0.963352406209638	0.757775976316556
24	m4.large	48	192000	huge	5	20	100000000	20000000	5	10	891	0.719976297083032	0.963352406209638	0.757775976316556
24	m4.large	48	192000	huge	5	20	100000000	20000000	5	10	926	0.719976297083032	0.963352406209638	0.757775976316556
24	m4.large	48	192000	huge	5	20	100000000	20000000	5	10	895	0.719976297083032	0.963352406209638	0.757775976316556
24	m4.large	48	192000	huge	5	20	100000000	20000000	5	10	919	0.719976297083032	0.963352406209638	0.757775976316556
24	m4.xlarge	96	384000	bigdata	5	20	1200000000	40000000	10	10	777	0.724716697086843	0.939577226630061	0.806717869741047
24	m4.xlarge	96	384000	bigdata	5	20	1200000000	40000000	10	10	984	0.724716697086843	0.939577226630061	0.806717869741047
24	m4.xlarge	96	384000	bigdata	5	20	1200000000	40000000	10	10	837	0.724716697086843	0.939577226630061	0.806717869741047
24	m4.xlarge	96	384000	bigdata	5	20	1200000000	40000000	10	10	894	0.724716697086843	0.939577226630061	0.806717869741047
24	m4.xlarge	96	384000	bigdata	5	20	1200000000	40000000	10	10	882	0.724716697086843	0.939577226630061	0.806717869741047
24	m4.xlarge	96	384000	huge	5	20	100000000	20000000	5	10	154	0.724716697086843	0.939577226630061	0.806717869741047
24	m4.xlarge	96	384000	huge	5	20	100000000	20000000	5	10	167	0.724716697086843	0.939577226630061	0.806717869741047
24	m4.xlarge	96	384000	huge	5	20	100000000	20000000	5	10	193	0.724716697086843	0.939577226630061	0.806717869741047
24	m4.xlarge	96	384000	huge	5	20	100000000	20000000	5	10	160	0.724716697086843	0.939577226630061	0.806717869741047
24	m4.xlarge	96	384000	huge	5	20	100000000	20000000	5	10	196	0.724716697086843	0.939577226630061	0.806717869741047
24	r4.large	48	360000	bigdata	5	20	1200000000	40000000	10	10	1749	0.626835516578723	1.0	0.670704216951795
24	r4.large	48	360000	bigdata	5	20	1200000000	40000000	10	10	1538	0.626835516578723	1.0	0.670704216951795
24	r4.large	48	360000	bigdata	5	20	1200000000	40000000	10	10	1807	0.626835516578723	1.0	0.670704216951795
24	r4.large	48	360000	bigdata	5	20	1200000000	40000000	10	10	1869	0.626835516578723	1.0	0.670704216951795
24	r4.large	48	360000	bigdata	5	20	1200000000	40000000	10	10	1467	0.626835516578723	1.0	0.670704216951795
24	r4.large	48	360000	huge	5	20	100000000	20000000	5	10	329	0.626835516578723	1.0	0.670704216951795
24	r4.large	48	360000	huge	5	20	100000000	20000000	5	10	237	0.626835516578723	1.0	0.670704216951795
24	r4.large	48	360000	huge	5	20	100000000	20000000	5	10	206	0.626835516578723	1.0	0.670704216951795
24	r4.large	48	360000	huge	5	20	100000000	20000000	5	10	301	0.626835516578723	1.0	0.670704216951795
24	r4.large	48	360000	huge	5	20	100000000	20000000	5	10	243	0.626835516578723	1.0	0.670704216951795
24	r4.xlarge	96	720000	bigdata	5	20	1200000000	40000000	10	10	243	0.621758403741034	0.91340066266808	0.680859830691666
24	r4.xlarge	96	720000	bigdata	5	20	1200000000	40000000	10	10	303	0.621758403741034	0.91340066266808	0.680859830691666
24	r4.xlarge	96	720000	bigdata	5	20	1200000000	40000000	10	10	285	0.621758403741034	0.91340066266808	0.680859830691666
24	r4.xlarge	96	720000	bigdata	5	20	1200000000	40000000	10	10	263	0.621758403741034	0.91340066266808	0.680859830691666
24	r4.xlarge	96	720000	bigdata	5	20	1200000000	40000000	10	10	264	0.621758403741034	0.91340066266808	0.680859830691666
24	r4.xlarge	96	720000	huge	5	20	100000000	20000000	5	10	170	0.621758403741034	0.91340066266808	0.680859830691666
24	r4.xlarge	96	720000	huge	5	20	100000000	20000000	5	10	159	0.621758403741034	0.91340066266808	0.680859830691666
24	r4.xlarge	96	720000	huge	5	20	100000000	20000000	5	10	150	0.621758403741034	0.91340066266808	0.680859830691666
24	r4.xlarge	96	720000	huge	5	20	100000000	20000000	5	10	179	0.621758403741034	0.91340066266808	0.680859830691666
24	r4.xlarge	96	720000	huge	5	20	100000000	20000000	5	10	162	0.621758403741034	0.91340066266808	0.680859830691666
32	c4.large	64	96000	bigdata	5	20	1200000000	40000000	10	10	2440	0.958215477247805	0.963738302503114	0.959066866763844
32	c4.large	64	96000	bigdata	5	20	1200000000	40000000	10	10	2476	0.958215477247805	0.963738302503114	0.959066866763844
32	c4.large	64	96000	bigdata	5	20	1200000000	40000000	10	10	2155	0.958215477247805	0.963738302503114	0.959066866763844
32	c4.large	64	96000	bigdata	5	20	1200000000	40000000	10	10	2320	0.958215477247805	0.963738302503114	0.959066866763844
32	c4.large	64	96000	bigdata	5	20	1200000000	40000000	10	10	2567	0.958215477247805	0.963738302503114	0.959066866763844
32	c4.large	64	96000	huge	5	20	100000000	20000000	5	10	923	0.958215477247805	0.963738302503114	0.959066866763844
32	c4.large	64	96000	huge	5	20	100000000	20000000	5	10	994	0.958215477247805	0.963738302503114	0.959066866763844
32	c4.large	64	96000	huge	5	20	100000000	20000000	5	10	887	0.958215477247805	0.963738302503114	0.959066866763844
32	c4.large	64	96000	huge	5	20	100000000	20000000	5	10	770	0.958215477247805	0.963738302503114	0.959066866763844
32	c4.large	64	96000	huge	5	20	100000000	20000000	5	10	860	0.958215477247805	0.963738302503114	0.959066866763844
32	m4.large	64	256000	bigdata	5	20	1200000000	40000000	10	10	1353	0.719976297083032	0.963352406209638	0.757775976316556
32	m4.large	64	256000	bigdata	5	20	1200000000	40000000	10	10	1081	0.719976297083032	0.963352406209638	0.757775976316556
32	m4.large	64	256000	bigdata	5	20	1200000000	40000000	10	10	1134	0.719976297083032	0.963352406209638	0.757775976316556
32	m4.large	64	256000	bigdata	5	20	1200000000	40000000	10	10	1363	0.719976297083032	0.963352406209638	0.757775976316556
32	m4.large	64	256000	bigdata	5	20	1200000000	40000000	10	10	1195	0.719976297083032	0.963352406209638	0.757775976316556
32	m4.large	64	256000	huge	5	20	100000000	20000000	5	10	346	0.719976297083032	0.963352406209638	0.757775976316556
32	m4.large	64	256000	huge	5	20	100000000	20000000	5	10	360	0.719976297083032	0.963352406209638	0.757775976316556
32	m4.large	64	256000	huge	5	20	100000000	20000000	5	10	297	0.719976297083032	0.963352406209638	0.757775976316556
32	m4.large	64	256000	huge	5	20	100000000	20000000	5	10	226	0.719976297083032	0.963352406209638	0.757775976316556
32	m4.large	64	256000	huge	5	20	100000000	20000000	5	10	284	0.719976297083032	0.963352406209638	0.757775976316556
32	r4.large	64	480000	bigdata	5	20	1200000000	40000000	10	10	335	0.626835516578723	1.0	0.670704216951795
32	r4.large	64	480000	bigdata	5	20	1200000000	40000000	10	10	373	0.626835516578723	1.0	0.670704216951795
32	r4.large	64	480000	bigdata	5	20	1200000000	40000000	10	10	430	0.626835516578723	1.0	0.670704216951795
32	r4.large	64	480000	bigdata	5	20	1200000000	40000000	10	10	377	0.626835516578723	1.0	0.670704216951795
32	r4.large	64	480000	bigdata	5	20	1200000000	40000000	10	10	375	0.626835516578723	1.0	0.670704216951795
40	c4.large	80	120000	bigdata	5	20	1200000000	40000000	10	10	1558	0.958215477247805	0.963738302503114	0.959066866763844
40	c4.large	80	120000	bigdata	5	20	1200000000	40000000	10	10	1621	0.958215477247805	0.963738302503114	0.959066866763844
40	c4.large	80	120000	bigdata	5	20	1200000000	40000000	10	10	1181	0.958215477247805	0.963738302503114	0.959066866763844
40	c4.large	80	120000	bigdata	5	20	1200000000	40000000	10	10	1131	0.958215477247805	0.963738302503114	0.959066866763844
40	c4.large	80	120000	bigdata	5	20	1200000000	40000000	10	10	1429	0.958215477247805	0.963738302503114	0.959066866763844
40	c4.large	80	120000	huge	5	20	100000000	20000000	5	10	860	0.958215477247805	0.963738302503114	0.959066866763844
40	c4.large	80	120000	huge	5	20	100000000	20000000	5	10	855	0.958215477247805	0.963738302503114	0.959066866763844
40	c4.large	80	120000	huge	5	20	100000000	20000000	5	10	699	0.958215477247805	0.963738302503114	0.959066866763844
40	c4.large	80	120000	huge	5	20	100000000	20000000	5	10	1002	0.958215477247805	0.963738302503114	0.959066866763844
40	c4.large	80	120000	huge	5	20	100000000	20000000	5	10	840	0.958215477247805	0.963738302503114	0.959066866763844
40	m4.large	80	320000	bigdata	5	20	1200000000	40000000	10	10	1170	0.719976297083032	0.963352406209638	0.757775976316556
40	m4.large	80	320000	bigdata	5	20	1200000000	40000000	10	10	1015	0.719976297083032	0.963352406209638	0.757775976316556
40	m4.large	80	320000	bigdata	5	20	1200000000	40000000	10	10	1082	0.719976297083032	0.963352406209638	0.757775976316556
40	m4.large	80	320000	bigdata	5	20	1200000000	40000000	10	10	1135	0.719976297083032	0.963352406209638	0.757775976316556
40	m4.large	80	320000	bigdata	5	20	1200000000	40000000	10	10	1344	0.719976297083032	0.963352406209638	0.757775976316556
40	m4.large	80	320000	huge	5	20	100000000	20000000	5	10	301	0.719976297083032	0.963352406209638	0.757775976316556
40	m4.large	80	320000	huge	5	20	100000000	20000000	5	10	260	0.719976297083032	0.963352406209638	0.757775976316556
40	m4.large	80	320000	huge	5	20	100000000	20000000	5	10	259	0.719976297083032	0.963352406209638	0.757775976316556
40	m4.large	80	320000	huge	5	20	100000000	20000000	5	10	322	0.719976297083032	0.963352406209638	0.757775976316556
40	m4.large	80	320000	huge	5	20	100000000	20000000	5	10	286	0.719976297083032	0.963352406209638	0.757775976316556
40	r4.large	80	600000	bigdata	5	20	1200000000	40000000	10	10	382	0.626835516578723	1.0	0.670704216951795
40	r4.large	80	600000	bigdata	5	20	1200000000	40000000	10	10	472	0.626835516578723	1.0	0.670704216951795
40	r4.large	80	600000	bigdata	5	20	1200000000	40000000	10	10	466	0.626835516578723	1.0	0.670704216951795
40	r4.large	80	600000	bigdata	5	20	1200000000	40000000	10	10	441	0.626835516578723	1.0	0.670704216951795
40	r4.large	80	600000	bigdata	5	20	1200000000	40000000	10	10	444	0.626835516578723	1.0	0.670704216951795
48	c4.large	96	144000	bigdata	5	20	1200000000	40000000	10	10	1266	0.958215477247805	0.963738302503114	0.959066866763844
48	c4.large	96	144000	bigdata	5	20	1200000000	40000000	10	10	1209	0.958215477247805	0.963738302503114	0.959066866763844
48	c4.large	96	144000	bigdata	5	20	1200000000	40000000	10	10	1469	0.958215477247805	0.963738302503114	0.959066866763844
48	c4.large	96	144000	bigdata	5	20	1200000000	40000000	10	10	1472	0.958215477247805	0.963738302503114	0.959066866763844
48	c4.large	96	144000	bigdata	5	20	1200000000	40000000	10	10	1542	0.958215477247805	0.963738302503114	0.959066866763844
48	c4.large	96	144000	huge	5	20	100000000	20000000	5	10	689	0.958215477247805	0.963738302503114	0.959066866763844
48	c4.large	96	144000	huge	5	20	100000000	20000000	5	10	685	0.958215477247805	0.963738302503114	0.959066866763844
48	c4.large	96	144000	huge	5	20	100000000	20000000	5	10	725	0.958215477247805	0.963738302503114	0.959066866763844
48	c4.large	96	144000	huge	5	20	100000000	20000000	5	10	789	0.958215477247805	0.963738302503114	0.959066866763844
48	c4.large	96	144000	huge	5	20	100000000	20000000	5	10	703	0.958215477247805	0.963738302503114	0.959066866763844
48	m4.large	96	384000	bigdata	5	20	1200000000	40000000	10	10	920	0.719976297083032	0.963352406209638	0.757775976316556
48	m4.large	96	384000	bigdata	5	20	1200000000	40000000	10	10	891	0.719976297083032	0.963352406209638	0.757775976316556
48	m4.large	96	384000	bigdata	5	20	1200000000	40000000	10	10	930	0.719976297083032	0.963352406209638	0.757775976316556
48	m4.large	96	384000	bigdata	5	20	1200000000	40000000	10	10	1026	0.719976297083032	0.963352406209638	0.757775976316556
48	m4.large	96	384000	bigdata	5	20	1200000000	40000000	10	10	917	0.719976297083032	0.963352406209638	0.757775976316556
48	r4.large	96	720000	bigdata	5	20	1200000000	40000000	10	10	407	0.626835516578723	1.0	0.670704216951795
48	r4.large	96	720000	bigdata	5	20	1200000000	40000000	10	10	419	0.626835516578723	1.0	0.670704216951795
48	r4.large	96	720000	bigdata	5	20	1200000000	40000000	10	10	393	0.626835516578723	1.0	0.670704216951795
48	r4.large	96	720000	bigdata	5	20	1200000000	40000000	10	10	277	0.626835516578723	1.0	0.670704216951795
48	r4.large	96	720000	bigdata	5	20	1200000000	40000000	10	10	377	0.626835516578723	1.0	0.670704216951795
