instance_count	machine_type	slots	memory	data_size_MB	examples	features	gross_runtime	cpu_sysbench	disk_seq_fio	memory_sysbench
4	c4.2xlarge	32	60000	bigdata	10000	700000	5022	1.0	0.975170773880192	0.995589462652916
4	c4.2xlarge	32	60000	bigdata	10000	700000	4485	1.0	0.975170773880192	0.995589462652916
4	c4.2xlarge	32	60000	bigdata	10000	700000	5538	1.0	0.975170773880192	0.995589462652916
4	c4.2xlarge	32	60000	bigdata	10000	700000	4831	1.0	0.975170773880192	0.995589462652916
4	c4.2xlarge	32	60000	bigdata	10000	700000	5147	1.0	0.975170773880192	0.995589462652916
4	c4.2xlarge	32	60000	huge	10000	300000	1811	1.0	0.975170773880192	0.995589462652916
4	c4.2xlarge	32	60000	huge	10000	300000	1923	1.0	0.975170773880192	0.995589462652916
4	c4.2xlarge	32	60000	huge	10000	300000	1838	1.0	0.975170773880192	0.995589462652916
4	c4.2xlarge	32	60000	huge	10000	300000	1981	1.0	0.975170773880192	0.995589462652916
4	c4.2xlarge	32	60000	huge	10000	300000	1770	1.0	0.975170773880192	0.995589462652916
4	c4.large	8	12000	bigdata	10000	700000	7009	0.958215477247805	0.963738302503114	0.959066866763844
4	c4.large	8	12000	bigdata	10000	700000	8395	0.958215477247805	0.963738302503114	0.959066866763844
4	c4.large	8	12000	bigdata	10000	700000	7626	0.958215477247805	0.963738302503114	0.959066866763844
4	c4.large	8	12000	bigdata	10000	700000	7698	0.958215477247805	0.963738302503114	0.959066866763844
4	c4.large	8	12000	bigdata	10000	700000	8160	0.958215477247805	0.963738302503114	0.959066866763844
4	c4.large	8	12000	huge	10000	300000	6628	0.958215477247805	0.963738302503114	0.959066866763844
4	c4.large	8	12000	huge	10000	300000	5333	0.958215477247805	0.963738302503114	0.959066866763844
4	c4.large	8	12000	huge	10000	300000	5702	0.958215477247805	0.963738302503114	0.959066866763844
4	c4.large	8	12000	huge	10000	300000	6598	0.958215477247805	0.963738302503114	0.959066866763844
4	c4.large	8	12000	huge	10000	300000	5880	0.958215477247805	0.963738302503114	0.959066866763844
4	c4.xlarge	16	28000	bigdata	10000	700000	6998	0.981580131098954	0.916863624781091	1.0
4	c4.xlarge	16	28000	bigdata	10000	700000	7719	0.981580131098954	0.916863624781091	1.0
4	c4.xlarge	16	28000	bigdata	10000	700000	7208	0.981580131098954	0.916863624781091	1.0
4	c4.xlarge	16	28000	bigdata	10000	700000	6435	0.981580131098954	0.916863624781091	1.0
4	c4.xlarge	16	28000	bigdata	10000	700000	6458	0.981580131098954	0.916863624781091	1.0
4	c4.xlarge	16	28000	huge	10000	300000	2880	0.981580131098954	0.916863624781091	1.0
4	c4.xlarge	16	28000	huge	10000	300000	3327	0.981580131098954	0.916863624781091	1.0
4	c4.xlarge	16	28000	huge	10000	300000	3409	0.981580131098954	0.916863624781091	1.0
4	c4.xlarge	16	28000	huge	10000	300000	3310	0.981580131098954	0.916863624781091	1.0
4	c4.xlarge	16	28000	huge	10000	300000	3342	0.981580131098954	0.916863624781091	1.0
4	m4.2xlarge	32	128000	bigdata	10000	700000	2237	0.73813508679461	0.917837907061713	0.817114731721182
4	m4.2xlarge	32	128000	bigdata	10000	700000	2256	0.73813508679461	0.917837907061713	0.817114731721182
4	m4.2xlarge	32	128000	bigdata	10000	700000	2706	0.73813508679461	0.917837907061713	0.817114731721182
4	m4.2xlarge	32	128000	bigdata	10000	700000	2541	0.73813508679461	0.917837907061713	0.817114731721182
4	m4.2xlarge	32	128000	bigdata	10000	700000	2328	0.73813508679461	0.917837907061713	0.817114731721182
4	m4.2xlarge	32	128000	huge	10000	300000	1223	0.73813508679461	0.917837907061713	0.817114731721182
4	m4.2xlarge	32	128000	huge	10000	300000	1136	0.73813508679461	0.917837907061713	0.817114731721182
4	m4.2xlarge	32	128000	huge	10000	300000	1316	0.73813508679461	0.917837907061713	0.817114731721182
4	m4.2xlarge	32	128000	huge	10000	300000	1298	0.73813508679461	0.917837907061713	0.817114731721182
4	m4.2xlarge	32	128000	huge	10000	300000	1408	0.73813508679461	0.917837907061713	0.817114731721182
4	m4.large	8	32000	bigdata	10000	700000	7288	0.719976297083032	0.963352406209638	0.757775976316556
4	m4.large	8	32000	bigdata	10000	700000	7525	0.719976297083032	0.963352406209638	0.757775976316556
4	m4.large	8	32000	bigdata	10000	700000	7045	0.719976297083032	0.963352406209638	0.757775976316556
4	m4.large	8	32000	bigdata	10000	700000	7531	0.719976297083032	0.963352406209638	0.757775976316556
4	m4.large	8	32000	bigdata	10000	700000	6569	0.719976297083032	0.963352406209638	0.757775976316556
4	m4.large	8	32000	huge	10000	300000	5344	0.719976297083032	0.963352406209638	0.757775976316556
4	m4.large	8	32000	huge	10000	300000	5446	0.719976297083032	0.963352406209638	0.757775976316556
4	m4.large	8	32000	huge	10000	300000	5074	0.719976297083032	0.963352406209638	0.757775976316556
4	m4.large	8	32000	huge	10000	300000	5796	0.719976297083032	0.963352406209638	0.757775976316556
4	m4.large	8	32000	huge	10000	300000	5541	0.719976297083032	0.963352406209638	0.757775976316556
4	m4.xlarge	16	64000	bigdata	10000	700000	5484	0.724716697086843	0.939577226630061	0.806717869741047
4	m4.xlarge	16	64000	bigdata	10000	700000	5555	0.724716697086843	0.939577226630061	0.806717869741047
4	m4.xlarge	16	64000	bigdata	10000	700000	5142	0.724716697086843	0.939577226630061	0.806717869741047
4	m4.xlarge	16	64000	bigdata	10000	700000	4592	0.724716697086843	0.939577226630061	0.806717869741047
4	m4.xlarge	16	64000	bigdata	10000	700000	5448	0.724716697086843	0.939577226630061	0.806717869741047
4	m4.xlarge	16	64000	huge	10000	300000	1367	0.724716697086843	0.939577226630061	0.806717869741047
4	m4.xlarge	16	64000	huge	10000	300000	1018	0.724716697086843	0.939577226630061	0.806717869741047
4	m4.xlarge	16	64000	huge	10000	300000	1103	0.724716697086843	0.939577226630061	0.806717869741047
4	m4.xlarge	16	64000	huge	10000	300000	1160	0.724716697086843	0.939577226630061	0.806717869741047
4	m4.xlarge	16	64000	huge	10000	300000	1057	0.724716697086843	0.939577226630061	0.806717869741047
4	r4.2xlarge	32	244000	bigdata	10000	700000	2290	0.621439738915361	0.699904926309755	0.683905823195575
4	r4.2xlarge	32	244000	bigdata	10000	700000	2280	0.621439738915361	0.699904926309755	0.683905823195575
4	r4.2xlarge	32	244000	bigdata	10000	700000	2096	0.621439738915361	0.699904926309755	0.683905823195575
4	r4.2xlarge	32	244000	bigdata	10000	700000	2155	0.621439738915361	0.699904926309755	0.683905823195575
4	r4.2xlarge	32	244000	bigdata	10000	700000	2152	0.621439738915361	0.699904926309755	0.683905823195575
4	r4.2xlarge	32	244000	huge	10000	300000	1188	0.621439738915361	0.699904926309755	0.683905823195575
4	r4.2xlarge	32	244000	huge	10000	300000	1121	0.621439738915361	0.699904926309755	0.683905823195575
4	r4.2xlarge	32	244000	huge	10000	300000	1322	0.621439738915361	0.699904926309755	0.683905823195575
4	r4.2xlarge	32	244000	huge	10000	300000	1085	0.621439738915361	0.699904926309755	0.683905823195575
4	r4.2xlarge	32	244000	huge	10000	300000	1091	0.621439738915361	0.699904926309755	0.683905823195575
4	r4.large	8	60000	bigdata	10000	700000	7862	0.626835516578723	1.0	0.670704216951795
4	r4.large	8	60000	bigdata	10000	700000	7418	0.626835516578723	1.0	0.670704216951795
4	r4.large	8	60000	bigdata	10000	700000	8159	0.626835516578723	1.0	0.670704216951795
4	r4.large	8	60000	bigdata	10000	700000	6962	0.626835516578723	1.0	0.670704216951795
4	r4.large	8	60000	bigdata	10000	700000	8271	0.626835516578723	1.0	0.670704216951795
4	r4.large	8	60000	huge	10000	300000	2317	0.626835516578723	1.0	0.670704216951795
4	r4.large	8	60000	huge	10000	300000	2564	0.626835516578723	1.0	0.670704216951795
4	r4.large	8	60000	huge	10000	300000	2200	0.626835516578723	1.0	0.670704216951795
4	r4.large	8	60000	huge	10000	300000	2624	0.626835516578723	1.0	0.670704216951795
4	r4.large	8	60000	huge	10000	300000	2407	0.626835516578723	1.0	0.670704216951795
4	r4.xlarge	16	120000	bigdata	10000	700000	2054	0.621758403741034	0.91340066266808	0.680859830691666
4	r4.xlarge	16	120000	bigdata	10000	700000	2346	0.621758403741034	0.91340066266808	0.680859830691666
4	r4.xlarge	16	120000	bigdata	10000	700000	2574	0.621758403741034	0.91340066266808	0.680859830691666
4	r4.xlarge	16	120000	bigdata	10000	700000	2101	0.621758403741034	0.91340066266808	0.680859830691666
4	r4.xlarge	16	120000	bigdata	10000	700000	1915	0.621758403741034	0.91340066266808	0.680859830691666
4	r4.xlarge	16	120000	huge	10000	300000	961	0.621758403741034	0.91340066266808	0.680859830691666
4	r4.xlarge	16	120000	huge	10000	300000	860	0.621758403741034	0.91340066266808	0.680859830691666
4	r4.xlarge	16	120000	huge	10000	300000	1144	0.621758403741034	0.91340066266808	0.680859830691666
4	r4.xlarge	16	120000	huge	10000	300000	1052	0.621758403741034	0.91340066266808	0.680859830691666
4	r4.xlarge	16	120000	huge	10000	300000	942	0.621758403741034	0.91340066266808	0.680859830691666
6	c4.2xlarge	48	90000	bigdata	10000	700000	4194	1.0	0.975170773880192	0.995589462652916
6	c4.2xlarge	48	90000	bigdata	10000	700000	3763	1.0	0.975170773880192	0.995589462652916
6	c4.2xlarge	48	90000	bigdata	10000	700000	4366	1.0	0.975170773880192	0.995589462652916
6	c4.2xlarge	48	90000	bigdata	10000	700000	4189	1.0	0.975170773880192	0.995589462652916
6	c4.2xlarge	48	90000	bigdata	10000	700000	4235	1.0	0.975170773880192	0.995589462652916
6	c4.2xlarge	48	90000	huge	10000	300000	1627	1.0	0.975170773880192	0.995589462652916
6	c4.2xlarge	48	90000	huge	10000	300000	1909	1.0	0.975170773880192	0.995589462652916
6	c4.2xlarge	48	90000	huge	10000	300000	2218	1.0	0.975170773880192	0.995589462652916
6	c4.2xlarge	48	90000	huge	10000	300000	1943	1.0	0.975170773880192	0.995589462652916
6	c4.2xlarge	48	90000	huge	10000	300000	1957	1.0	0.975170773880192	0.995589462652916
6	c4.large	12	18000	bigdata	10000	700000	6812	0.958215477247805	0.963738302503114	0.959066866763844
6	c4.large	12	18000	bigdata	10000	700000	6528	0.958215477247805	0.963738302503114	0.959066866763844
6	c4.large	12	18000	bigdata	10000	700000	7422	0.958215477247805	0.963738302503114	0.959066866763844
6	c4.large	12	18000	bigdata	10000	700000	5962	0.958215477247805	0.963738302503114	0.959066866763844
6	c4.large	12	18000	bigdata	10000	700000	6606	0.958215477247805	0.963738302503114	0.959066866763844
6	c4.large	12	18000	huge	10000	300000	3557	0.958215477247805	0.963738302503114	0.959066866763844
6	c4.large	12	18000	huge	10000	300000	3814	0.958215477247805	0.963738302503114	0.959066866763844
6	c4.large	12	18000	huge	10000	300000	3621	0.958215477247805	0.963738302503114	0.959066866763844
6	c4.large	12	18000	huge	10000	300000	3627	0.958215477247805	0.963738302503114	0.959066866763844
6	c4.large	12	18000	huge	10000	300000	4072	0.958215477247805	0.963738302503114	0.959066866763844
6	c4.xlarge	24	42000	bigdata	10000	700000	4358	0.981580131098954	0.916863624781091	1.0
6	c4.xlarge	24	42000	bigdata	10000	700000	4958	0.981580131098954	0.916863624781091	1.0
6	c4.xlarge	24	42000	bigdata	10000	700000	4699	0.981580131098954	0.916863624781091	1.0
6	c4.xlarge	24	42000	bigdata	10000	700000	5049	0.981580131098954	0.916863624781091	1.0
6	c4.xlarge	24	42000	bigdata	10000	700000	4861	0.981580131098954	0.916863624781091	1.0
6	c4.xlarge	24	42000	huge	10000	300000	1704	0.981580131098954	0.916863624781091	1.0
6	c4.xlarge	24	42000	huge	10000	300000	1709	0.981580131098954	0.916863624781091	1.0
6	c4.xlarge	24	42000	huge	10000	300000	1919	0.981580131098954	0.916863624781091	1.0
6	c4.xlarge	24	42000	huge	10000	300000	1954	0.981580131098954	0.916863624781091	1.0
6	c4.xlarge	24	42000	huge	10000	300000	1712	0.981580131098954	0.916863624781091	1.0
6	m4.2xlarge	48	192000	bigdata	10000	700000	3166	0.73813508679461	0.917837907061713	0.817114731721182
6	m4.2xlarge	48	192000	bigdata	10000	700000	2137	0.73813508679461	0.917837907061713	0.817114731721182
6	m4.2xlarge	48	192000	bigdata	10000	700000	2419	0.73813508679461	0.917837907061713	0.817114731721182
6	m4.2xlarge	48	192000	bigdata	10000	700000	2208	0.73813508679461	0.917837907061713	0.817114731721182
6	m4.2xlarge	48	192000	bigdata	10000	700000	2584	0.73813508679461	0.917837907061713	0.817114731721182
6	m4.2xlarge	48	192000	huge	10000	300000	1333	0.73813508679461	0.917837907061713	0.817114731721182
6	m4.2xlarge	48	192000	huge	10000	300000	1314	0.73813508679461	0.917837907061713	0.817114731721182
6	m4.2xlarge	48	192000	huge	10000	300000	1471	0.73813508679461	0.917837907061713	0.817114731721182
6	m4.2xlarge	48	192000	huge	10000	300000	1464	0.73813508679461	0.917837907061713	0.817114731721182
6	m4.2xlarge	48	192000	huge	10000	300000	1566	0.73813508679461	0.917837907061713	0.817114731721182
6	m4.large	12	48000	bigdata	10000	700000	6234	0.719976297083032	0.963352406209638	0.757775976316556
6	m4.large	12	48000	bigdata	10000	700000	7057	0.719976297083032	0.963352406209638	0.757775976316556
6	m4.large	12	48000	bigdata	10000	700000	6741	0.719976297083032	0.963352406209638	0.757775976316556
6	m4.large	12	48000	bigdata	10000	700000	7166	0.719976297083032	0.963352406209638	0.757775976316556
6	m4.large	12	48000	bigdata	10000	700000	6406	0.719976297083032	0.963352406209638	0.757775976316556
6	m4.xlarge	24	96000	bigdata	10000	700000	2536	0.724716697086843	0.939577226630061	0.806717869741047
6	m4.xlarge	24	96000	bigdata	10000	700000	2278	0.724716697086843	0.939577226630061	0.806717869741047
6	m4.xlarge	24	96000	bigdata	10000	700000	2658	0.724716697086843	0.939577226630061	0.806717869741047
6	m4.xlarge	24	96000	bigdata	10000	700000	2913	0.724716697086843	0.939577226630061	0.806717869741047
6	m4.xlarge	24	96000	bigdata	10000	700000	2319	0.724716697086843	0.939577226630061	0.806717869741047
6	m4.xlarge	24	96000	huge	10000	300000	1281	0.724716697086843	0.939577226630061	0.806717869741047
6	m4.xlarge	24	96000	huge	10000	300000	1036	0.724716697086843	0.939577226630061	0.806717869741047
6	m4.xlarge	24	96000	huge	10000	300000	1079	0.724716697086843	0.939577226630061	0.806717869741047
6	m4.xlarge	24	96000	huge	10000	300000	1269	0.724716697086843	0.939577226630061	0.806717869741047
6	m4.xlarge	24	96000	huge	10000	300000	1029	0.724716697086843	0.939577226630061	0.806717869741047
6	r4.2xlarge	48	366000	bigdata	10000	700000	2020	0.621439738915361	0.699904926309755	0.683905823195575
6	r4.2xlarge	48	366000	bigdata	10000	700000	2365	0.621439738915361	0.699904926309755	0.683905823195575
6	r4.2xlarge	48	366000	bigdata	10000	700000	2763	0.621439738915361	0.699904926309755	0.683905823195575
6	r4.2xlarge	48	366000	bigdata	10000	700000	2162	0.621439738915361	0.699904926309755	0.683905823195575
6	r4.2xlarge	48	366000	bigdata	10000	700000	2040	0.621439738915361	0.699904926309755	0.683905823195575
6	r4.2xlarge	48	366000	huge	10000	300000	1337	0.621439738915361	0.699904926309755	0.683905823195575
6	r4.2xlarge	48	366000	huge	10000	300000	1440	0.621439738915361	0.699904926309755	0.683905823195575
6	r4.2xlarge	48	366000	huge	10000	300000	1351	0.621439738915361	0.699904926309755	0.683905823195575
6	r4.2xlarge	48	366000	huge	10000	300000	1331	0.621439738915361	0.699904926309755	0.683905823195575
6	r4.2xlarge	48	366000	huge	10000	300000	1130	0.621439738915361	0.699904926309755	0.683905823195575
6	r4.large	12	90000	bigdata	10000	700000	3910	0.626835516578723	1.0	0.670704216951795
6	r4.large	12	90000	bigdata	10000	700000	4466	0.626835516578723	1.0	0.670704216951795
6	r4.large	12	90000	bigdata	10000	700000	4167	0.626835516578723	1.0	0.670704216951795
6	r4.large	12	90000	bigdata	10000	700000	4344	0.626835516578723	1.0	0.670704216951795
6	r4.large	12	90000	bigdata	10000	700000	3840	0.626835516578723	1.0	0.670704216951795
6	r4.large	12	90000	huge	10000	300000	1354	0.626835516578723	1.0	0.670704216951795
6	r4.large	12	90000	huge	10000	300000	1284	0.626835516578723	1.0	0.670704216951795
6	r4.large	12	90000	huge	10000	300000	1584	0.626835516578723	1.0	0.670704216951795
6	r4.large	12	90000	huge	10000	300000	1560	0.626835516578723	1.0	0.670704216951795
6	r4.large	12	90000	huge	10000	300000	1273	0.626835516578723	1.0	0.670704216951795
6	r4.xlarge	24	180000	bigdata	10000	700000	2023	0.621758403741034	0.91340066266808	0.680859830691666
6	r4.xlarge	24	180000	bigdata	10000	700000	2639	0.621758403741034	0.91340066266808	0.680859830691666
6	r4.xlarge	24	180000	bigdata	10000	700000	2042	0.621758403741034	0.91340066266808	0.680859830691666
6	r4.xlarge	24	180000	bigdata	10000	700000	2181	0.621758403741034	0.91340066266808	0.680859830691666
6	r4.xlarge	24	180000	bigdata	10000	700000	2078	0.621758403741034	0.91340066266808	0.680859830691666
6	r4.xlarge	24	180000	huge	10000	300000	1003	0.621758403741034	0.91340066266808	0.680859830691666
6	r4.xlarge	24	180000	huge	10000	300000	1090	0.621758403741034	0.91340066266808	0.680859830691666
6	r4.xlarge	24	180000	huge	10000	300000	1160	0.621758403741034	0.91340066266808	0.680859830691666
6	r4.xlarge	24	180000	huge	10000	300000	1063	0.621758403741034	0.91340066266808	0.680859830691666
6	r4.xlarge	24	180000	huge	10000	300000	1015	0.621758403741034	0.91340066266808	0.680859830691666
8	c4.2xlarge	64	120000	bigdata	10000	700000	3725	1.0	0.975170773880192	0.995589462652916
8	c4.2xlarge	64	120000	bigdata	10000	700000	4062	1.0	0.975170773880192	0.995589462652916
8	c4.2xlarge	64	120000	bigdata	10000	700000	3352	1.0	0.975170773880192	0.995589462652916
8	c4.2xlarge	64	120000	bigdata	10000	700000	4507	1.0	0.975170773880192	0.995589462652916
8	c4.2xlarge	64	120000	bigdata	10000	700000	3542	1.0	0.975170773880192	0.995589462652916
8	c4.2xlarge	64	120000	huge	10000	300000	1500	1.0	0.975170773880192	0.995589462652916
8	c4.2xlarge	64	120000	huge	10000	300000	1794	1.0	0.975170773880192	0.995589462652916
8	c4.2xlarge	64	120000	huge	10000	300000	1754	1.0	0.975170773880192	0.995589462652916
8	c4.2xlarge	64	120000	huge	10000	300000	1549	1.0	0.975170773880192	0.995589462652916
8	c4.2xlarge	64	120000	huge	10000	300000	1408	1.0	0.975170773880192	0.995589462652916
8	c4.large	16	24000	bigdata	10000	700000	5718	0.958215477247805	0.963738302503114	0.959066866763844
8	c4.large	16	24000	bigdata	10000	700000	6083	0.958215477247805	0.963738302503114	0.959066866763844
8	c4.large	16	24000	bigdata	10000	700000	5839	0.958215477247805	0.963738302503114	0.959066866763844
8	c4.large	16	24000	bigdata	10000	700000	5298	0.958215477247805	0.963738302503114	0.959066866763844
8	c4.large	16	24000	bigdata	10000	700000	5156	0.958215477247805	0.963738302503114	0.959066866763844
8	c4.large	16	24000	huge	10000	300000	2411	0.958215477247805	0.963738302503114	0.959066866763844
8	c4.large	16	24000	huge	10000	300000	2725	0.958215477247805	0.963738302503114	0.959066866763844
8	c4.large	16	24000	huge	10000	300000	2655	0.958215477247805	0.963738302503114	0.959066866763844
8	c4.large	16	24000	huge	10000	300000	2889	0.958215477247805	0.963738302503114	0.959066866763844
8	c4.large	16	24000	huge	10000	300000	2063	0.958215477247805	0.963738302503114	0.959066866763844
8	c4.xlarge	32	56000	bigdata	10000	700000	4066	0.981580131098954	0.916863624781091	1.0
8	c4.xlarge	32	56000	bigdata	10000	700000	3485	0.981580131098954	0.916863624781091	1.0
8	c4.xlarge	32	56000	bigdata	10000	700000	4033	0.981580131098954	0.916863624781091	1.0
8	c4.xlarge	32	56000	bigdata	10000	700000	3782	0.981580131098954	0.916863624781091	1.0
8	c4.xlarge	32	56000	bigdata	10000	700000	3820	0.981580131098954	0.916863624781091	1.0
8	c4.xlarge	32	56000	huge	10000	300000	1913	0.981580131098954	0.916863624781091	1.0
8	c4.xlarge	32	56000	huge	10000	300000	1854	0.981580131098954	0.916863624781091	1.0
8	c4.xlarge	32	56000	huge	10000	300000	1681	0.981580131098954	0.916863624781091	1.0
8	c4.xlarge	32	56000	huge	10000	300000	1983	0.981580131098954	0.916863624781091	1.0
8	c4.xlarge	32	56000	huge	10000	300000	2052	0.981580131098954	0.916863624781091	1.0
8	m4.2xlarge	64	256000	huge	10000	300000	1700	0.73813508679461	0.917837907061713	0.817114731721182
8	m4.2xlarge	64	256000	huge	10000	300000	1839	0.73813508679461	0.917837907061713	0.817114731721182
8	m4.2xlarge	64	256000	huge	10000	300000	1729	0.73813508679461	0.917837907061713	0.817114731721182
8	m4.2xlarge	64	256000	huge	10000	300000	1583	0.73813508679461	0.917837907061713	0.817114731721182
8	m4.2xlarge	64	256000	huge	10000	300000	1558	0.73813508679461	0.917837907061713	0.817114731721182
8	m4.large	16	64000	bigdata	10000	700000	5240	0.719976297083032	0.963352406209638	0.757775976316556
8	m4.large	16	64000	bigdata	10000	700000	5745	0.719976297083032	0.963352406209638	0.757775976316556
8	m4.large	16	64000	bigdata	10000	700000	5862	0.719976297083032	0.963352406209638	0.757775976316556
8	m4.large	16	64000	bigdata	10000	700000	6208	0.719976297083032	0.963352406209638	0.757775976316556
8	m4.large	16	64000	bigdata	10000	700000	5864	0.719976297083032	0.963352406209638	0.757775976316556
8	m4.large	16	64000	huge	10000	300000	1076	0.719976297083032	0.963352406209638	0.757775976316556
8	m4.large	16	64000	huge	10000	300000	1237	0.719976297083032	0.963352406209638	0.757775976316556
8	m4.large	16	64000	huge	10000	300000	1158	0.719976297083032	0.963352406209638	0.757775976316556
8	m4.large	16	64000	huge	10000	300000	1306	0.719976297083032	0.963352406209638	0.757775976316556
8	m4.large	16	64000	huge	10000	300000	1375	0.719976297083032	0.963352406209638	0.757775976316556
8	m4.xlarge	32	128000	bigdata	10000	700000	2496	0.724716697086843	0.939577226630061	0.806717869741047
8	m4.xlarge	32	128000	bigdata	10000	700000	2558	0.724716697086843	0.939577226630061	0.806717869741047
8	m4.xlarge	32	128000	bigdata	10000	700000	2994	0.724716697086843	0.939577226630061	0.806717869741047
8	m4.xlarge	32	128000	bigdata	10000	700000	2684	0.724716697086843	0.939577226630061	0.806717869741047
8	m4.xlarge	32	128000	bigdata	10000	700000	2524	0.724716697086843	0.939577226630061	0.806717869741047
8	m4.xlarge	32	128000	huge	10000	300000	1380	0.724716697086843	0.939577226630061	0.806717869741047
8	m4.xlarge	32	128000	huge	10000	300000	984	0.724716697086843	0.939577226630061	0.806717869741047
8	m4.xlarge	32	128000	huge	10000	300000	1343	0.724716697086843	0.939577226630061	0.806717869741047
8	m4.xlarge	32	128000	huge	10000	300000	1222	0.724716697086843	0.939577226630061	0.806717869741047
8	m4.xlarge	32	128000	huge	10000	300000	1210	0.724716697086843	0.939577226630061	0.806717869741047
8	r4.2xlarge	64	488000	bigdata	10000	700000	2620	0.621439738915361	0.699904926309755	0.683905823195575
8	r4.2xlarge	64	488000	bigdata	10000	700000	2138	0.621439738915361	0.699904926309755	0.683905823195575
8	r4.2xlarge	64	488000	bigdata	10000	700000	2783	0.621439738915361	0.699904926309755	0.683905823195575
8	r4.2xlarge	64	488000	bigdata	10000	700000	2389	0.621439738915361	0.699904926309755	0.683905823195575
8	r4.2xlarge	64	488000	bigdata	10000	700000	2638	0.621439738915361	0.699904926309755	0.683905823195575
8	r4.2xlarge	64	488000	huge	10000	300000	1509	0.621439738915361	0.699904926309755	0.683905823195575
8	r4.2xlarge	64	488000	huge	10000	300000	1474	0.621439738915361	0.699904926309755	0.683905823195575
8	r4.2xlarge	64	488000	huge	10000	300000	1361	0.621439738915361	0.699904926309755	0.683905823195575
8	r4.2xlarge	64	488000	huge	10000	300000	1641	0.621439738915361	0.699904926309755	0.683905823195575
8	r4.2xlarge	64	488000	huge	10000	300000	1258	0.621439738915361	0.699904926309755	0.683905823195575
8	r4.large	16	120000	bigdata	10000	700000	2965	0.626835516578723	1.0	0.670704216951795
8	r4.large	16	120000	bigdata	10000	700000	2395	0.626835516578723	1.0	0.670704216951795
8	r4.large	16	120000	bigdata	10000	700000	2594	0.626835516578723	1.0	0.670704216951795
8	r4.large	16	120000	bigdata	10000	700000	2671	0.626835516578723	1.0	0.670704216951795
8	r4.large	16	120000	bigdata	10000	700000	2285	0.626835516578723	1.0	0.670704216951795
8	r4.large	16	120000	huge	10000	300000	1145	0.626835516578723	1.0	0.670704216951795
8	r4.large	16	120000	huge	10000	300000	1036	0.626835516578723	1.0	0.670704216951795
8	r4.large	16	120000	huge	10000	300000	1032	0.626835516578723	1.0	0.670704216951795
8	r4.large	16	120000	huge	10000	300000	1068	0.626835516578723	1.0	0.670704216951795
8	r4.large	16	120000	huge	10000	300000	1224	0.626835516578723	1.0	0.670704216951795
8	r4.xlarge	32	240000	bigdata	10000	700000	2337	0.621758403741034	0.91340066266808	0.680859830691666
8	r4.xlarge	32	240000	bigdata	10000	700000	1990	0.621758403741034	0.91340066266808	0.680859830691666
8	r4.xlarge	32	240000	bigdata	10000	700000	2316	0.621758403741034	0.91340066266808	0.680859830691666
8	r4.xlarge	32	240000	bigdata	10000	700000	1586	0.621758403741034	0.91340066266808	0.680859830691666
8	r4.xlarge	32	240000	bigdata	10000	700000	1990	0.621758403741034	0.91340066266808	0.680859830691666
8	r4.xlarge	32	240000	huge	10000	300000	1272	0.621758403741034	0.91340066266808	0.680859830691666
8	r4.xlarge	32	240000	huge	10000	300000	1240	0.621758403741034	0.91340066266808	0.680859830691666
8	r4.xlarge	32	240000	huge	10000	300000	1385	0.621758403741034	0.91340066266808	0.680859830691666
8	r4.xlarge	32	240000	huge	10000	300000	1196	0.621758403741034	0.91340066266808	0.680859830691666
8	r4.xlarge	32	240000	huge	10000	300000	956	0.621758403741034	0.91340066266808	0.680859830691666
10	c4.2xlarge	80	150000	bigdata	10000	700000	3949	1.0	0.975170773880192	0.995589462652916
10	c4.2xlarge	80	150000	bigdata	10000	700000	3896	1.0	0.975170773880192	0.995589462652916
10	c4.2xlarge	80	150000	bigdata	10000	700000	4418	1.0	0.975170773880192	0.995589462652916
10	c4.2xlarge	80	150000	bigdata	10000	700000	3616	1.0	0.975170773880192	0.995589462652916
10	c4.2xlarge	80	150000	bigdata	10000	700000	3822	1.0	0.975170773880192	0.995589462652916
10	c4.2xlarge	80	150000	huge	10000	300000	2025	1.0	0.975170773880192	0.995589462652916
10	c4.2xlarge	80	150000	huge	10000	300000	2358	1.0	0.975170773880192	0.995589462652916
10	c4.2xlarge	80	150000	huge	10000	300000	2394	1.0	0.975170773880192	0.995589462652916
10	c4.2xlarge	80	150000	huge	10000	300000	1796	1.0	0.975170773880192	0.995589462652916
10	c4.2xlarge	80	150000	huge	10000	300000	2294	1.0	0.975170773880192	0.995589462652916
10	c4.large	20	30000	bigdata	10000	700000	4647	0.958215477247805	0.963738302503114	0.959066866763844
10	c4.large	20	30000	bigdata	10000	700000	4279	0.958215477247805	0.963738302503114	0.959066866763844
10	c4.large	20	30000	bigdata	10000	700000	4762	0.958215477247805	0.963738302503114	0.959066866763844
10	c4.large	20	30000	bigdata	10000	700000	4520	0.958215477247805	0.963738302503114	0.959066866763844
10	c4.large	20	30000	bigdata	10000	700000	4034	0.958215477247805	0.963738302503114	0.959066866763844
10	c4.large	20	30000	huge	10000	300000	2358	0.958215477247805	0.963738302503114	0.959066866763844
10	c4.large	20	30000	huge	10000	300000	2537	0.958215477247805	0.963738302503114	0.959066866763844
10	c4.large	20	30000	huge	10000	300000	2624	0.958215477247805	0.963738302503114	0.959066866763844
10	c4.large	20	30000	huge	10000	300000	2649	0.958215477247805	0.963738302503114	0.959066866763844
10	c4.large	20	30000	huge	10000	300000	1968	0.958215477247805	0.963738302503114	0.959066866763844
10	c4.xlarge	40	70000	bigdata	10000	700000	3866	0.981580131098954	0.916863624781091	1.0
10	c4.xlarge	40	70000	bigdata	10000	700000	3714	0.981580131098954	0.916863624781091	1.0
10	c4.xlarge	40	70000	bigdata	10000	700000	4045	0.981580131098954	0.916863624781091	1.0
10	c4.xlarge	40	70000	bigdata	10000	700000	4110	0.981580131098954	0.916863624781091	1.0
10	c4.xlarge	40	70000	bigdata	10000	700000	4538	0.981580131098954	0.916863624781091	1.0
10	c4.xlarge	40	70000	huge	10000	300000	2249	0.981580131098954	0.916863624781091	1.0
10	c4.xlarge	40	70000	huge	10000	300000	2062	0.981580131098954	0.916863624781091	1.0
10	c4.xlarge	40	70000	huge	10000	300000	2007	0.981580131098954	0.916863624781091	1.0
10	c4.xlarge	40	70000	huge	10000	300000	2056	0.981580131098954	0.916863624781091	1.0
10	c4.xlarge	40	70000	huge	10000	300000	2183	0.981580131098954	0.916863624781091	1.0
10	m4.2xlarge	80	320000	huge	10000	300000	2195	0.73813508679461	0.917837907061713	0.817114731721182
10	m4.2xlarge	80	320000	huge	10000	300000	2400	0.73813508679461	0.917837907061713	0.817114731721182
10	m4.2xlarge	80	320000	huge	10000	300000	2155	0.73813508679461	0.917837907061713	0.817114731721182
10	m4.2xlarge	80	320000	huge	10000	300000	2156	0.73813508679461	0.917837907061713	0.817114731721182
10	m4.2xlarge	80	320000	huge	10000	300000	2259	0.73813508679461	0.917837907061713	0.817114731721182
10	m4.large	20	80000	bigdata	10000	700000	4276	0.719976297083032	0.963352406209638	0.757775976316556
10	m4.large	20	80000	bigdata	10000	700000	3995	0.719976297083032	0.963352406209638	0.757775976316556
10	m4.large	20	80000	bigdata	10000	700000	4027	0.719976297083032	0.963352406209638	0.757775976316556
10	m4.large	20	80000	bigdata	10000	700000	4018	0.719976297083032	0.963352406209638	0.757775976316556
10	m4.large	20	80000	bigdata	10000	700000	3606	0.719976297083032	0.963352406209638	0.757775976316556
10	m4.large	20	80000	huge	10000	300000	1412	0.719976297083032	0.963352406209638	0.757775976316556
10	m4.large	20	80000	huge	10000	300000	1455	0.719976297083032	0.963352406209638	0.757775976316556
10	m4.large	20	80000	huge	10000	300000	1374	0.719976297083032	0.963352406209638	0.757775976316556
10	m4.large	20	80000	huge	10000	300000	1376	0.719976297083032	0.963352406209638	0.757775976316556
10	m4.large	20	80000	huge	10000	300000	1399	0.719976297083032	0.963352406209638	0.757775976316556
10	m4.xlarge	40	160000	bigdata	10000	700000	2354	0.724716697086843	0.939577226630061	0.806717869741047
10	m4.xlarge	40	160000	bigdata	10000	700000	2635	0.724716697086843	0.939577226630061	0.806717869741047
10	m4.xlarge	40	160000	bigdata	10000	700000	2263	0.724716697086843	0.939577226630061	0.806717869741047
10	m4.xlarge	40	160000	bigdata	10000	700000	2314	0.724716697086843	0.939577226630061	0.806717869741047
10	m4.xlarge	40	160000	bigdata	10000	700000	2252	0.724716697086843	0.939577226630061	0.806717869741047
10	m4.xlarge	40	160000	huge	10000	300000	1736	0.724716697086843	0.939577226630061	0.806717869741047
10	m4.xlarge	40	160000	huge	10000	300000	1607	0.724716697086843	0.939577226630061	0.806717869741047
10	m4.xlarge	40	160000	huge	10000	300000	1497	0.724716697086843	0.939577226630061	0.806717869741047
10	m4.xlarge	40	160000	huge	10000	300000	1675	0.724716697086843	0.939577226630061	0.806717869741047
10	m4.xlarge	40	160000	huge	10000	300000	1585	0.724716697086843	0.939577226630061	0.806717869741047
10	r4.2xlarge	80	610000	bigdata	10000	700000	3040	0.621439738915361	0.699904926309755	0.683905823195575
10	r4.2xlarge	80	610000	bigdata	10000	700000	3266	0.621439738915361	0.699904926309755	0.683905823195575
10	r4.2xlarge	80	610000	bigdata	10000	700000	3165	0.621439738915361	0.699904926309755	0.683905823195575
10	r4.2xlarge	80	610000	bigdata	10000	700000	2745	0.621439738915361	0.699904926309755	0.683905823195575
10	r4.2xlarge	80	610000	bigdata	10000	700000	2438	0.621439738915361	0.699904926309755	0.683905823195575
10	r4.2xlarge	80	610000	huge	10000	300000	2118	0.621439738915361	0.699904926309755	0.683905823195575
10	r4.2xlarge	80	610000	huge	10000	300000	2038	0.621439738915361	0.699904926309755	0.683905823195575
10	r4.2xlarge	80	610000	huge	10000	300000	2162	0.621439738915361	0.699904926309755	0.683905823195575
10	r4.2xlarge	80	610000	huge	10000	300000	1945	0.621439738915361	0.699904926309755	0.683905823195575
10	r4.2xlarge	80	610000	huge	10000	300000	2594	0.621439738915361	0.699904926309755	0.683905823195575
10	r4.large	20	150000	bigdata	10000	700000	2265	0.626835516578723	1.0	0.670704216951795
10	r4.large	20	150000	bigdata	10000	700000	2038	0.626835516578723	1.0	0.670704216951795
10	r4.large	20	150000	bigdata	10000	700000	2330	0.626835516578723	1.0	0.670704216951795
10	r4.large	20	150000	bigdata	10000	700000	2079	0.626835516578723	1.0	0.670704216951795
10	r4.large	20	150000	bigdata	10000	700000	1737	0.626835516578723	1.0	0.670704216951795
10	r4.large	20	150000	huge	10000	300000	1168	0.626835516578723	1.0	0.670704216951795
10	r4.large	20	150000	huge	10000	300000	1160	0.626835516578723	1.0	0.670704216951795
10	r4.large	20	150000	huge	10000	300000	1169	0.626835516578723	1.0	0.670704216951795
10	r4.large	20	150000	huge	10000	300000	1332	0.626835516578723	1.0	0.670704216951795
10	r4.large	20	150000	huge	10000	300000	892	0.626835516578723	1.0	0.670704216951795
10	r4.xlarge	40	300000	bigdata	10000	700000	2118	0.621758403741034	0.91340066266808	0.680859830691666
10	r4.xlarge	40	300000	bigdata	10000	700000	2364	0.621758403741034	0.91340066266808	0.680859830691666
10	r4.xlarge	40	300000	bigdata	10000	700000	2451	0.621758403741034	0.91340066266808	0.680859830691666
10	r4.xlarge	40	300000	bigdata	10000	700000	2102	0.621758403741034	0.91340066266808	0.680859830691666
10	r4.xlarge	40	300000	bigdata	10000	700000	2184	0.621758403741034	0.91340066266808	0.680859830691666
10	r4.xlarge	40	300000	huge	10000	300000	1338	0.621758403741034	0.91340066266808	0.680859830691666
10	r4.xlarge	40	300000	huge	10000	300000	1485	0.621758403741034	0.91340066266808	0.680859830691666
10	r4.xlarge	40	300000	huge	10000	300000	1697	0.621758403741034	0.91340066266808	0.680859830691666
10	r4.xlarge	40	300000	huge	10000	300000	1443	0.621758403741034	0.91340066266808	0.680859830691666
10	r4.xlarge	40	300000	huge	10000	300000	1364	0.621758403741034	0.91340066266808	0.680859830691666
12	c4.2xlarge	96	180000	bigdata	10000	700000	2458	1.0	0.975170773880192	0.995589462652916
12	c4.2xlarge	96	180000	bigdata	10000	700000	2892	1.0	0.975170773880192	0.995589462652916
12	c4.2xlarge	96	180000	bigdata	10000	700000	2872	1.0	0.975170773880192	0.995589462652916
12	c4.2xlarge	96	180000	bigdata	10000	700000	2748	1.0	0.975170773880192	0.995589462652916
12	c4.2xlarge	96	180000	bigdata	10000	700000	2783	1.0	0.975170773880192	0.995589462652916
12	c4.2xlarge	96	180000	huge	10000	300000	1795	1.0	0.975170773880192	0.995589462652916
12	c4.2xlarge	96	180000	huge	10000	300000	1679	1.0	0.975170773880192	0.995589462652916
12	c4.2xlarge	96	180000	huge	10000	300000	1595	1.0	0.975170773880192	0.995589462652916
12	c4.2xlarge	96	180000	huge	10000	300000	1699	1.0	0.975170773880192	0.995589462652916
12	c4.2xlarge	96	180000	huge	10000	300000	1724	1.0	0.975170773880192	0.995589462652916
12	c4.large	24	36000	bigdata	10000	700000	4207	0.958215477247805	0.963738302503114	0.959066866763844
12	c4.large	24	36000	bigdata	10000	700000	4588	0.958215477247805	0.963738302503114	0.959066866763844
12	c4.large	24	36000	bigdata	10000	700000	4476	0.958215477247805	0.963738302503114	0.959066866763844
12	c4.large	24	36000	bigdata	10000	700000	3904	0.958215477247805	0.963738302503114	0.959066866763844
12	c4.large	24	36000	bigdata	10000	700000	5343	0.958215477247805	0.963738302503114	0.959066866763844
12	c4.large	24	36000	huge	10000	300000	1776	0.958215477247805	0.963738302503114	0.959066866763844
12	c4.large	24	36000	huge	10000	300000	1952	0.958215477247805	0.963738302503114	0.959066866763844
12	c4.large	24	36000	huge	10000	300000	2132	0.958215477247805	0.963738302503114	0.959066866763844
12	c4.large	24	36000	huge	10000	300000	1879	0.958215477247805	0.963738302503114	0.959066866763844
12	c4.large	24	36000	huge	10000	300000	2170	0.958215477247805	0.963738302503114	0.959066866763844
12	c4.xlarge	48	84000	bigdata	10000	700000	3459	0.981580131098954	0.916863624781091	1.0
12	c4.xlarge	48	84000	bigdata	10000	700000	4000	0.981580131098954	0.916863624781091	1.0
12	c4.xlarge	48	84000	bigdata	10000	700000	3894	0.981580131098954	0.916863624781091	1.0
12	c4.xlarge	48	84000	bigdata	10000	700000	5087	0.981580131098954	0.916863624781091	1.0
12	c4.xlarge	48	84000	bigdata	10000	700000	3610	0.981580131098954	0.916863624781091	1.0
12	c4.xlarge	48	84000	huge	10000	300000	1714	0.981580131098954	0.916863624781091	1.0
12	c4.xlarge	48	84000	huge	10000	300000	1775	0.981580131098954	0.916863624781091	1.0
12	c4.xlarge	48	84000	huge	10000	300000	1743	0.981580131098954	0.916863624781091	1.0
12	c4.xlarge	48	84000	huge	10000	300000	1689	0.981580131098954	0.916863624781091	1.0
12	c4.xlarge	48	84000	huge	10000	300000	1856	0.981580131098954	0.916863624781091	1.0
12	m4.2xlarge	96	384000	bigdata	10000	700000	2661	0.73813508679461	0.917837907061713	0.817114731721182
12	m4.2xlarge	96	384000	bigdata	10000	700000	2501	0.73813508679461	0.917837907061713	0.817114731721182
12	m4.2xlarge	96	384000	bigdata	10000	700000	2476	0.73813508679461	0.917837907061713	0.817114731721182
12	m4.2xlarge	96	384000	bigdata	10000	700000	2709	0.73813508679461	0.917837907061713	0.817114731721182
12	m4.2xlarge	96	384000	bigdata	10000	700000	2062	0.73813508679461	0.917837907061713	0.817114731721182
12	m4.2xlarge	96	384000	huge	10000	300000	1664	0.73813508679461	0.917837907061713	0.817114731721182
12	m4.2xlarge	96	384000	huge	10000	300000	1664	0.73813508679461	0.917837907061713	0.817114731721182
12	m4.2xlarge	96	384000	huge	10000	300000	1664	0.73813508679461	0.917837907061713	0.817114731721182
12	m4.2xlarge	96	384000	huge	10000	300000	1752	0.73813508679461	0.917837907061713	0.817114731721182
12	m4.2xlarge	96	384000	huge	10000	300000	1536	0.73813508679461	0.917837907061713	0.817114731721182
12	m4.large	24	96000	bigdata	10000	700000	3060	0.719976297083032	0.963352406209638	0.757775976316556
12	m4.large	24	96000	bigdata	10000	700000	2935	0.719976297083032	0.963352406209638	0.757775976316556
12	m4.large	24	96000	bigdata	10000	700000	2673	0.719976297083032	0.963352406209638	0.757775976316556
12	m4.large	24	96000	bigdata	10000	700000	2448	0.719976297083032	0.963352406209638	0.757775976316556
12	m4.large	24	96000	bigdata	10000	700000	2861	0.719976297083032	0.963352406209638	0.757775976316556
12	m4.large	24	96000	huge	10000	300000	1213	0.719976297083032	0.963352406209638	0.757775976316556
12	m4.large	24	96000	huge	10000	300000	1290	0.719976297083032	0.963352406209638	0.757775976316556
12	m4.large	24	96000	huge	10000	300000	1195	0.719976297083032	0.963352406209638	0.757775976316556
12	m4.large	24	96000	huge	10000	300000	1559	0.719976297083032	0.963352406209638	0.757775976316556
12	m4.large	24	96000	huge	10000	300000	1484	0.719976297083032	0.963352406209638	0.757775976316556
12	m4.xlarge	48	192000	bigdata	10000	700000	2605	0.724716697086843	0.939577226630061	0.806717869741047
12	m4.xlarge	48	192000	bigdata	10000	700000	2428	0.724716697086843	0.939577226630061	0.806717869741047
12	m4.xlarge	48	192000	bigdata	10000	700000	2351	0.724716697086843	0.939577226630061	0.806717869741047
12	m4.xlarge	48	192000	bigdata	10000	700000	2193	0.724716697086843	0.939577226630061	0.806717869741047
12	m4.xlarge	48	192000	bigdata	10000	700000	2370	0.724716697086843	0.939577226630061	0.806717869741047
12	m4.xlarge	48	192000	huge	10000	300000	1601	0.724716697086843	0.939577226630061	0.806717869741047
12	m4.xlarge	48	192000	huge	10000	300000	1641	0.724716697086843	0.939577226630061	0.806717869741047
12	m4.xlarge	48	192000	huge	10000	300000	1695	0.724716697086843	0.939577226630061	0.806717869741047
12	m4.xlarge	48	192000	huge	10000	300000	1496	0.724716697086843	0.939577226630061	0.806717869741047
12	m4.xlarge	48	192000	huge	10000	300000	1839	0.724716697086843	0.939577226630061	0.806717869741047
12	r4.2xlarge	96	732000	bigdata	10000	700000	2656	0.621439738915361	0.699904926309755	0.683905823195575
12	r4.2xlarge	96	732000	bigdata	10000	700000	2033	0.621439738915361	0.699904926309755	0.683905823195575
12	r4.2xlarge	96	732000	bigdata	10000	700000	2757	0.621439738915361	0.699904926309755	0.683905823195575
12	r4.2xlarge	96	732000	bigdata	10000	700000	2689	0.621439738915361	0.699904926309755	0.683905823195575
12	r4.2xlarge	96	732000	bigdata	10000	700000	2341	0.621439738915361	0.699904926309755	0.683905823195575
12	r4.2xlarge	96	732000	huge	10000	300000	1418	0.621439738915361	0.699904926309755	0.683905823195575
12	r4.2xlarge	96	732000	huge	10000	300000	1772	0.621439738915361	0.699904926309755	0.683905823195575
12	r4.2xlarge	96	732000	huge	10000	300000	1518	0.621439738915361	0.699904926309755	0.683905823195575
12	r4.2xlarge	96	732000	huge	10000	300000	1751	0.621439738915361	0.699904926309755	0.683905823195575
12	r4.2xlarge	96	732000	huge	10000	300000	1661	0.621439738915361	0.699904926309755	0.683905823195575
12	r4.large	24	180000	bigdata	10000	700000	2084	0.626835516578723	1.0	0.670704216951795
12	r4.large	24	180000	bigdata	10000	700000	2306	0.626835516578723	1.0	0.670704216951795
12	r4.large	24	180000	bigdata	10000	700000	2554	0.626835516578723	1.0	0.670704216951795
12	r4.large	24	180000	bigdata	10000	700000	2301	0.626835516578723	1.0	0.670704216951795
12	r4.large	24	180000	bigdata	10000	700000	2624	0.626835516578723	1.0	0.670704216951795
12	r4.large	24	180000	huge	10000	300000	1070	0.626835516578723	1.0	0.670704216951795
12	r4.large	24	180000	huge	10000	300000	1380	0.626835516578723	1.0	0.670704216951795
12	r4.large	24	180000	huge	10000	300000	1184	0.626835516578723	1.0	0.670704216951795
12	r4.large	24	180000	huge	10000	300000	992	0.626835516578723	1.0	0.670704216951795
12	r4.large	24	180000	huge	10000	300000	1117	0.626835516578723	1.0	0.670704216951795
12	r4.xlarge	48	360000	bigdata	10000	700000	2453	0.621758403741034	0.91340066266808	0.680859830691666
12	r4.xlarge	48	360000	bigdata	10000	700000	2335	0.621758403741034	0.91340066266808	0.680859830691666
12	r4.xlarge	48	360000	bigdata	10000	700000	2130	0.621758403741034	0.91340066266808	0.680859830691666
12	r4.xlarge	48	360000	bigdata	10000	700000	2863	0.621758403741034	0.91340066266808	0.680859830691666
12	r4.xlarge	48	360000	bigdata	10000	700000	2025	0.621758403741034	0.91340066266808	0.680859830691666
12	r4.xlarge	48	360000	huge	10000	300000	1665	0.621758403741034	0.91340066266808	0.680859830691666
12	r4.xlarge	48	360000	huge	10000	300000	1847	0.621758403741034	0.91340066266808	0.680859830691666
12	r4.xlarge	48	360000	huge	10000	300000	1543	0.621758403741034	0.91340066266808	0.680859830691666
12	r4.xlarge	48	360000	huge	10000	300000	1547	0.621758403741034	0.91340066266808	0.680859830691666
12	r4.xlarge	48	360000	huge	10000	300000	1780	0.621758403741034	0.91340066266808	0.680859830691666
16	c4.large	32	48000	bigdata	10000	700000	3944	0.958215477247805	0.963738302503114	0.959066866763844
16	c4.large	32	48000	bigdata	10000	700000	4478	0.958215477247805	0.963738302503114	0.959066866763844
16	c4.large	32	48000	bigdata	10000	700000	4583	0.958215477247805	0.963738302503114	0.959066866763844
16	c4.large	32	48000	bigdata	10000	700000	4827	0.958215477247805	0.963738302503114	0.959066866763844
16	c4.large	32	48000	bigdata	10000	700000	3812	0.958215477247805	0.963738302503114	0.959066866763844
16	c4.large	32	48000	huge	10000	300000	2271	0.958215477247805	0.963738302503114	0.959066866763844
16	c4.large	32	48000	huge	10000	300000	1857	0.958215477247805	0.963738302503114	0.959066866763844
16	c4.large	32	48000	huge	10000	300000	2067	0.958215477247805	0.963738302503114	0.959066866763844
16	c4.large	32	48000	huge	10000	300000	1965	0.958215477247805	0.963738302503114	0.959066866763844
16	c4.large	32	48000	huge	10000	300000	1969	0.958215477247805	0.963738302503114	0.959066866763844
16	c4.xlarge	64	112000	bigdata	10000	700000	3514	0.981580131098954	0.916863624781091	1.0
16	c4.xlarge	64	112000	bigdata	10000	700000	3835	0.981580131098954	0.916863624781091	1.0
16	c4.xlarge	64	112000	bigdata	10000	700000	3330	0.981580131098954	0.916863624781091	1.0
16	c4.xlarge	64	112000	bigdata	10000	700000	3844	0.981580131098954	0.916863624781091	1.0
16	c4.xlarge	64	112000	bigdata	10000	700000	4466	0.981580131098954	0.916863624781091	1.0
16	c4.xlarge	64	112000	huge	10000	300000	1934	0.981580131098954	0.916863624781091	1.0
16	c4.xlarge	64	112000	huge	10000	300000	1762	0.981580131098954	0.916863624781091	1.0
16	c4.xlarge	64	112000	huge	10000	300000	1521	0.981580131098954	0.916863624781091	1.0
16	c4.xlarge	64	112000	huge	10000	300000	1788	0.981580131098954	0.916863624781091	1.0
16	c4.xlarge	64	112000	huge	10000	300000	1452	0.981580131098954	0.916863624781091	1.0
16	m4.large	32	128000	bigdata	10000	700000	2637	0.719976297083032	0.963352406209638	0.757775976316556
16	m4.large	32	128000	bigdata	10000	700000	2542	0.719976297083032	0.963352406209638	0.757775976316556
16	m4.large	32	128000	bigdata	10000	700000	2330	0.719976297083032	0.963352406209638	0.757775976316556
16	m4.large	32	128000	bigdata	10000	700000	2466	0.719976297083032	0.963352406209638	0.757775976316556
16	m4.large	32	128000	bigdata	10000	700000	2353	0.719976297083032	0.963352406209638	0.757775976316556
16	m4.large	32	128000	huge	10000	300000	1184	0.719976297083032	0.963352406209638	0.757775976316556
16	m4.large	32	128000	huge	10000	300000	1580	0.719976297083032	0.963352406209638	0.757775976316556
16	m4.large	32	128000	huge	10000	300000	1225	0.719976297083032	0.963352406209638	0.757775976316556
16	m4.large	32	128000	huge	10000	300000	1206	0.719976297083032	0.963352406209638	0.757775976316556
16	m4.large	32	128000	huge	10000	300000	1283	0.719976297083032	0.963352406209638	0.757775976316556
16	m4.xlarge	64	256000	bigdata	10000	700000	2991	0.724716697086843	0.939577226630061	0.806717869741047
16	m4.xlarge	64	256000	bigdata	10000	700000	3008	0.724716697086843	0.939577226630061	0.806717869741047
16	m4.xlarge	64	256000	bigdata	10000	700000	2566	0.724716697086843	0.939577226630061	0.806717869741047
16	m4.xlarge	64	256000	bigdata	10000	700000	3531	0.724716697086843	0.939577226630061	0.806717869741047
16	m4.xlarge	64	256000	bigdata	10000	700000	1961	0.724716697086843	0.939577226630061	0.806717869741047
16	m4.xlarge	64	256000	huge	10000	300000	1738	0.724716697086843	0.939577226630061	0.806717869741047
16	m4.xlarge	64	256000	huge	10000	300000	1723	0.724716697086843	0.939577226630061	0.806717869741047
16	m4.xlarge	64	256000	huge	10000	300000	1783	0.724716697086843	0.939577226630061	0.806717869741047
16	m4.xlarge	64	256000	huge	10000	300000	1874	0.724716697086843	0.939577226630061	0.806717869741047
16	m4.xlarge	64	256000	huge	10000	300000	1547	0.724716697086843	0.939577226630061	0.806717869741047
16	r4.large	32	240000	bigdata	10000	700000	2119	0.626835516578723	1.0	0.670704216951795
16	r4.large	32	240000	bigdata	10000	700000	2909	0.626835516578723	1.0	0.670704216951795
16	r4.large	32	240000	bigdata	10000	700000	2187	0.626835516578723	1.0	0.670704216951795
16	r4.large	32	240000	bigdata	10000	700000	2058	0.626835516578723	1.0	0.670704216951795
16	r4.large	32	240000	bigdata	10000	700000	2510	0.626835516578723	1.0	0.670704216951795
16	r4.large	32	240000	huge	10000	300000	1075	0.626835516578723	1.0	0.670704216951795
16	r4.large	32	240000	huge	10000	300000	1173	0.626835516578723	1.0	0.670704216951795
16	r4.large	32	240000	huge	10000	300000	1091	0.626835516578723	1.0	0.670704216951795
16	r4.large	32	240000	huge	10000	300000	1096	0.626835516578723	1.0	0.670704216951795
16	r4.large	32	240000	huge	10000	300000	1331	0.626835516578723	1.0	0.670704216951795
16	r4.xlarge	64	480000	bigdata	10000	700000	2410	0.621758403741034	0.91340066266808	0.680859830691666
16	r4.xlarge	64	480000	bigdata	10000	700000	2577	0.621758403741034	0.91340066266808	0.680859830691666
16	r4.xlarge	64	480000	bigdata	10000	700000	2705	0.621758403741034	0.91340066266808	0.680859830691666
16	r4.xlarge	64	480000	bigdata	10000	700000	2587	0.621758403741034	0.91340066266808	0.680859830691666
16	r4.xlarge	64	480000	bigdata	10000	700000	2671	0.621758403741034	0.91340066266808	0.680859830691666
16	r4.xlarge	64	480000	huge	10000	300000	1782	0.621758403741034	0.91340066266808	0.680859830691666
16	r4.xlarge	64	480000	huge	10000	300000	1681	0.621758403741034	0.91340066266808	0.680859830691666
16	r4.xlarge	64	480000	huge	10000	300000	1709	0.621758403741034	0.91340066266808	0.680859830691666
16	r4.xlarge	64	480000	huge	10000	300000	1433	0.621758403741034	0.91340066266808	0.680859830691666
16	r4.xlarge	64	480000	huge	10000	300000	1734	0.621758403741034	0.91340066266808	0.680859830691666
20	c4.xlarge	80	140000	bigdata	10000	700000	4157	0.981580131098954	0.916863624781091	1.0
20	c4.xlarge	80	140000	bigdata	10000	700000	3741	0.981580131098954	0.916863624781091	1.0
20	c4.xlarge	80	140000	bigdata	10000	700000	4084	0.981580131098954	0.916863624781091	1.0
20	c4.xlarge	80	140000	bigdata	10000	700000	4046	0.981580131098954	0.916863624781091	1.0
20	c4.xlarge	80	140000	bigdata	10000	700000	4318	0.981580131098954	0.916863624781091	1.0
20	c4.xlarge	80	140000	huge	10000	300000	2444	0.981580131098954	0.916863624781091	1.0
20	c4.xlarge	80	140000	huge	10000	300000	1963	0.981580131098954	0.916863624781091	1.0
20	c4.xlarge	80	140000	huge	10000	300000	2324	0.981580131098954	0.916863624781091	1.0
20	c4.xlarge	80	140000	huge	10000	300000	1986	0.981580131098954	0.916863624781091	1.0
20	c4.xlarge	80	140000	huge	10000	300000	2249	0.981580131098954	0.916863624781091	1.0
20	m4.xlarge	80	320000	bigdata	10000	700000	2615	0.724716697086843	0.939577226630061	0.806717869741047
20	m4.xlarge	80	320000	bigdata	10000	700000	3900	0.724716697086843	0.939577226630061	0.806717869741047
20	m4.xlarge	80	320000	bigdata	10000	700000	3323	0.724716697086843	0.939577226630061	0.806717869741047
20	m4.xlarge	80	320000	bigdata	10000	700000	3164	0.724716697086843	0.939577226630061	0.806717869741047
20	m4.xlarge	80	320000	bigdata	10000	700000	2562	0.724716697086843	0.939577226630061	0.806717869741047
20	m4.xlarge	80	320000	huge	10000	300000	2304	0.724716697086843	0.939577226630061	0.806717869741047
20	m4.xlarge	80	320000	huge	10000	300000	2329	0.724716697086843	0.939577226630061	0.806717869741047
20	m4.xlarge	80	320000	huge	10000	300000	2442	0.724716697086843	0.939577226630061	0.806717869741047
20	m4.xlarge	80	320000	huge	10000	300000	2184	0.724716697086843	0.939577226630061	0.806717869741047
20	m4.xlarge	80	320000	huge	10000	300000	2205	0.724716697086843	0.939577226630061	0.806717869741047
20	r4.xlarge	80	600000	bigdata	10000	700000	3176	0.621758403741034	0.91340066266808	0.680859830691666
20	r4.xlarge	80	600000	bigdata	10000	700000	2616	0.621758403741034	0.91340066266808	0.680859830691666
20	r4.xlarge	80	600000	bigdata	10000	700000	2966	0.621758403741034	0.91340066266808	0.680859830691666
20	r4.xlarge	80	600000	bigdata	10000	700000	2896	0.621758403741034	0.91340066266808	0.680859830691666
20	r4.xlarge	80	600000	bigdata	10000	700000	2413	0.621758403741034	0.91340066266808	0.680859830691666
20	r4.xlarge	80	600000	huge	10000	300000	2494	0.621758403741034	0.91340066266808	0.680859830691666
20	r4.xlarge	80	600000	huge	10000	300000	1829	0.621758403741034	0.91340066266808	0.680859830691666
20	r4.xlarge	80	600000	huge	10000	300000	2538	0.621758403741034	0.91340066266808	0.680859830691666
20	r4.xlarge	80	600000	huge	10000	300000	2307	0.621758403741034	0.91340066266808	0.680859830691666
20	r4.xlarge	80	600000	huge	10000	300000	1740	0.621758403741034	0.91340066266808	0.680859830691666
24	c4.large	48	72000	bigdata	10000	700000	3914	0.958215477247805	0.963738302503114	0.959066866763844
24	c4.large	48	72000	bigdata	10000	700000	4347	0.958215477247805	0.963738302503114	0.959066866763844
24	c4.large	48	72000	bigdata	10000	700000	4925	0.958215477247805	0.963738302503114	0.959066866763844
24	c4.large	48	72000	bigdata	10000	700000	3884	0.958215477247805	0.963738302503114	0.959066866763844
24	c4.large	48	72000	bigdata	10000	700000	4181	0.958215477247805	0.963738302503114	0.959066866763844
24	c4.large	48	72000	huge	10000	300000	1688	0.958215477247805	0.963738302503114	0.959066866763844
24	c4.large	48	72000	huge	10000	300000	1545	0.958215477247805	0.963738302503114	0.959066866763844
24	c4.large	48	72000	huge	10000	300000	1822	0.958215477247805	0.963738302503114	0.959066866763844
24	c4.large	48	72000	huge	10000	300000	1534	0.958215477247805	0.963738302503114	0.959066866763844
24	c4.large	48	72000	huge	10000	300000	1740	0.958215477247805	0.963738302503114	0.959066866763844
24	c4.xlarge	96	168000	bigdata	10000	700000	3434	0.981580131098954	0.916863624781091	1.0
24	c4.xlarge	96	168000	bigdata	10000	700000	3111	0.981580131098954	0.916863624781091	1.0
24	c4.xlarge	96	168000	bigdata	10000	700000	2674	0.981580131098954	0.916863624781091	1.0
24	c4.xlarge	96	168000	bigdata	10000	700000	2955	0.981580131098954	0.916863624781091	1.0
24	c4.xlarge	96	168000	bigdata	10000	700000	2879	0.981580131098954	0.916863624781091	1.0
24	c4.xlarge	96	168000	huge	10000	300000	1658	0.981580131098954	0.916863624781091	1.0
24	c4.xlarge	96	168000	huge	10000	300000	1511	0.981580131098954	0.916863624781091	1.0
24	c4.xlarge	96	168000	huge	10000	300000	1885	0.981580131098954	0.916863624781091	1.0
24	c4.xlarge	96	168000	huge	10000	300000	2057	0.981580131098954	0.916863624781091	1.0
24	c4.xlarge	96	168000	huge	10000	300000	1834	0.981580131098954	0.916863624781091	1.0
24	m4.large	48	192000	bigdata	10000	700000	3084	0.719976297083032	0.963352406209638	0.757775976316556
24	m4.large	48	192000	bigdata	10000	700000	2184	0.719976297083032	0.963352406209638	0.757775976316556
24	m4.large	48	192000	bigdata	10000	700000	3028	0.719976297083032	0.963352406209638	0.757775976316556
24	m4.large	48	192000	bigdata	10000	700000	2182	0.719976297083032	0.963352406209638	0.757775976316556
24	m4.large	48	192000	bigdata	10000	700000	2762	0.719976297083032	0.963352406209638	0.757775976316556
24	m4.large	48	192000	huge	10000	300000	1806	0.719976297083032	0.963352406209638	0.757775976316556
24	m4.large	48	192000	huge	10000	300000	1744	0.719976297083032	0.963352406209638	0.757775976316556
24	m4.large	48	192000	huge	10000	300000	1860	0.719976297083032	0.963352406209638	0.757775976316556
24	m4.large	48	192000	huge	10000	300000	1824	0.719976297083032	0.963352406209638	0.757775976316556
24	m4.large	48	192000	huge	10000	300000	1712	0.719976297083032	0.963352406209638	0.757775976316556
24	m4.xlarge	96	384000	bigdata	10000	700000	2597	0.724716697086843	0.939577226630061	0.806717869741047
24	m4.xlarge	96	384000	bigdata	10000	700000	2619	0.724716697086843	0.939577226630061	0.806717869741047
24	m4.xlarge	96	384000	bigdata	10000	700000	2572	0.724716697086843	0.939577226630061	0.806717869741047
24	m4.xlarge	96	384000	bigdata	10000	700000	2675	0.724716697086843	0.939577226630061	0.806717869741047
24	m4.xlarge	96	384000	bigdata	10000	700000	2320	0.724716697086843	0.939577226630061	0.806717869741047
24	m4.xlarge	96	384000	huge	10000	300000	2086	0.724716697086843	0.939577226630061	0.806717869741047
24	m4.xlarge	96	384000	huge	10000	300000	1706	0.724716697086843	0.939577226630061	0.806717869741047
24	m4.xlarge	96	384000	huge	10000	300000	1675	0.724716697086843	0.939577226630061	0.806717869741047
24	m4.xlarge	96	384000	huge	10000	300000	1545	0.724716697086843	0.939577226630061	0.806717869741047
24	m4.xlarge	96	384000	huge	10000	300000	1650	0.724716697086843	0.939577226630061	0.806717869741047
24	r4.large	48	360000	bigdata	10000	700000	2276	0.626835516578723	1.0	0.670704216951795
24	r4.large	48	360000	bigdata	10000	700000	2036	0.626835516578723	1.0	0.670704216951795
24	r4.large	48	360000	bigdata	10000	700000	2219	0.626835516578723	1.0	0.670704216951795
24	r4.large	48	360000	bigdata	10000	700000	2510	0.626835516578723	1.0	0.670704216951795
24	r4.large	48	360000	bigdata	10000	700000	2585	0.626835516578723	1.0	0.670704216951795
24	r4.large	48	360000	huge	10000	300000	1584	0.626835516578723	1.0	0.670704216951795
24	r4.large	48	360000	huge	10000	300000	1520	0.626835516578723	1.0	0.670704216951795
24	r4.large	48	360000	huge	10000	300000	1416	0.626835516578723	1.0	0.670704216951795
24	r4.large	48	360000	huge	10000	300000	1353	0.626835516578723	1.0	0.670704216951795
24	r4.large	48	360000	huge	10000	300000	1271	0.626835516578723	1.0	0.670704216951795
24	r4.xlarge	96	720000	bigdata	10000	700000	2566	0.621758403741034	0.91340066266808	0.680859830691666
24	r4.xlarge	96	720000	bigdata	10000	700000	2151	0.621758403741034	0.91340066266808	0.680859830691666
24	r4.xlarge	96	720000	bigdata	10000	700000	2155	0.621758403741034	0.91340066266808	0.680859830691666
24	r4.xlarge	96	720000	bigdata	10000	700000	2523	0.621758403741034	0.91340066266808	0.680859830691666
24	r4.xlarge	96	720000	bigdata	10000	700000	2231	0.621758403741034	0.91340066266808	0.680859830691666
24	r4.xlarge	96	720000	huge	10000	300000	1709	0.621758403741034	0.91340066266808	0.680859830691666
24	r4.xlarge	96	720000	huge	10000	300000	1950	0.621758403741034	0.91340066266808	0.680859830691666
24	r4.xlarge	96	720000	huge	10000	300000	1472	0.621758403741034	0.91340066266808	0.680859830691666
24	r4.xlarge	96	720000	huge	10000	300000	1631	0.621758403741034	0.91340066266808	0.680859830691666
24	r4.xlarge	96	720000	huge	10000	300000	1744	0.621758403741034	0.91340066266808	0.680859830691666
32	c4.large	64	96000	bigdata	10000	700000	3719	0.958215477247805	0.963738302503114	0.959066866763844
32	c4.large	64	96000	bigdata	10000	700000	3869	0.958215477247805	0.963738302503114	0.959066866763844
32	c4.large	64	96000	bigdata	10000	700000	5285	0.958215477247805	0.963738302503114	0.959066866763844
32	c4.large	64	96000	bigdata	10000	700000	4077	0.958215477247805	0.963738302503114	0.959066866763844
32	c4.large	64	96000	bigdata	10000	700000	4868	0.958215477247805	0.963738302503114	0.959066866763844
32	c4.large	64	96000	huge	10000	300000	2021	0.958215477247805	0.963738302503114	0.959066866763844
32	c4.large	64	96000	huge	10000	300000	1756	0.958215477247805	0.963738302503114	0.959066866763844
32	c4.large	64	96000	huge	10000	300000	2099	0.958215477247805	0.963738302503114	0.959066866763844
32	c4.large	64	96000	huge	10000	300000	1990	0.958215477247805	0.963738302503114	0.959066866763844
32	c4.large	64	96000	huge	10000	300000	1897	0.958215477247805	0.963738302503114	0.959066866763844
32	m4.large	64	256000	bigdata	10000	700000	2501	0.719976297083032	0.963352406209638	0.757775976316556
32	m4.large	64	256000	bigdata	10000	700000	2485	0.719976297083032	0.963352406209638	0.757775976316556
32	m4.large	64	256000	bigdata	10000	700000	2813	0.719976297083032	0.963352406209638	0.757775976316556
32	m4.large	64	256000	bigdata	10000	700000	2457	0.719976297083032	0.963352406209638	0.757775976316556
32	m4.large	64	256000	bigdata	10000	700000	2931	0.719976297083032	0.963352406209638	0.757775976316556
32	m4.large	64	256000	huge	10000	300000	2020	0.719976297083032	0.963352406209638	0.757775976316556
32	m4.large	64	256000	huge	10000	300000	1871	0.719976297083032	0.963352406209638	0.757775976316556
32	m4.large	64	256000	huge	10000	300000	1848	0.719976297083032	0.963352406209638	0.757775976316556
32	m4.large	64	256000	huge	10000	300000	2117	0.719976297083032	0.963352406209638	0.757775976316556
32	m4.large	64	256000	huge	10000	300000	1665	0.719976297083032	0.963352406209638	0.757775976316556
32	r4.large	64	480000	bigdata	10000	700000	2366	0.626835516578723	1.0	0.670704216951795
32	r4.large	64	480000	bigdata	10000	700000	2348	0.626835516578723	1.0	0.670704216951795
32	r4.large	64	480000	bigdata	10000	700000	2551	0.626835516578723	1.0	0.670704216951795
32	r4.large	64	480000	bigdata	10000	700000	2519	0.626835516578723	1.0	0.670704216951795
32	r4.large	64	480000	bigdata	10000	700000	2601	0.626835516578723	1.0	0.670704216951795
32	r4.large	64	480000	huge	10000	300000	1595	0.626835516578723	1.0	0.670704216951795
32	r4.large	64	480000	huge	10000	300000	1630	0.626835516578723	1.0	0.670704216951795
32	r4.large	64	480000	huge	10000	300000	1359	0.626835516578723	1.0	0.670704216951795
32	r4.large	64	480000	huge	10000	300000	1374	0.626835516578723	1.0	0.670704216951795
32	r4.large	64	480000	huge	10000	300000	1664	0.626835516578723	1.0	0.670704216951795
40	c4.large	80	120000	bigdata	10000	700000	3610	0.958215477247805	0.963738302503114	0.959066866763844
40	c4.large	80	120000	bigdata	10000	700000	4468	0.958215477247805	0.963738302503114	0.959066866763844
40	c4.large	80	120000	bigdata	10000	700000	3435	0.958215477247805	0.963738302503114	0.959066866763844
40	c4.large	80	120000	bigdata	10000	700000	4106	0.958215477247805	0.963738302503114	0.959066866763844
40	c4.large	80	120000	bigdata	10000	700000	4038	0.958215477247805	0.963738302503114	0.959066866763844
40	c4.large	80	120000	huge	10000	300000	2330	0.958215477247805	0.963738302503114	0.959066866763844
40	c4.large	80	120000	huge	10000	300000	2132	0.958215477247805	0.963738302503114	0.959066866763844
40	c4.large	80	120000	huge	10000	300000	1899	0.958215477247805	0.963738302503114	0.959066866763844
40	c4.large	80	120000	huge	10000	300000	2064	0.958215477247805	0.963738302503114	0.959066866763844
40	c4.large	80	120000	huge	10000	300000	1831	0.958215477247805	0.963738302503114	0.959066866763844
40	m4.large	80	320000	bigdata	10000	700000	3447	0.719976297083032	0.963352406209638	0.757775976316556
40	m4.large	80	320000	bigdata	10000	700000	3073	0.719976297083032	0.963352406209638	0.757775976316556
40	m4.large	80	320000	bigdata	10000	700000	3198	0.719976297083032	0.963352406209638	0.757775976316556
40	m4.large	80	320000	bigdata	10000	700000	3369	0.719976297083032	0.963352406209638	0.757775976316556
40	m4.large	80	320000	bigdata	10000	700000	3518	0.719976297083032	0.963352406209638	0.757775976316556
40	m4.large	80	320000	huge	10000	300000	3166	0.719976297083032	0.963352406209638	0.757775976316556
40	m4.large	80	320000	huge	10000	300000	2553	0.719976297083032	0.963352406209638	0.757775976316556
40	m4.large	80	320000	huge	10000	300000	2439	0.719976297083032	0.963352406209638	0.757775976316556
40	m4.large	80	320000	huge	10000	300000	2682	0.719976297083032	0.963352406209638	0.757775976316556
40	m4.large	80	320000	huge	10000	300000	2663	0.719976297083032	0.963352406209638	0.757775976316556
40	r4.large	80	600000	bigdata	10000	700000	3281	0.626835516578723	1.0	0.670704216951795
40	r4.large	80	600000	bigdata	10000	700000	3256	0.626835516578723	1.0	0.670704216951795
40	r4.large	80	600000	bigdata	10000	700000	2885	0.626835516578723	1.0	0.670704216951795
40	r4.large	80	600000	bigdata	10000	700000	3415	0.626835516578723	1.0	0.670704216951795
40	r4.large	80	600000	bigdata	10000	700000	3218	0.626835516578723	1.0	0.670704216951795
40	r4.large	80	600000	huge	10000	300000	2071	0.626835516578723	1.0	0.670704216951795
40	r4.large	80	600000	huge	10000	300000	2000	0.626835516578723	1.0	0.670704216951795
40	r4.large	80	600000	huge	10000	300000	2212	0.626835516578723	1.0	0.670704216951795
40	r4.large	80	600000	huge	10000	300000	2471	0.626835516578723	1.0	0.670704216951795
40	r4.large	80	600000	huge	10000	300000	2580	0.626835516578723	1.0	0.670704216951795
48	c4.large	96	144000	bigdata	10000	700000	3263	0.958215477247805	0.963738302503114	0.959066866763844
48	c4.large	96	144000	bigdata	10000	700000	2989	0.958215477247805	0.963738302503114	0.959066866763844
48	c4.large	96	144000	bigdata	10000	700000	3062	0.958215477247805	0.963738302503114	0.959066866763844
48	c4.large	96	144000	bigdata	10000	700000	3264	0.958215477247805	0.963738302503114	0.959066866763844
48	c4.large	96	144000	bigdata	10000	700000	3243	0.958215477247805	0.963738302503114	0.959066866763844
48	c4.large	96	144000	huge	10000	300000	2164	0.958215477247805	0.963738302503114	0.959066866763844
48	c4.large	96	144000	huge	10000	300000	2387	0.958215477247805	0.963738302503114	0.959066866763844
48	c4.large	96	144000	huge	10000	300000	2018	0.958215477247805	0.963738302503114	0.959066866763844
48	c4.large	96	144000	huge	10000	300000	2253	0.958215477247805	0.963738302503114	0.959066866763844
48	c4.large	96	144000	huge	10000	300000	1911	0.958215477247805	0.963738302503114	0.959066866763844
48	m4.large	96	384000	bigdata	10000	700000	2567	0.719976297083032	0.963352406209638	0.757775976316556
48	m4.large	96	384000	bigdata	10000	700000	2897	0.719976297083032	0.963352406209638	0.757775976316556
48	m4.large	96	384000	bigdata	10000	700000	2352	0.719976297083032	0.963352406209638	0.757775976316556
48	m4.large	96	384000	bigdata	10000	700000	3276	0.719976297083032	0.963352406209638	0.757775976316556
48	m4.large	96	384000	bigdata	10000	700000	2773	0.719976297083032	0.963352406209638	0.757775976316556
48	m4.large	96	384000	huge	10000	300000	1807	0.719976297083032	0.963352406209638	0.757775976316556
48	m4.large	96	384000	huge	10000	300000	1917	0.719976297083032	0.963352406209638	0.757775976316556
48	m4.large	96	384000	huge	10000	300000	2231	0.719976297083032	0.963352406209638	0.757775976316556
48	m4.large	96	384000	huge	10000	300000	1791	0.719976297083032	0.963352406209638	0.757775976316556
48	m4.large	96	384000	huge	10000	300000	1938	0.719976297083032	0.963352406209638	0.757775976316556
48	r4.large	96	720000	bigdata	10000	700000	2918	0.626835516578723	1.0	0.670704216951795
48	r4.large	96	720000	bigdata	10000	700000	2910	0.626835516578723	1.0	0.670704216951795
48	r4.large	96	720000	bigdata	10000	700000	2562	0.626835516578723	1.0	0.670704216951795
48	r4.large	96	720000	bigdata	10000	700000	2269	0.626835516578723	1.0	0.670704216951795
48	r4.large	96	720000	bigdata	10000	700000	2178	0.626835516578723	1.0	0.670704216951795
48	r4.large	96	720000	huge	10000	300000	1741	0.626835516578723	1.0	0.670704216951795
48	r4.large	96	720000	huge	10000	300000	1754	0.626835516578723	1.0	0.670704216951795
48	r4.large	96	720000	huge	10000	300000	1887	0.626835516578723	1.0	0.670704216951795
48	r4.large	96	720000	huge	10000	300000	1862	0.626835516578723	1.0	0.670704216951795
48	r4.large	96	720000	huge	10000	300000	1678	0.626835516578723	1.0	0.670704216951795
