instance_count	machine_type	slots	memory	data_size_MB	pages	convergence_criterion	gross_runtime	cpu_sysbench	disk_seq_fio	memory_sysbench
4	c4.2xlarge	32	60000	huge	5000000	0.0	544	1.0	0.975170773880192	0.995589462652916
4	c4.2xlarge	32	60000	huge	5000000	0.0	483	1.0	0.975170773880192	0.995589462652916
4	c4.2xlarge	32	60000	huge	5000000	0.0	336	1.0	0.975170773880192	0.995589462652916
4	c4.2xlarge	32	60000	huge	5000000	0.0	521	1.0	0.975170773880192	0.995589462652916
4	c4.2xlarge	32	60000	huge	5000000	0.0	472	1.0	0.975170773880192	0.995589462652916
4	m4.2xlarge	32	128000	bigdata	50000000	0.0	1045	0.73813508679461	0.917837907061713	0.817114731721182
4	m4.2xlarge	32	128000	bigdata	50000000	0.0	838	0.73813508679461	0.917837907061713	0.817114731721182
4	m4.2xlarge	32	128000	bigdata	50000000	0.0	935	0.73813508679461	0.917837907061713	0.817114731721182
4	m4.2xlarge	32	128000	bigdata	50000000	0.0	864	0.73813508679461	0.917837907061713	0.817114731721182
4	m4.2xlarge	32	128000	bigdata	50000000	0.0	955	0.73813508679461	0.917837907061713	0.817114731721182
4	m4.2xlarge	32	128000	huge	5000000	0.0	352	0.73813508679461	0.917837907061713	0.817114731721182
4	m4.2xlarge	32	128000	huge	5000000	0.0	320	0.73813508679461	0.917837907061713	0.817114731721182
4	m4.2xlarge	32	128000	huge	5000000	0.0	301	0.73813508679461	0.917837907061713	0.817114731721182
4	m4.2xlarge	32	128000	huge	5000000	0.0	347	0.73813508679461	0.917837907061713	0.817114731721182
4	m4.2xlarge	32	128000	huge	5000000	0.0	305	0.73813508679461	0.917837907061713	0.817114731721182
4	m4.large	8	32000	huge	5000000	0.0	1515	0.719976297083032	0.963352406209638	0.757775976316556
4	m4.large	8	32000	huge	5000000	0.0	1353	0.719976297083032	0.963352406209638	0.757775976316556
4	m4.large	8	32000	huge	5000000	0.0	1360	0.719976297083032	0.963352406209638	0.757775976316556
4	m4.large	8	32000	huge	5000000	0.0	1299	0.719976297083032	0.963352406209638	0.757775976316556
4	m4.large	8	32000	huge	5000000	0.0	1405	0.719976297083032	0.963352406209638	0.757775976316556
4	m4.xlarge	16	64000	huge	5000000	0.0	819	0.724716697086843	0.939577226630061	0.806717869741047
4	m4.xlarge	16	64000	huge	5000000	0.0	648	0.724716697086843	0.939577226630061	0.806717869741047
4	m4.xlarge	16	64000	huge	5000000	0.0	757	0.724716697086843	0.939577226630061	0.806717869741047
4	m4.xlarge	16	64000	huge	5000000	0.0	672	0.724716697086843	0.939577226630061	0.806717869741047
4	m4.xlarge	16	64000	huge	5000000	0.0	779	0.724716697086843	0.939577226630061	0.806717869741047
4	r4.2xlarge	32	244000	bigdata	50000000	0.0	711	0.621439738915361	0.699904926309755	0.683905823195575
4	r4.2xlarge	32	244000	bigdata	50000000	0.0	620	0.621439738915361	0.699904926309755	0.683905823195575
4	r4.2xlarge	32	244000	bigdata	50000000	0.0	555	0.621439738915361	0.699904926309755	0.683905823195575
4	r4.2xlarge	32	244000	bigdata	50000000	0.0	537	0.621439738915361	0.699904926309755	0.683905823195575
4	r4.2xlarge	32	244000	bigdata	50000000	0.0	585	0.621439738915361	0.699904926309755	0.683905823195575
4	r4.2xlarge	32	244000	huge	5000000	0.0	278	0.621439738915361	0.699904926309755	0.683905823195575
4	r4.2xlarge	32	244000	huge	5000000	0.0	286	0.621439738915361	0.699904926309755	0.683905823195575
4	r4.2xlarge	32	244000	huge	5000000	0.0	264	0.621439738915361	0.699904926309755	0.683905823195575
4	r4.2xlarge	32	244000	huge	5000000	0.0	300	0.621439738915361	0.699904926309755	0.683905823195575
4	r4.2xlarge	32	244000	huge	5000000	0.0	298	0.621439738915361	0.699904926309755	0.683905823195575
4	r4.large	8	60000	bigdata	50000000	0.0	2453	0.626835516578723	1.0	0.670704216951795
4	r4.large	8	60000	bigdata	50000000	0.0	2788	0.626835516578723	1.0	0.670704216951795
4	r4.large	8	60000	bigdata	50000000	0.0	2549	0.626835516578723	1.0	0.670704216951795
4	r4.large	8	60000	bigdata	50000000	0.0	2677	0.626835516578723	1.0	0.670704216951795
4	r4.large	8	60000	bigdata	50000000	0.0	2260	0.626835516578723	1.0	0.670704216951795
4	r4.large	8	60000	huge	5000000	0.0	979	0.626835516578723	1.0	0.670704216951795
4	r4.large	8	60000	huge	5000000	0.0	906	0.626835516578723	1.0	0.670704216951795
4	r4.large	8	60000	huge	5000000	0.0	745	0.626835516578723	1.0	0.670704216951795
4	r4.large	8	60000	huge	5000000	0.0	915	0.626835516578723	1.0	0.670704216951795
4	r4.large	8	60000	huge	5000000	0.0	1006	0.626835516578723	1.0	0.670704216951795
4	r4.xlarge	16	120000	bigdata	50000000	0.0	1040	0.621758403741034	0.91340066266808	0.680859830691666
4	r4.xlarge	16	120000	bigdata	50000000	0.0	1295	0.621758403741034	0.91340066266808	0.680859830691666
4	r4.xlarge	16	120000	bigdata	50000000	0.0	1155	0.621758403741034	0.91340066266808	0.680859830691666
4	r4.xlarge	16	120000	bigdata	50000000	0.0	1027	0.621758403741034	0.91340066266808	0.680859830691666
4	r4.xlarge	16	120000	bigdata	50000000	0.0	1147	0.621758403741034	0.91340066266808	0.680859830691666
4	r4.xlarge	16	120000	huge	5000000	0.0	438	0.621758403741034	0.91340066266808	0.680859830691666
4	r4.xlarge	16	120000	huge	5000000	0.0	517	0.621758403741034	0.91340066266808	0.680859830691666
4	r4.xlarge	16	120000	huge	5000000	0.0	523	0.621758403741034	0.91340066266808	0.680859830691666
4	r4.xlarge	16	120000	huge	5000000	0.0	444	0.621758403741034	0.91340066266808	0.680859830691666
4	r4.xlarge	16	120000	huge	5000000	0.0	495	0.621758403741034	0.91340066266808	0.680859830691666
6	c4.2xlarge	48	90000	huge	5000000	0.0	270	1.0	0.975170773880192	0.995589462652916
6	c4.2xlarge	48	90000	huge	5000000	0.0	312	1.0	0.975170773880192	0.995589462652916
6	c4.2xlarge	48	90000	huge	5000000	0.0	312	1.0	0.975170773880192	0.995589462652916
6	c4.2xlarge	48	90000	huge	5000000	0.0	277	1.0	0.975170773880192	0.995589462652916
6	c4.2xlarge	48	90000	huge	5000000	0.0	240	1.0	0.975170773880192	0.995589462652916
6	c4.xlarge	24	42000	huge	5000000	0.0	562	0.981580131098954	0.916863624781091	1.0
6	c4.xlarge	24	42000	huge	5000000	0.0	613	0.981580131098954	0.916863624781091	1.0
6	c4.xlarge	24	42000	huge	5000000	0.0	541	0.981580131098954	0.916863624781091	1.0
6	c4.xlarge	24	42000	huge	5000000	0.0	582	0.981580131098954	0.916863624781091	1.0
6	c4.xlarge	24	42000	huge	5000000	0.0	554	0.981580131098954	0.916863624781091	1.0
6	m4.2xlarge	48	192000	bigdata	50000000	0.0	557	0.73813508679461	0.917837907061713	0.817114731721182
6	m4.2xlarge	48	192000	bigdata	50000000	0.0	609	0.73813508679461	0.917837907061713	0.817114731721182
6	m4.2xlarge	48	192000	bigdata	50000000	0.0	569	0.73813508679461	0.917837907061713	0.817114731721182
6	m4.2xlarge	48	192000	bigdata	50000000	0.0	635	0.73813508679461	0.917837907061713	0.817114731721182
6	m4.2xlarge	48	192000	bigdata	50000000	0.0	544	0.73813508679461	0.917837907061713	0.817114731721182
6	m4.2xlarge	48	192000	huge	5000000	0.0	273	0.73813508679461	0.917837907061713	0.817114731721182
6	m4.2xlarge	48	192000	huge	5000000	0.0	232	0.73813508679461	0.917837907061713	0.817114731721182
6	m4.2xlarge	48	192000	huge	5000000	0.0	223	0.73813508679461	0.917837907061713	0.817114731721182
6	m4.2xlarge	48	192000	huge	5000000	0.0	281	0.73813508679461	0.917837907061713	0.817114731721182
6	m4.2xlarge	48	192000	huge	5000000	0.0	307	0.73813508679461	0.917837907061713	0.817114731721182
6	m4.large	12	48000	bigdata	50000000	0.0	2565	0.719976297083032	0.963352406209638	0.757775976316556
6	m4.large	12	48000	bigdata	50000000	0.0	2301	0.719976297083032	0.963352406209638	0.757775976316556
6	m4.large	12	48000	bigdata	50000000	0.0	2730	0.719976297083032	0.963352406209638	0.757775976316556
6	m4.large	12	48000	bigdata	50000000	0.0	2213	0.719976297083032	0.963352406209638	0.757775976316556
6	m4.large	12	48000	bigdata	50000000	0.0	2503	0.719976297083032	0.963352406209638	0.757775976316556
6	m4.large	12	48000	huge	5000000	0.0	1167	0.719976297083032	0.963352406209638	0.757775976316556
6	m4.large	12	48000	huge	5000000	0.0	1038	0.719976297083032	0.963352406209638	0.757775976316556
6	m4.large	12	48000	huge	5000000	0.0	832	0.719976297083032	0.963352406209638	0.757775976316556
6	m4.large	12	48000	huge	5000000	0.0	913	0.719976297083032	0.963352406209638	0.757775976316556
6	m4.large	12	48000	huge	5000000	0.0	885	0.719976297083032	0.963352406209638	0.757775976316556
6	m4.xlarge	24	96000	bigdata	50000000	0.0	910	0.724716697086843	0.939577226630061	0.806717869741047
6	m4.xlarge	24	96000	bigdata	50000000	0.0	1092	0.724716697086843	0.939577226630061	0.806717869741047
6	m4.xlarge	24	96000	bigdata	50000000	0.0	1013	0.724716697086843	0.939577226630061	0.806717869741047
6	m4.xlarge	24	96000	bigdata	50000000	0.0	1188	0.724716697086843	0.939577226630061	0.806717869741047
6	m4.xlarge	24	96000	bigdata	50000000	0.0	944	0.724716697086843	0.939577226630061	0.806717869741047
6	m4.xlarge	24	96000	huge	5000000	0.0	353	0.724716697086843	0.939577226630061	0.806717869741047
6	m4.xlarge	24	96000	huge	5000000	0.0	416	0.724716697086843	0.939577226630061	0.806717869741047
6	m4.xlarge	24	96000	huge	5000000	0.0	389	0.724716697086843	0.939577226630061	0.806717869741047
6	m4.xlarge	24	96000	huge	5000000	0.0	324	0.724716697086843	0.939577226630061	0.806717869741047
6	m4.xlarge	24	96000	huge	5000000	0.0	421	0.724716697086843	0.939577226630061	0.806717869741047
6	r4.2xlarge	48	366000	bigdata	50000000	0.0	382	0.621439738915361	0.699904926309755	0.683905823195575
6	r4.2xlarge	48	366000	bigdata	50000000	0.0	367	0.621439738915361	0.699904926309755	0.683905823195575
6	r4.2xlarge	48	366000	bigdata	50000000	0.0	397	0.621439738915361	0.699904926309755	0.683905823195575
6	r4.2xlarge	48	366000	bigdata	50000000	0.0	377	0.621439738915361	0.699904926309755	0.683905823195575
6	r4.2xlarge	48	366000	bigdata	50000000	0.0	380	0.621439738915361	0.699904926309755	0.683905823195575
6	r4.2xlarge	48	366000	huge	5000000	0.0	199	0.621439738915361	0.699904926309755	0.683905823195575
6	r4.2xlarge	48	366000	huge	5000000	0.0	212	0.621439738915361	0.699904926309755	0.683905823195575
6	r4.2xlarge	48	366000	huge	5000000	0.0	209	0.621439738915361	0.699904926309755	0.683905823195575
6	r4.2xlarge	48	366000	huge	5000000	0.0	203	0.621439738915361	0.699904926309755	0.683905823195575
6	r4.2xlarge	48	366000	huge	5000000	0.0	225	0.621439738915361	0.699904926309755	0.683905823195575
6	r4.large	12	90000	bigdata	50000000	0.0	1464	0.626835516578723	1.0	0.670704216951795
6	r4.large	12	90000	bigdata	50000000	0.0	1653	0.626835516578723	1.0	0.670704216951795
6	r4.large	12	90000	bigdata	50000000	0.0	1462	0.626835516578723	1.0	0.670704216951795
6	r4.large	12	90000	bigdata	50000000	0.0	1566	0.626835516578723	1.0	0.670704216951795
6	r4.large	12	90000	bigdata	50000000	0.0	1404	0.626835516578723	1.0	0.670704216951795
6	r4.large	12	90000	huge	5000000	0.0	663	0.626835516578723	1.0	0.670704216951795
6	r4.large	12	90000	huge	5000000	0.0	691	0.626835516578723	1.0	0.670704216951795
6	r4.large	12	90000	huge	5000000	0.0	794	0.626835516578723	1.0	0.670704216951795
6	r4.large	12	90000	huge	5000000	0.0	765	0.626835516578723	1.0	0.670704216951795
6	r4.large	12	90000	huge	5000000	0.0	652	0.626835516578723	1.0	0.670704216951795
6	r4.xlarge	24	180000	bigdata	50000000	0.0	649	0.621758403741034	0.91340066266808	0.680859830691666
6	r4.xlarge	24	180000	bigdata	50000000	0.0	784	0.621758403741034	0.91340066266808	0.680859830691666
6	r4.xlarge	24	180000	bigdata	50000000	0.0	824	0.621758403741034	0.91340066266808	0.680859830691666
6	r4.xlarge	24	180000	bigdata	50000000	0.0	657	0.621758403741034	0.91340066266808	0.680859830691666
6	r4.xlarge	24	180000	bigdata	50000000	0.0	642	0.621758403741034	0.91340066266808	0.680859830691666
6	r4.xlarge	24	180000	huge	5000000	0.0	421	0.621758403741034	0.91340066266808	0.680859830691666
6	r4.xlarge	24	180000	huge	5000000	0.0	347	0.621758403741034	0.91340066266808	0.680859830691666
6	r4.xlarge	24	180000	huge	5000000	0.0	374	0.621758403741034	0.91340066266808	0.680859830691666
6	r4.xlarge	24	180000	huge	5000000	0.0	385	0.621758403741034	0.91340066266808	0.680859830691666
6	r4.xlarge	24	180000	huge	5000000	0.0	380	0.621758403741034	0.91340066266808	0.680859830691666
8	c4.2xlarge	64	120000	huge	5000000	0.0	236	1.0	0.975170773880192	0.995589462652916
8	c4.2xlarge	64	120000	huge	5000000	0.0	236	1.0	0.975170773880192	0.995589462652916
8	c4.2xlarge	64	120000	huge	5000000	0.0	226	1.0	0.975170773880192	0.995589462652916
8	c4.2xlarge	64	120000	huge	5000000	0.0	247	1.0	0.975170773880192	0.995589462652916
8	c4.2xlarge	64	120000	huge	5000000	0.0	226	1.0	0.975170773880192	0.995589462652916
8	c4.xlarge	32	56000	huge	5000000	0.0	475	0.981580131098954	0.916863624781091	1.0
8	c4.xlarge	32	56000	huge	5000000	0.0	404	0.981580131098954	0.916863624781091	1.0
8	c4.xlarge	32	56000	huge	5000000	0.0	539	0.981580131098954	0.916863624781091	1.0
8	c4.xlarge	32	56000	huge	5000000	0.0	457	0.981580131098954	0.916863624781091	1.0
8	c4.xlarge	32	56000	huge	5000000	0.0	530	0.981580131098954	0.916863624781091	1.0
8	m4.2xlarge	64	256000	bigdata	50000000	0.0	335	0.73813508679461	0.917837907061713	0.817114731721182
8	m4.2xlarge	64	256000	bigdata	50000000	0.0	390	0.73813508679461	0.917837907061713	0.817114731721182
8	m4.2xlarge	64	256000	bigdata	50000000	0.0	313	0.73813508679461	0.917837907061713	0.817114731721182
8	m4.2xlarge	64	256000	bigdata	50000000	0.0	387	0.73813508679461	0.917837907061713	0.817114731721182
8	m4.2xlarge	64	256000	bigdata	50000000	0.0	338	0.73813508679461	0.917837907061713	0.817114731721182
8	m4.2xlarge	64	256000	huge	5000000	0.0	213	0.73813508679461	0.917837907061713	0.817114731721182
8	m4.2xlarge	64	256000	huge	5000000	0.0	217	0.73813508679461	0.917837907061713	0.817114731721182
8	m4.2xlarge	64	256000	huge	5000000	0.0	285	0.73813508679461	0.917837907061713	0.817114731721182
8	m4.2xlarge	64	256000	huge	5000000	0.0	189	0.73813508679461	0.917837907061713	0.817114731721182
8	m4.2xlarge	64	256000	huge	5000000	0.0	227	0.73813508679461	0.917837907061713	0.817114731721182
8	m4.large	16	64000	huge	5000000	0.0	821	0.719976297083032	0.963352406209638	0.757775976316556
8	m4.large	16	64000	huge	5000000	0.0	573	0.719976297083032	0.963352406209638	0.757775976316556
8	m4.large	16	64000	huge	5000000	0.0	612	0.719976297083032	0.963352406209638	0.757775976316556
8	m4.large	16	64000	huge	5000000	0.0	589	0.719976297083032	0.963352406209638	0.757775976316556
8	m4.large	16	64000	huge	5000000	0.0	697	0.719976297083032	0.963352406209638	0.757775976316556
8	m4.xlarge	32	128000	bigdata	50000000	0.0	717	0.724716697086843	0.939577226630061	0.806717869741047
8	m4.xlarge	32	128000	bigdata	50000000	0.0	693	0.724716697086843	0.939577226630061	0.806717869741047
8	m4.xlarge	32	128000	bigdata	50000000	0.0	702	0.724716697086843	0.939577226630061	0.806717869741047
8	m4.xlarge	32	128000	bigdata	50000000	0.0	723	0.724716697086843	0.939577226630061	0.806717869741047
8	m4.xlarge	32	128000	bigdata	50000000	0.0	877	0.724716697086843	0.939577226630061	0.806717869741047
8	m4.xlarge	32	128000	huge	5000000	0.0	309	0.724716697086843	0.939577226630061	0.806717869741047
8	m4.xlarge	32	128000	huge	5000000	0.0	333	0.724716697086843	0.939577226630061	0.806717869741047
8	m4.xlarge	32	128000	huge	5000000	0.0	347	0.724716697086843	0.939577226630061	0.806717869741047
8	m4.xlarge	32	128000	huge	5000000	0.0	289	0.724716697086843	0.939577226630061	0.806717869741047
8	m4.xlarge	32	128000	huge	5000000	0.0	323	0.724716697086843	0.939577226630061	0.806717869741047
8	r4.2xlarge	64	488000	bigdata	50000000	0.0	359	0.621439738915361	0.699904926309755	0.683905823195575
8	r4.2xlarge	64	488000	bigdata	50000000	0.0	301	0.621439738915361	0.699904926309755	0.683905823195575
8	r4.2xlarge	64	488000	bigdata	50000000	0.0	288	0.621439738915361	0.699904926309755	0.683905823195575
8	r4.2xlarge	64	488000	bigdata	50000000	0.0	301	0.621439738915361	0.699904926309755	0.683905823195575
8	r4.2xlarge	64	488000	bigdata	50000000	0.0	289	0.621439738915361	0.699904926309755	0.683905823195575
8	r4.2xlarge	64	488000	huge	5000000	0.0	193	0.621439738915361	0.699904926309755	0.683905823195575
8	r4.2xlarge	64	488000	huge	5000000	0.0	192	0.621439738915361	0.699904926309755	0.683905823195575
8	r4.2xlarge	64	488000	huge	5000000	0.0	167	0.621439738915361	0.699904926309755	0.683905823195575
8	r4.2xlarge	64	488000	huge	5000000	0.0	218	0.621439738915361	0.699904926309755	0.683905823195575
8	r4.2xlarge	64	488000	huge	5000000	0.0	184	0.621439738915361	0.699904926309755	0.683905823195575
8	r4.large	16	120000	bigdata	50000000	0.0	1029	0.626835516578723	1.0	0.670704216951795
8	r4.large	16	120000	bigdata	50000000	0.0	1229	0.626835516578723	1.0	0.670704216951795
8	r4.large	16	120000	bigdata	50000000	0.0	1343	0.626835516578723	1.0	0.670704216951795
8	r4.large	16	120000	bigdata	50000000	0.0	1139	0.626835516578723	1.0	0.670704216951795
8	r4.large	16	120000	bigdata	50000000	0.0	1199	0.626835516578723	1.0	0.670704216951795
8	r4.large	16	120000	huge	5000000	0.0	420	0.626835516578723	1.0	0.670704216951795
8	r4.large	16	120000	huge	5000000	0.0	626	0.626835516578723	1.0	0.670704216951795
8	r4.large	16	120000	huge	5000000	0.0	533	0.626835516578723	1.0	0.670704216951795
8	r4.large	16	120000	huge	5000000	0.0	519	0.626835516578723	1.0	0.670704216951795
8	r4.large	16	120000	huge	5000000	0.0	487	0.626835516578723	1.0	0.670704216951795
8	r4.xlarge	32	240000	bigdata	50000000	0.0	654	0.621758403741034	0.91340066266808	0.680859830691666
8	r4.xlarge	32	240000	bigdata	50000000	0.0	572	0.621758403741034	0.91340066266808	0.680859830691666
8	r4.xlarge	32	240000	bigdata	50000000	0.0	588	0.621758403741034	0.91340066266808	0.680859830691666
8	r4.xlarge	32	240000	bigdata	50000000	0.0	619	0.621758403741034	0.91340066266808	0.680859830691666
8	r4.xlarge	32	240000	bigdata	50000000	0.0	648	0.621758403741034	0.91340066266808	0.680859830691666
8	r4.xlarge	32	240000	huge	5000000	0.0	302	0.621758403741034	0.91340066266808	0.680859830691666
8	r4.xlarge	32	240000	huge	5000000	0.0	277	0.621758403741034	0.91340066266808	0.680859830691666
8	r4.xlarge	32	240000	huge	5000000	0.0	266	0.621758403741034	0.91340066266808	0.680859830691666
8	r4.xlarge	32	240000	huge	5000000	0.0	332	0.621758403741034	0.91340066266808	0.680859830691666
8	r4.xlarge	32	240000	huge	5000000	0.0	258	0.621758403741034	0.91340066266808	0.680859830691666
10	c4.2xlarge	80	150000	bigdata	50000000	0.0	445	1.0	0.975170773880192	0.995589462652916
10	c4.2xlarge	80	150000	bigdata	50000000	0.0	428	1.0	0.975170773880192	0.995589462652916
10	c4.2xlarge	80	150000	bigdata	50000000	0.0	446	1.0	0.975170773880192	0.995589462652916
10	c4.2xlarge	80	150000	bigdata	50000000	0.0	460	1.0	0.975170773880192	0.995589462652916
10	c4.2xlarge	80	150000	bigdata	50000000	0.0	428	1.0	0.975170773880192	0.995589462652916
10	c4.2xlarge	80	150000	huge	5000000	0.0	177	1.0	0.975170773880192	0.995589462652916
10	c4.2xlarge	80	150000	huge	5000000	0.0	198	1.0	0.975170773880192	0.995589462652916
10	c4.2xlarge	80	150000	huge	5000000	0.0	204	1.0	0.975170773880192	0.995589462652916
10	c4.2xlarge	80	150000	huge	5000000	0.0	189	1.0	0.975170773880192	0.995589462652916
10	c4.2xlarge	80	150000	huge	5000000	0.0	178	1.0	0.975170773880192	0.995589462652916
10	c4.large	20	30000	huge	5000000	0.0	808	0.958215477247805	0.963738302503114	0.959066866763844
10	c4.large	20	30000	huge	5000000	0.0	819	0.958215477247805	0.963738302503114	0.959066866763844
10	c4.large	20	30000	huge	5000000	0.0	663	0.958215477247805	0.963738302503114	0.959066866763844
10	c4.large	20	30000	huge	5000000	0.0	686	0.958215477247805	0.963738302503114	0.959066866763844
10	c4.large	20	30000	huge	5000000	0.0	783	0.958215477247805	0.963738302503114	0.959066866763844
10	c4.xlarge	40	70000	bigdata	50000000	0.0	788	0.981580131098954	0.916863624781091	1.0
10	c4.xlarge	40	70000	bigdata	50000000	0.0	913	0.981580131098954	0.916863624781091	1.0
10	c4.xlarge	40	70000	bigdata	50000000	0.0	744	0.981580131098954	0.916863624781091	1.0
10	c4.xlarge	40	70000	bigdata	50000000	0.0	901	0.981580131098954	0.916863624781091	1.0
10	c4.xlarge	40	70000	bigdata	50000000	0.0	871	0.981580131098954	0.916863624781091	1.0
10	c4.xlarge	40	70000	huge	5000000	0.0	356	0.981580131098954	0.916863624781091	1.0
10	c4.xlarge	40	70000	huge	5000000	0.0	423	0.981580131098954	0.916863624781091	1.0
10	c4.xlarge	40	70000	huge	5000000	0.0	337	0.981580131098954	0.916863624781091	1.0
10	c4.xlarge	40	70000	huge	5000000	0.0	347	0.981580131098954	0.916863624781091	1.0
10	c4.xlarge	40	70000	huge	5000000	0.0	425	0.981580131098954	0.916863624781091	1.0
10	m4.2xlarge	80	320000	bigdata	50000000	0.0	321	0.73813508679461	0.917837907061713	0.817114731721182
10	m4.2xlarge	80	320000	bigdata	50000000	0.0	302	0.73813508679461	0.917837907061713	0.817114731721182
10	m4.2xlarge	80	320000	bigdata	50000000	0.0	350	0.73813508679461	0.917837907061713	0.817114731721182
10	m4.2xlarge	80	320000	bigdata	50000000	0.0	315	0.73813508679461	0.917837907061713	0.817114731721182
10	m4.2xlarge	80	320000	bigdata	50000000	0.0	357	0.73813508679461	0.917837907061713	0.817114731721182
10	m4.2xlarge	80	320000	huge	5000000	0.0	227	0.73813508679461	0.917837907061713	0.817114731721182
10	m4.2xlarge	80	320000	huge	5000000	0.0	234	0.73813508679461	0.917837907061713	0.817114731721182
10	m4.2xlarge	80	320000	huge	5000000	0.0	173	0.73813508679461	0.917837907061713	0.817114731721182
10	m4.2xlarge	80	320000	huge	5000000	0.0	183	0.73813508679461	0.917837907061713	0.817114731721182
10	m4.2xlarge	80	320000	huge	5000000	0.0	187	0.73813508679461	0.917837907061713	0.817114731721182
10	m4.large	20	80000	bigdata	50000000	0.0	1050	0.719976297083032	0.963352406209638	0.757775976316556
10	m4.large	20	80000	bigdata	50000000	0.0	1026	0.719976297083032	0.963352406209638	0.757775976316556
10	m4.large	20	80000	bigdata	50000000	0.0	1158	0.719976297083032	0.963352406209638	0.757775976316556
10	m4.large	20	80000	bigdata	50000000	0.0	1162	0.719976297083032	0.963352406209638	0.757775976316556
10	m4.large	20	80000	bigdata	50000000	0.0	1094	0.719976297083032	0.963352406209638	0.757775976316556
10	m4.large	20	80000	huge	5000000	0.0	452	0.719976297083032	0.963352406209638	0.757775976316556
10	m4.large	20	80000	huge	5000000	0.0	468	0.719976297083032	0.963352406209638	0.757775976316556
10	m4.large	20	80000	huge	5000000	0.0	441	0.719976297083032	0.963352406209638	0.757775976316556
10	m4.large	20	80000	huge	5000000	0.0	435	0.719976297083032	0.963352406209638	0.757775976316556
10	m4.large	20	80000	huge	5000000	0.0	487	0.719976297083032	0.963352406209638	0.757775976316556
10	m4.xlarge	40	160000	bigdata	50000000	0.0	490	0.724716697086843	0.939577226630061	0.806717869741047
10	m4.xlarge	40	160000	bigdata	50000000	0.0	503	0.724716697086843	0.939577226630061	0.806717869741047
10	m4.xlarge	40	160000	bigdata	50000000	0.0	505	0.724716697086843	0.939577226630061	0.806717869741047
10	m4.xlarge	40	160000	bigdata	50000000	0.0	568	0.724716697086843	0.939577226630061	0.806717869741047
10	m4.xlarge	40	160000	bigdata	50000000	0.0	479	0.724716697086843	0.939577226630061	0.806717869741047
10	m4.xlarge	40	160000	huge	5000000	0.0	266	0.724716697086843	0.939577226630061	0.806717869741047
10	m4.xlarge	40	160000	huge	5000000	0.0	326	0.724716697086843	0.939577226630061	0.806717869741047
10	m4.xlarge	40	160000	huge	5000000	0.0	236	0.724716697086843	0.939577226630061	0.806717869741047
10	m4.xlarge	40	160000	huge	5000000	0.0	280	0.724716697086843	0.939577226630061	0.806717869741047
10	m4.xlarge	40	160000	huge	5000000	0.0	234	0.724716697086843	0.939577226630061	0.806717869741047
10	r4.2xlarge	80	610000	bigdata	50000000	0.0	318	0.621439738915361	0.699904926309755	0.683905823195575
10	r4.2xlarge	80	610000	bigdata	50000000	0.0	256	0.621439738915361	0.699904926309755	0.683905823195575
10	r4.2xlarge	80	610000	bigdata	50000000	0.0	254	0.621439738915361	0.699904926309755	0.683905823195575
10	r4.2xlarge	80	610000	bigdata	50000000	0.0	295	0.621439738915361	0.699904926309755	0.683905823195575
10	r4.2xlarge	80	610000	bigdata	50000000	0.0	281	0.621439738915361	0.699904926309755	0.683905823195575
10	r4.2xlarge	80	610000	huge	5000000	0.0	181	0.621439738915361	0.699904926309755	0.683905823195575
10	r4.2xlarge	80	610000	huge	5000000	0.0	194	0.621439738915361	0.699904926309755	0.683905823195575
10	r4.2xlarge	80	610000	huge	5000000	0.0	166	0.621439738915361	0.699904926309755	0.683905823195575
10	r4.2xlarge	80	610000	huge	5000000	0.0	199	0.621439738915361	0.699904926309755	0.683905823195575
10	r4.2xlarge	80	610000	huge	5000000	0.0	190	0.621439738915361	0.699904926309755	0.683905823195575
10	r4.large	20	150000	bigdata	50000000	0.0	907	0.626835516578723	1.0	0.670704216951795
10	r4.large	20	150000	bigdata	50000000	0.0	786	0.626835516578723	1.0	0.670704216951795
10	r4.large	20	150000	bigdata	50000000	0.0	853	0.626835516578723	1.0	0.670704216951795
10	r4.large	20	150000	bigdata	50000000	0.0	782	0.626835516578723	1.0	0.670704216951795
10	r4.large	20	150000	bigdata	50000000	0.0	974	0.626835516578723	1.0	0.670704216951795
10	r4.large	20	150000	huge	5000000	0.0	496	0.626835516578723	1.0	0.670704216951795
10	r4.large	20	150000	huge	5000000	0.0	453	0.626835516578723	1.0	0.670704216951795
10	r4.large	20	150000	huge	5000000	0.0	464	0.626835516578723	1.0	0.670704216951795
10	r4.large	20	150000	huge	5000000	0.0	457	0.626835516578723	1.0	0.670704216951795
10	r4.large	20	150000	huge	5000000	0.0	479	0.626835516578723	1.0	0.670704216951795
10	r4.xlarge	40	300000	bigdata	50000000	0.0	479	0.621758403741034	0.91340066266808	0.680859830691666
10	r4.xlarge	40	300000	bigdata	50000000	0.0	398	0.621758403741034	0.91340066266808	0.680859830691666
10	r4.xlarge	40	300000	bigdata	50000000	0.0	455	0.621758403741034	0.91340066266808	0.680859830691666
10	r4.xlarge	40	300000	bigdata	50000000	0.0	504	0.621758403741034	0.91340066266808	0.680859830691666
10	r4.xlarge	40	300000	bigdata	50000000	0.0	402	0.621758403741034	0.91340066266808	0.680859830691666
10	r4.xlarge	40	300000	huge	5000000	0.0	264	0.621758403741034	0.91340066266808	0.680859830691666
10	r4.xlarge	40	300000	huge	5000000	0.0	260	0.621758403741034	0.91340066266808	0.680859830691666
10	r4.xlarge	40	300000	huge	5000000	0.0	272	0.621758403741034	0.91340066266808	0.680859830691666
10	r4.xlarge	40	300000	huge	5000000	0.0	236	0.621758403741034	0.91340066266808	0.680859830691666
10	r4.xlarge	40	300000	huge	5000000	0.0	209	0.621758403741034	0.91340066266808	0.680859830691666
12	c4.2xlarge	96	180000	bigdata	50000000	0.0	346	1.0	0.975170773880192	0.995589462652916
12	c4.2xlarge	96	180000	bigdata	50000000	0.0	305	1.0	0.975170773880192	0.995589462652916
12	c4.2xlarge	96	180000	bigdata	50000000	0.0	334	1.0	0.975170773880192	0.995589462652916
12	c4.2xlarge	96	180000	bigdata	50000000	0.0	333	1.0	0.975170773880192	0.995589462652916
12	c4.2xlarge	96	180000	bigdata	50000000	0.0	335	1.0	0.975170773880192	0.995589462652916
12	c4.2xlarge	96	180000	huge	5000000	0.0	210	1.0	0.975170773880192	0.995589462652916
12	c4.2xlarge	96	180000	huge	5000000	0.0	226	1.0	0.975170773880192	0.995589462652916
12	c4.2xlarge	96	180000	huge	5000000	0.0	180	1.0	0.975170773880192	0.995589462652916
12	c4.2xlarge	96	180000	huge	5000000	0.0	232	1.0	0.975170773880192	0.995589462652916
12	c4.2xlarge	96	180000	huge	5000000	0.0	183	1.0	0.975170773880192	0.995589462652916
12	c4.large	24	36000	huge	5000000	0.0	572	0.958215477247805	0.963738302503114	0.959066866763844
12	c4.large	24	36000	huge	5000000	0.0	575	0.958215477247805	0.963738302503114	0.959066866763844
12	c4.large	24	36000	huge	5000000	0.0	658	0.958215477247805	0.963738302503114	0.959066866763844
12	c4.large	24	36000	huge	5000000	0.0	570	0.958215477247805	0.963738302503114	0.959066866763844
12	c4.large	24	36000	huge	5000000	0.0	517	0.958215477247805	0.963738302503114	0.959066866763844
12	c4.xlarge	48	84000	huge	5000000	0.0	289	0.981580131098954	0.916863624781091	1.0
12	c4.xlarge	48	84000	huge	5000000	0.0	282	0.981580131098954	0.916863624781091	1.0
12	c4.xlarge	48	84000	huge	5000000	0.0	304	0.981580131098954	0.916863624781091	1.0
12	c4.xlarge	48	84000	huge	5000000	0.0	312	0.981580131098954	0.916863624781091	1.0
12	c4.xlarge	48	84000	huge	5000000	0.0	331	0.981580131098954	0.916863624781091	1.0
12	m4.2xlarge	96	384000	bigdata	50000000	0.0	334	0.73813508679461	0.917837907061713	0.817114731721182
12	m4.2xlarge	96	384000	bigdata	50000000	0.0	342	0.73813508679461	0.917837907061713	0.817114731721182
12	m4.2xlarge	96	384000	bigdata	50000000	0.0	280	0.73813508679461	0.917837907061713	0.817114731721182
12	m4.2xlarge	96	384000	bigdata	50000000	0.0	329	0.73813508679461	0.917837907061713	0.817114731721182
12	m4.2xlarge	96	384000	bigdata	50000000	0.0	257	0.73813508679461	0.917837907061713	0.817114731721182
12	m4.2xlarge	96	384000	huge	5000000	0.0	225	0.73813508679461	0.917837907061713	0.817114731721182
12	m4.2xlarge	96	384000	huge	5000000	0.0	239	0.73813508679461	0.917837907061713	0.817114731721182
12	m4.2xlarge	96	384000	huge	5000000	0.0	219	0.73813508679461	0.917837907061713	0.817114731721182
12	m4.2xlarge	96	384000	huge	5000000	0.0	224	0.73813508679461	0.917837907061713	0.817114731721182
12	m4.2xlarge	96	384000	huge	5000000	0.0	212	0.73813508679461	0.917837907061713	0.817114731721182
12	m4.large	24	96000	bigdata	50000000	0.0	979	0.719976297083032	0.963352406209638	0.757775976316556
12	m4.large	24	96000	bigdata	50000000	0.0	1124	0.719976297083032	0.963352406209638	0.757775976316556
12	m4.large	24	96000	bigdata	50000000	0.0	956	0.719976297083032	0.963352406209638	0.757775976316556
12	m4.large	24	96000	bigdata	50000000	0.0	876	0.719976297083032	0.963352406209638	0.757775976316556
12	m4.large	24	96000	bigdata	50000000	0.0	1091	0.719976297083032	0.963352406209638	0.757775976316556
12	m4.large	24	96000	huge	5000000	0.0	352	0.719976297083032	0.963352406209638	0.757775976316556
12	m4.large	24	96000	huge	5000000	0.0	410	0.719976297083032	0.963352406209638	0.757775976316556
12	m4.large	24	96000	huge	5000000	0.0	501	0.719976297083032	0.963352406209638	0.757775976316556
12	m4.large	24	96000	huge	5000000	0.0	380	0.719976297083032	0.963352406209638	0.757775976316556
12	m4.large	24	96000	huge	5000000	0.0	395	0.719976297083032	0.963352406209638	0.757775976316556
12	m4.xlarge	48	192000	bigdata	50000000	0.0	462	0.724716697086843	0.939577226630061	0.806717869741047
12	m4.xlarge	48	192000	bigdata	50000000	0.0	553	0.724716697086843	0.939577226630061	0.806717869741047
12	m4.xlarge	48	192000	bigdata	50000000	0.0	583	0.724716697086843	0.939577226630061	0.806717869741047
12	m4.xlarge	48	192000	bigdata	50000000	0.0	581	0.724716697086843	0.939577226630061	0.806717869741047
12	m4.xlarge	48	192000	bigdata	50000000	0.0	454	0.724716697086843	0.939577226630061	0.806717869741047
12	m4.xlarge	48	192000	huge	5000000	0.0	240	0.724716697086843	0.939577226630061	0.806717869741047
12	m4.xlarge	48	192000	huge	5000000	0.0	256	0.724716697086843	0.939577226630061	0.806717869741047
12	m4.xlarge	48	192000	huge	5000000	0.0	254	0.724716697086843	0.939577226630061	0.806717869741047
12	m4.xlarge	48	192000	huge	5000000	0.0	263	0.724716697086843	0.939577226630061	0.806717869741047
12	m4.xlarge	48	192000	huge	5000000	0.0	249	0.724716697086843	0.939577226630061	0.806717869741047
12	r4.2xlarge	96	732000	bigdata	50000000	0.0	255	0.621439738915361	0.699904926309755	0.683905823195575
12	r4.2xlarge	96	732000	bigdata	50000000	0.0	262	0.621439738915361	0.699904926309755	0.683905823195575
12	r4.2xlarge	96	732000	bigdata	50000000	0.0	231	0.621439738915361	0.699904926309755	0.683905823195575
12	r4.2xlarge	96	732000	bigdata	50000000	0.0	293	0.621439738915361	0.699904926309755	0.683905823195575
12	r4.2xlarge	96	732000	bigdata	50000000	0.0	222	0.621439738915361	0.699904926309755	0.683905823195575
12	r4.2xlarge	96	732000	huge	5000000	0.0	156	0.621439738915361	0.699904926309755	0.683905823195575
12	r4.2xlarge	96	732000	huge	5000000	0.0	197	0.621439738915361	0.699904926309755	0.683905823195575
12	r4.2xlarge	96	732000	huge	5000000	0.0	176	0.621439738915361	0.699904926309755	0.683905823195575
12	r4.2xlarge	96	732000	huge	5000000	0.0	195	0.621439738915361	0.699904926309755	0.683905823195575
12	r4.2xlarge	96	732000	huge	5000000	0.0	198	0.621439738915361	0.699904926309755	0.683905823195575
12	r4.large	24	180000	bigdata	50000000	0.0	762	0.626835516578723	1.0	0.670704216951795
12	r4.large	24	180000	bigdata	50000000	0.0	840	0.626835516578723	1.0	0.670704216951795
12	r4.large	24	180000	bigdata	50000000	0.0	678	0.626835516578723	1.0	0.670704216951795
12	r4.large	24	180000	bigdata	50000000	0.0	593	0.626835516578723	1.0	0.670704216951795
12	r4.large	24	180000	bigdata	50000000	0.0	530	0.626835516578723	1.0	0.670704216951795
12	r4.large	24	180000	huge	5000000	0.0	411	0.626835516578723	1.0	0.670704216951795
12	r4.large	24	180000	huge	5000000	0.0	287	0.626835516578723	1.0	0.670704216951795
12	r4.large	24	180000	huge	5000000	0.0	331	0.626835516578723	1.0	0.670704216951795
12	r4.large	24	180000	huge	5000000	0.0	375	0.626835516578723	1.0	0.670704216951795
12	r4.large	24	180000	huge	5000000	0.0	384	0.626835516578723	1.0	0.670704216951795
12	r4.xlarge	48	360000	bigdata	50000000	0.0	374	0.621758403741034	0.91340066266808	0.680859830691666
12	r4.xlarge	48	360000	bigdata	50000000	0.0	421	0.621758403741034	0.91340066266808	0.680859830691666
12	r4.xlarge	48	360000	bigdata	50000000	0.0	439	0.621758403741034	0.91340066266808	0.680859830691666
12	r4.xlarge	48	360000	bigdata	50000000	0.0	454	0.621758403741034	0.91340066266808	0.680859830691666
12	r4.xlarge	48	360000	bigdata	50000000	0.0	414	0.621758403741034	0.91340066266808	0.680859830691666
12	r4.xlarge	48	360000	huge	5000000	0.0	257	0.621758403741034	0.91340066266808	0.680859830691666
12	r4.xlarge	48	360000	huge	5000000	0.0	308	0.621758403741034	0.91340066266808	0.680859830691666
12	r4.xlarge	48	360000	huge	5000000	0.0	277	0.621758403741034	0.91340066266808	0.680859830691666
12	r4.xlarge	48	360000	huge	5000000	0.0	238	0.621758403741034	0.91340066266808	0.680859830691666
12	r4.xlarge	48	360000	huge	5000000	0.0	212	0.621758403741034	0.91340066266808	0.680859830691666
16	c4.large	32	48000	huge	5000000	0.0	405	0.958215477247805	0.963738302503114	0.959066866763844
16	c4.large	32	48000	huge	5000000	0.0	522	0.958215477247805	0.963738302503114	0.959066866763844
16	c4.large	32	48000	huge	5000000	0.0	538	0.958215477247805	0.963738302503114	0.959066866763844
16	c4.large	32	48000	huge	5000000	0.0	470	0.958215477247805	0.963738302503114	0.959066866763844
16	c4.large	32	48000	huge	5000000	0.0	511	0.958215477247805	0.963738302503114	0.959066866763844
16	c4.xlarge	64	112000	huge	5000000	0.0	250	0.981580131098954	0.916863624781091	1.0
16	c4.xlarge	64	112000	huge	5000000	0.0	243	0.981580131098954	0.916863624781091	1.0
16	c4.xlarge	64	112000	huge	5000000	0.0	253	0.981580131098954	0.916863624781091	1.0
16	c4.xlarge	64	112000	huge	5000000	0.0	264	0.981580131098954	0.916863624781091	1.0
16	c4.xlarge	64	112000	huge	5000000	0.0	313	0.981580131098954	0.916863624781091	1.0
16	m4.large	32	128000	bigdata	50000000	0.0	826	0.719976297083032	0.963352406209638	0.757775976316556
16	m4.large	32	128000	bigdata	50000000	0.0	803	0.719976297083032	0.963352406209638	0.757775976316556
16	m4.large	32	128000	bigdata	50000000	0.0	773	0.719976297083032	0.963352406209638	0.757775976316556
16	m4.large	32	128000	bigdata	50000000	0.0	856	0.719976297083032	0.963352406209638	0.757775976316556
16	m4.large	32	128000	bigdata	50000000	0.0	895	0.719976297083032	0.963352406209638	0.757775976316556
16	m4.large	32	128000	huge	5000000	0.0	378	0.719976297083032	0.963352406209638	0.757775976316556
16	m4.large	32	128000	huge	5000000	0.0	329	0.719976297083032	0.963352406209638	0.757775976316556
16	m4.large	32	128000	huge	5000000	0.0	341	0.719976297083032	0.963352406209638	0.757775976316556
16	m4.large	32	128000	huge	5000000	0.0	322	0.719976297083032	0.963352406209638	0.757775976316556
16	m4.large	32	128000	huge	5000000	0.0	346	0.719976297083032	0.963352406209638	0.757775976316556
16	m4.xlarge	64	256000	bigdata	50000000	0.0	400	0.724716697086843	0.939577226630061	0.806717869741047
16	m4.xlarge	64	256000	bigdata	50000000	0.0	371	0.724716697086843	0.939577226630061	0.806717869741047
16	m4.xlarge	64	256000	bigdata	50000000	0.0	396	0.724716697086843	0.939577226630061	0.806717869741047
16	m4.xlarge	64	256000	bigdata	50000000	0.0	480	0.724716697086843	0.939577226630061	0.806717869741047
16	m4.xlarge	64	256000	bigdata	50000000	0.0	429	0.724716697086843	0.939577226630061	0.806717869741047
16	m4.xlarge	64	256000	huge	5000000	0.0	226	0.724716697086843	0.939577226630061	0.806717869741047
16	m4.xlarge	64	256000	huge	5000000	0.0	200	0.724716697086843	0.939577226630061	0.806717869741047
16	m4.xlarge	64	256000	huge	5000000	0.0	220	0.724716697086843	0.939577226630061	0.806717869741047
16	m4.xlarge	64	256000	huge	5000000	0.0	189	0.724716697086843	0.939577226630061	0.806717869741047
16	m4.xlarge	64	256000	huge	5000000	0.0	218	0.724716697086843	0.939577226630061	0.806717869741047
16	r4.large	32	240000	bigdata	50000000	0.0	617	0.626835516578723	1.0	0.670704216951795
16	r4.large	32	240000	bigdata	50000000	0.0	579	0.626835516578723	1.0	0.670704216951795
16	r4.large	32	240000	bigdata	50000000	0.0	650	0.626835516578723	1.0	0.670704216951795
16	r4.large	32	240000	bigdata	50000000	0.0	657	0.626835516578723	1.0	0.670704216951795
16	r4.large	32	240000	bigdata	50000000	0.0	629	0.626835516578723	1.0	0.670704216951795
16	r4.large	32	240000	huge	5000000	0.0	311	0.626835516578723	1.0	0.670704216951795
16	r4.large	32	240000	huge	5000000	0.0	364	0.626835516578723	1.0	0.670704216951795
16	r4.large	32	240000	huge	5000000	0.0	306	0.626835516578723	1.0	0.670704216951795
16	r4.large	32	240000	huge	5000000	0.0	331	0.626835516578723	1.0	0.670704216951795
16	r4.large	32	240000	huge	5000000	0.0	370	0.626835516578723	1.0	0.670704216951795
16	r4.xlarge	64	480000	bigdata	50000000	0.0	357	0.621758403741034	0.91340066266808	0.680859830691666
16	r4.xlarge	64	480000	bigdata	50000000	0.0	338	0.621758403741034	0.91340066266808	0.680859830691666
16	r4.xlarge	64	480000	bigdata	50000000	0.0	344	0.621758403741034	0.91340066266808	0.680859830691666
16	r4.xlarge	64	480000	bigdata	50000000	0.0	334	0.621758403741034	0.91340066266808	0.680859830691666
16	r4.xlarge	64	480000	bigdata	50000000	0.0	351	0.621758403741034	0.91340066266808	0.680859830691666
16	r4.xlarge	64	480000	huge	5000000	0.0	214	0.621758403741034	0.91340066266808	0.680859830691666
16	r4.xlarge	64	480000	huge	5000000	0.0	248	0.621758403741034	0.91340066266808	0.680859830691666
16	r4.xlarge	64	480000	huge	5000000	0.0	205	0.621758403741034	0.91340066266808	0.680859830691666
16	r4.xlarge	64	480000	huge	5000000	0.0	223	0.621758403741034	0.91340066266808	0.680859830691666
16	r4.xlarge	64	480000	huge	5000000	0.0	225	0.621758403741034	0.91340066266808	0.680859830691666
20	c4.xlarge	80	140000	bigdata	50000000	0.0	364	0.981580131098954	0.916863624781091	1.0
20	c4.xlarge	80	140000	bigdata	50000000	0.0	510	0.981580131098954	0.916863624781091	1.0
20	c4.xlarge	80	140000	bigdata	50000000	0.0	412	0.981580131098954	0.916863624781091	1.0
20	c4.xlarge	80	140000	bigdata	50000000	0.0	484	0.981580131098954	0.916863624781091	1.0
20	c4.xlarge	80	140000	bigdata	50000000	0.0	357	0.981580131098954	0.916863624781091	1.0
20	c4.xlarge	80	140000	huge	5000000	0.0	243	0.981580131098954	0.916863624781091	1.0
20	c4.xlarge	80	140000	huge	5000000	0.0	220	0.981580131098954	0.916863624781091	1.0
20	c4.xlarge	80	140000	huge	5000000	0.0	210	0.981580131098954	0.916863624781091	1.0
20	c4.xlarge	80	140000	huge	5000000	0.0	188	0.981580131098954	0.916863624781091	1.0
20	c4.xlarge	80	140000	huge	5000000	0.0	219	0.981580131098954	0.916863624781091	1.0
20	m4.xlarge	80	320000	bigdata	50000000	0.0	391	0.724716697086843	0.939577226630061	0.806717869741047
20	m4.xlarge	80	320000	bigdata	50000000	0.0	316	0.724716697086843	0.939577226630061	0.806717869741047
20	m4.xlarge	80	320000	bigdata	50000000	0.0	405	0.724716697086843	0.939577226630061	0.806717869741047
20	m4.xlarge	80	320000	bigdata	50000000	0.0	359	0.724716697086843	0.939577226630061	0.806717869741047
20	m4.xlarge	80	320000	bigdata	50000000	0.0	379	0.724716697086843	0.939577226630061	0.806717869741047
20	m4.xlarge	80	320000	huge	5000000	0.0	204	0.724716697086843	0.939577226630061	0.806717869741047
20	m4.xlarge	80	320000	huge	5000000	0.0	243	0.724716697086843	0.939577226630061	0.806717869741047
20	m4.xlarge	80	320000	huge	5000000	0.0	234	0.724716697086843	0.939577226630061	0.806717869741047
20	m4.xlarge	80	320000	huge	5000000	0.0	204	0.724716697086843	0.939577226630061	0.806717869741047
20	m4.xlarge	80	320000	huge	5000000	0.0	223	0.724716697086843	0.939577226630061	0.806717869741047
20	r4.xlarge	80	600000	bigdata	50000000	0.0	294	0.621758403741034	0.91340066266808	0.680859830691666
20	r4.xlarge	80	600000	bigdata	50000000	0.0	356	0.621758403741034	0.91340066266808	0.680859830691666
20	r4.xlarge	80	600000	bigdata	50000000	0.0	312	0.621758403741034	0.91340066266808	0.680859830691666
20	r4.xlarge	80	600000	bigdata	50000000	0.0	297	0.621758403741034	0.91340066266808	0.680859830691666
20	r4.xlarge	80	600000	bigdata	50000000	0.0	279	0.621758403741034	0.91340066266808	0.680859830691666
20	r4.xlarge	80	600000	huge	5000000	0.0	236	0.621758403741034	0.91340066266808	0.680859830691666
20	r4.xlarge	80	600000	huge	5000000	0.0	239	0.621758403741034	0.91340066266808	0.680859830691666
20	r4.xlarge	80	600000	huge	5000000	0.0	208	0.621758403741034	0.91340066266808	0.680859830691666
20	r4.xlarge	80	600000	huge	5000000	0.0	227	0.621758403741034	0.91340066266808	0.680859830691666
20	r4.xlarge	80	600000	huge	5000000	0.0	249	0.621758403741034	0.91340066266808	0.680859830691666
24	c4.large	48	72000	huge	5000000	0.0	261	0.958215477247805	0.963738302503114	0.959066866763844
24	c4.large	48	72000	huge	5000000	0.0	303	0.958215477247805	0.963738302503114	0.959066866763844
24	c4.large	48	72000	huge	5000000	0.0	341	0.958215477247805	0.963738302503114	0.959066866763844
24	c4.large	48	72000	huge	5000000	0.0	354	0.958215477247805	0.963738302503114	0.959066866763844
24	c4.large	48	72000	huge	5000000	0.0	315	0.958215477247805	0.963738302503114	0.959066866763844
24	c4.xlarge	96	168000	bigdata	50000000	0.0	412	0.981580131098954	0.916863624781091	1.0
24	c4.xlarge	96	168000	bigdata	50000000	0.0	393	0.981580131098954	0.916863624781091	1.0
24	c4.xlarge	96	168000	bigdata	50000000	0.0	446	0.981580131098954	0.916863624781091	1.0
24	c4.xlarge	96	168000	bigdata	50000000	0.0	377	0.981580131098954	0.916863624781091	1.0
24	c4.xlarge	96	168000	bigdata	50000000	0.0	352	0.981580131098954	0.916863624781091	1.0
24	c4.xlarge	96	168000	huge	5000000	0.0	197	0.981580131098954	0.916863624781091	1.0
24	c4.xlarge	96	168000	huge	5000000	0.0	223	0.981580131098954	0.916863624781091	1.0
24	c4.xlarge	96	168000	huge	5000000	0.0	216	0.981580131098954	0.916863624781091	1.0
24	c4.xlarge	96	168000	huge	5000000	0.0	218	0.981580131098954	0.916863624781091	1.0
24	c4.xlarge	96	168000	huge	5000000	0.0	148	0.981580131098954	0.916863624781091	1.0
24	m4.large	48	192000	bigdata	50000000	0.0	591	0.719976297083032	0.963352406209638	0.757775976316556
24	m4.large	48	192000	bigdata	50000000	0.0	515	0.719976297083032	0.963352406209638	0.757775976316556
24	m4.large	48	192000	bigdata	50000000	0.0	614	0.719976297083032	0.963352406209638	0.757775976316556
24	m4.large	48	192000	bigdata	50000000	0.0	640	0.719976297083032	0.963352406209638	0.757775976316556
24	m4.large	48	192000	bigdata	50000000	0.0	536	0.719976297083032	0.963352406209638	0.757775976316556
24	m4.large	48	192000	huge	5000000	0.0	312	0.719976297083032	0.963352406209638	0.757775976316556
24	m4.large	48	192000	huge	5000000	0.0	301	0.719976297083032	0.963352406209638	0.757775976316556
24	m4.large	48	192000	huge	5000000	0.0	331	0.719976297083032	0.963352406209638	0.757775976316556
24	m4.large	48	192000	huge	5000000	0.0	320	0.719976297083032	0.963352406209638	0.757775976316556
24	m4.large	48	192000	huge	5000000	0.0	331	0.719976297083032	0.963352406209638	0.757775976316556
24	m4.xlarge	96	384000	bigdata	50000000	0.0	352	0.724716697086843	0.939577226630061	0.806717869741047
24	m4.xlarge	96	384000	bigdata	50000000	0.0	296	0.724716697086843	0.939577226630061	0.806717869741047
24	m4.xlarge	96	384000	bigdata	50000000	0.0	336	0.724716697086843	0.939577226630061	0.806717869741047
24	m4.xlarge	96	384000	bigdata	50000000	0.0	324	0.724716697086843	0.939577226630061	0.806717869741047
24	m4.xlarge	96	384000	bigdata	50000000	0.0	338	0.724716697086843	0.939577226630061	0.806717869741047
24	m4.xlarge	96	384000	huge	5000000	0.0	209	0.724716697086843	0.939577226630061	0.806717869741047
24	m4.xlarge	96	384000	huge	5000000	0.0	247	0.724716697086843	0.939577226630061	0.806717869741047
24	m4.xlarge	96	384000	huge	5000000	0.0	249	0.724716697086843	0.939577226630061	0.806717869741047
24	m4.xlarge	96	384000	huge	5000000	0.0	231	0.724716697086843	0.939577226630061	0.806717869741047
24	m4.xlarge	96	384000	huge	5000000	0.0	185	0.724716697086843	0.939577226630061	0.806717869741047
24	r4.large	48	360000	bigdata	50000000	0.0	474	0.626835516578723	1.0	0.670704216951795
24	r4.large	48	360000	bigdata	50000000	0.0	466	0.626835516578723	1.0	0.670704216951795
24	r4.large	48	360000	bigdata	50000000	0.0	481	0.626835516578723	1.0	0.670704216951795
24	r4.large	48	360000	bigdata	50000000	0.0	475	0.626835516578723	1.0	0.670704216951795
24	r4.large	48	360000	bigdata	50000000	0.0	467	0.626835516578723	1.0	0.670704216951795
24	r4.large	48	360000	huge	5000000	0.0	312	0.626835516578723	1.0	0.670704216951795
24	r4.large	48	360000	huge	5000000	0.0	245	0.626835516578723	1.0	0.670704216951795
24	r4.large	48	360000	huge	5000000	0.0	247	0.626835516578723	1.0	0.670704216951795
24	r4.large	48	360000	huge	5000000	0.0	272	0.626835516578723	1.0	0.670704216951795
24	r4.large	48	360000	huge	5000000	0.0	253	0.626835516578723	1.0	0.670704216951795
24	r4.xlarge	96	720000	bigdata	50000000	0.0	275	0.621758403741034	0.91340066266808	0.680859830691666
24	r4.xlarge	96	720000	bigdata	50000000	0.0	297	0.621758403741034	0.91340066266808	0.680859830691666
24	r4.xlarge	96	720000	bigdata	50000000	0.0	328	0.621758403741034	0.91340066266808	0.680859830691666
24	r4.xlarge	96	720000	bigdata	50000000	0.0	299	0.621758403741034	0.91340066266808	0.680859830691666
24	r4.xlarge	96	720000	bigdata	50000000	0.0	231	0.621758403741034	0.91340066266808	0.680859830691666
24	r4.xlarge	96	720000	huge	5000000	0.0	234	0.621758403741034	0.91340066266808	0.680859830691666
24	r4.xlarge	96	720000	huge	5000000	0.0	182	0.621758403741034	0.91340066266808	0.680859830691666
24	r4.xlarge	96	720000	huge	5000000	0.0	247	0.621758403741034	0.91340066266808	0.680859830691666
24	r4.xlarge	96	720000	huge	5000000	0.0	211	0.621758403741034	0.91340066266808	0.680859830691666
24	r4.xlarge	96	720000	huge	5000000	0.0	234	0.621758403741034	0.91340066266808	0.680859830691666
32	c4.large	64	96000	huge	5000000	0.0	278	0.958215477247805	0.963738302503114	0.959066866763844
32	c4.large	64	96000	huge	5000000	0.0	317	0.958215477247805	0.963738302503114	0.959066866763844
32	c4.large	64	96000	huge	5000000	0.0	285	0.958215477247805	0.963738302503114	0.959066866763844
32	c4.large	64	96000	huge	5000000	0.0	269	0.958215477247805	0.963738302503114	0.959066866763844
32	c4.large	64	96000	huge	5000000	0.0	260	0.958215477247805	0.963738302503114	0.959066866763844
32	m4.large	64	256000	bigdata	50000000	0.0	391	0.719976297083032	0.963352406209638	0.757775976316556
32	m4.large	64	256000	bigdata	50000000	0.0	479	0.719976297083032	0.963352406209638	0.757775976316556
32	m4.large	64	256000	bigdata	50000000	0.0	387	0.719976297083032	0.963352406209638	0.757775976316556
32	m4.large	64	256000	bigdata	50000000	0.0	466	0.719976297083032	0.963352406209638	0.757775976316556
32	m4.large	64	256000	bigdata	50000000	0.0	484	0.719976297083032	0.963352406209638	0.757775976316556
32	m4.large	64	256000	huge	5000000	0.0	261	0.719976297083032	0.963352406209638	0.757775976316556
32	m4.large	64	256000	huge	5000000	0.0	317	0.719976297083032	0.963352406209638	0.757775976316556
32	m4.large	64	256000	huge	5000000	0.0	308	0.719976297083032	0.963352406209638	0.757775976316556
32	m4.large	64	256000	huge	5000000	0.0	269	0.719976297083032	0.963352406209638	0.757775976316556
32	m4.large	64	256000	huge	5000000	0.0	267	0.719976297083032	0.963352406209638	0.757775976316556
32	r4.large	64	480000	bigdata	50000000	0.0	439	0.626835516578723	1.0	0.670704216951795
32	r4.large	64	480000	bigdata	50000000	0.0	402	0.626835516578723	1.0	0.670704216951795
32	r4.large	64	480000	bigdata	50000000	0.0	366	0.626835516578723	1.0	0.670704216951795
32	r4.large	64	480000	bigdata	50000000	0.0	403	0.626835516578723	1.0	0.670704216951795
32	r4.large	64	480000	bigdata	50000000	0.0	429	0.626835516578723	1.0	0.670704216951795
32	r4.large	64	480000	huge	5000000	0.0	264	0.626835516578723	1.0	0.670704216951795
32	r4.large	64	480000	huge	5000000	0.0	264	0.626835516578723	1.0	0.670704216951795
32	r4.large	64	480000	huge	5000000	0.0	252	0.626835516578723	1.0	0.670704216951795
32	r4.large	64	480000	huge	5000000	0.0	265	0.626835516578723	1.0	0.670704216951795
32	r4.large	64	480000	huge	5000000	0.0	235	0.626835516578723	1.0	0.670704216951795
40	c4.large	80	120000	bigdata	50000000	0.0	439	0.958215477247805	0.963738302503114	0.959066866763844
40	c4.large	80	120000	bigdata	50000000	0.0	422	0.958215477247805	0.963738302503114	0.959066866763844
40	c4.large	80	120000	bigdata	50000000	0.0	492	0.958215477247805	0.963738302503114	0.959066866763844
40	c4.large	80	120000	bigdata	50000000	0.0	412	0.958215477247805	0.963738302503114	0.959066866763844
40	c4.large	80	120000	bigdata	50000000	0.0	490	0.958215477247805	0.963738302503114	0.959066866763844
40	c4.large	80	120000	huge	5000000	0.0	235	0.958215477247805	0.963738302503114	0.959066866763844
40	c4.large	80	120000	huge	5000000	0.0	326	0.958215477247805	0.963738302503114	0.959066866763844
40	c4.large	80	120000	huge	5000000	0.0	241	0.958215477247805	0.963738302503114	0.959066866763844
40	c4.large	80	120000	huge	5000000	0.0	304	0.958215477247805	0.963738302503114	0.959066866763844
40	c4.large	80	120000	huge	5000000	0.0	317	0.958215477247805	0.963738302503114	0.959066866763844
40	m4.large	80	320000	bigdata	50000000	0.0	444	0.719976297083032	0.963352406209638	0.757775976316556
40	m4.large	80	320000	bigdata	50000000	0.0	387	0.719976297083032	0.963352406209638	0.757775976316556
40	m4.large	80	320000	bigdata	50000000	0.0	438	0.719976297083032	0.963352406209638	0.757775976316556
40	m4.large	80	320000	bigdata	50000000	0.0	468	0.719976297083032	0.963352406209638	0.757775976316556
40	m4.large	80	320000	bigdata	50000000	0.0	435	0.719976297083032	0.963352406209638	0.757775976316556
40	m4.large	80	320000	huge	5000000	0.0	270	0.719976297083032	0.963352406209638	0.757775976316556
40	m4.large	80	320000	huge	5000000	0.0	322	0.719976297083032	0.963352406209638	0.757775976316556
40	m4.large	80	320000	huge	5000000	0.0	339	0.719976297083032	0.963352406209638	0.757775976316556
40	m4.large	80	320000	huge	5000000	0.0	315	0.719976297083032	0.963352406209638	0.757775976316556
40	m4.large	80	320000	huge	5000000	0.0	387	0.719976297083032	0.963352406209638	0.757775976316556
40	r4.large	80	600000	bigdata	50000000	0.0	384	0.626835516578723	1.0	0.670704216951795
40	r4.large	80	600000	bigdata	50000000	0.0	324	0.626835516578723	1.0	0.670704216951795
40	r4.large	80	600000	bigdata	50000000	0.0	386	0.626835516578723	1.0	0.670704216951795
40	r4.large	80	600000	bigdata	50000000	0.0	321	0.626835516578723	1.0	0.670704216951795
40	r4.large	80	600000	bigdata	50000000	0.0	355	0.626835516578723	1.0	0.670704216951795
40	r4.large	80	600000	huge	5000000	0.0	235	0.626835516578723	1.0	0.670704216951795
40	r4.large	80	600000	huge	5000000	0.0	292	0.626835516578723	1.0	0.670704216951795
40	r4.large	80	600000	huge	5000000	0.0	217	0.626835516578723	1.0	0.670704216951795
40	r4.large	80	600000	huge	5000000	0.0	291	0.626835516578723	1.0	0.670704216951795
40	r4.large	80	600000	huge	5000000	0.0	279	0.626835516578723	1.0	0.670704216951795
48	c4.large	96	144000	bigdata	50000000	0.0	389	0.958215477247805	0.963738302503114	0.959066866763844
48	c4.large	96	144000	bigdata	50000000	0.0	475	0.958215477247805	0.963738302503114	0.959066866763844
48	c4.large	96	144000	bigdata	50000000	0.0	382	0.958215477247805	0.963738302503114	0.959066866763844
48	c4.large	96	144000	bigdata	50000000	0.0	497	0.958215477247805	0.963738302503114	0.959066866763844
48	c4.large	96	144000	bigdata	50000000	0.0	443	0.958215477247805	0.963738302503114	0.959066866763844
48	c4.large	96	144000	huge	5000000	0.0	302	0.958215477247805	0.963738302503114	0.959066866763844
48	c4.large	96	144000	huge	5000000	0.0	318	0.958215477247805	0.963738302503114	0.959066866763844
48	c4.large	96	144000	huge	5000000	0.0	303	0.958215477247805	0.963738302503114	0.959066866763844
48	c4.large	96	144000	huge	5000000	0.0	300	0.958215477247805	0.963738302503114	0.959066866763844
48	c4.large	96	144000	huge	5000000	0.0	275	0.958215477247805	0.963738302503114	0.959066866763844
48	m4.large	96	384000	bigdata	50000000	0.0	446	0.719976297083032	0.963352406209638	0.757775976316556
48	m4.large	96	384000	bigdata	50000000	0.0	413	0.719976297083032	0.963352406209638	0.757775976316556
48	m4.large	96	384000	bigdata	50000000	0.0	412	0.719976297083032	0.963352406209638	0.757775976316556
48	m4.large	96	384000	bigdata	50000000	0.0	455	0.719976297083032	0.963352406209638	0.757775976316556
48	m4.large	96	384000	bigdata	50000000	0.0	358	0.719976297083032	0.963352406209638	0.757775976316556
48	m4.large	96	384000	huge	5000000	0.0	357	0.719976297083032	0.963352406209638	0.757775976316556
48	m4.large	96	384000	huge	5000000	0.0	312	0.719976297083032	0.963352406209638	0.757775976316556
48	m4.large	96	384000	huge	5000000	0.0	304	0.719976297083032	0.963352406209638	0.757775976316556
48	m4.large	96	384000	huge	5000000	0.0	323	0.719976297083032	0.963352406209638	0.757775976316556
48	m4.large	96	384000	huge	5000000	0.0	328	0.719976297083032	0.963352406209638	0.757775976316556
48	r4.large	96	720000	bigdata	50000000	0.0	417	0.626835516578723	1.0	0.670704216951795
48	r4.large	96	720000	bigdata	50000000	0.0	387	0.626835516578723	1.0	0.670704216951795
48	r4.large	96	720000	bigdata	50000000	0.0	447	0.626835516578723	1.0	0.670704216951795
48	r4.large	96	720000	bigdata	50000000	0.0	400	0.626835516578723	1.0	0.670704216951795
48	r4.large	96	720000	bigdata	50000000	0.0	417	0.626835516578723	1.0	0.670704216951795
48	r4.large	96	720000	huge	5000000	0.0	380	0.626835516578723	1.0	0.670704216951795
48	r4.large	96	720000	huge	5000000	0.0	291	0.626835516578723	1.0	0.670704216951795
48	r4.large	96	720000	huge	5000000	0.0	299	0.626835516578723	1.0	0.670704216951795
48	r4.large	96	720000	huge	5000000	0.0	346	0.626835516578723	1.0	0.670704216951795
48	r4.large	96	720000	huge	5000000	0.0	331	0.626835516578723	1.0	0.670704216951795
