instance_count	machine_type	slots	memory	data_size_MB	line_length	lines	p_occurrence	gross_runtime	cpu_sysbench	disk_seq_fio	memory_sysbench
2	c4.2xlarge	16	30000	15150	100	150000000	0.5	150	1.0	0.975170773880192	0.995589462652916
2	c4.2xlarge	16	30000	15150	100	150000000	0.5	152	1.0	0.975170773880192	0.995589462652916
2	c4.2xlarge	16	30000	15150	100	150000000	0.5	154	1.0	0.975170773880192	0.995589462652916
2	c4.2xlarge	16	30000	15150	100	150000000	0.5	156	1.0	0.975170773880192	0.995589462652916
2	c4.2xlarge	16	30000	15150	100	150000000	0.5	162	1.0	0.975170773880192	0.995589462652916
2	m4.2xlarge	16	64000	10100	100	100000000	0.0	116	0.73813508679461	0.917837907061713	0.817114731721182
2	m4.2xlarge	16	64000	10100	100	100000000	0.0	116	0.73813508679461	0.917837907061713	0.817114731721182
2	m4.2xlarge	16	64000	10100	100	100000000	0.0	116	0.73813508679461	0.917837907061713	0.817114731721182
2	m4.2xlarge	16	64000	10100	100	100000000	0.0	116	0.73813508679461	0.917837907061713	0.817114731721182
2	m4.2xlarge	16	64000	10100	100	100000000	0.0	120	0.73813508679461	0.917837907061713	0.817114731721182
2	m4.2xlarge	16	64000	10100	100	100000000	0.25	136	0.73813508679461	0.917837907061713	0.817114731721182
2	m4.2xlarge	16	64000	10100	100	100000000	0.25	136	0.73813508679461	0.917837907061713	0.817114731721182
2	m4.2xlarge	16	64000	10100	100	100000000	0.25	136	0.73813508679461	0.917837907061713	0.817114731721182
2	m4.2xlarge	16	64000	10100	100	100000000	0.25	136	0.73813508679461	0.917837907061713	0.817114731721182
2	m4.2xlarge	16	64000	10100	100	100000000	0.25	136	0.73813508679461	0.917837907061713	0.817114731721182
2	m4.2xlarge	16	64000	10100	100	100000000	0.5	156	0.73813508679461	0.917837907061713	0.817114731721182
2	m4.2xlarge	16	64000	10100	100	100000000	0.5	158	0.73813508679461	0.917837907061713	0.817114731721182
2	m4.2xlarge	16	64000	10100	100	100000000	0.5	158	0.73813508679461	0.917837907061713	0.817114731721182
2	m4.2xlarge	16	64000	10100	100	100000000	0.5	158	0.73813508679461	0.917837907061713	0.817114731721182
2	m4.2xlarge	16	64000	10100	100	100000000	0.5	160	0.73813508679461	0.917837907061713	0.817114731721182
2	m4.2xlarge	16	64000	10100	100	100000000	0.75	174	0.73813508679461	0.917837907061713	0.817114731721182
2	m4.2xlarge	16	64000	10100	100	100000000	0.75	176	0.73813508679461	0.917837907061713	0.817114731721182
2	m4.2xlarge	16	64000	10100	100	100000000	0.75	178	0.73813508679461	0.917837907061713	0.817114731721182
2	m4.2xlarge	16	64000	10100	100	100000000	0.75	180	0.73813508679461	0.917837907061713	0.817114731721182
2	m4.2xlarge	16	64000	10100	100	100000000	0.75	184	0.73813508679461	0.917837907061713	0.817114731721182
2	m4.2xlarge	16	64000	10100	100	100000000	1.0	198	0.73813508679461	0.917837907061713	0.817114731721182
2	m4.2xlarge	16	64000	10100	100	100000000	1.0	202	0.73813508679461	0.917837907061713	0.817114731721182
2	m4.2xlarge	16	64000	10100	100	100000000	1.0	204	0.73813508679461	0.917837907061713	0.817114731721182
2	m4.2xlarge	16	64000	10100	100	100000000	1.0	204	0.73813508679461	0.917837907061713	0.817114731721182
2	m4.2xlarge	16	64000	10100	100	100000000	1.0	208	0.73813508679461	0.917837907061713	0.817114731721182
2	m4.2xlarge	16	64000	12625	100	125000000	0.0	138	0.73813508679461	0.917837907061713	0.817114731721182
2	m4.2xlarge	16	64000	12625	100	125000000	0.0	138	0.73813508679461	0.917837907061713	0.817114731721182
2	m4.2xlarge	16	64000	12625	100	125000000	0.0	138	0.73813508679461	0.917837907061713	0.817114731721182
2	m4.2xlarge	16	64000	12625	100	125000000	0.0	138	0.73813508679461	0.917837907061713	0.817114731721182
2	m4.2xlarge	16	64000	12625	100	125000000	0.0	140	0.73813508679461	0.917837907061713	0.817114731721182
2	m4.2xlarge	16	64000	12625	100	125000000	0.25	162	0.73813508679461	0.917837907061713	0.817114731721182
2	m4.2xlarge	16	64000	12625	100	125000000	0.25	162	0.73813508679461	0.917837907061713	0.817114731721182
2	m4.2xlarge	16	64000	12625	100	125000000	0.25	164	0.73813508679461	0.917837907061713	0.817114731721182
2	m4.2xlarge	16	64000	12625	100	125000000	0.25	164	0.73813508679461	0.917837907061713	0.817114731721182
2	m4.2xlarge	16	64000	12625	100	125000000	0.25	166	0.73813508679461	0.917837907061713	0.817114731721182
2	m4.2xlarge	16	64000	12625	100	125000000	0.5	186	0.73813508679461	0.917837907061713	0.817114731721182
2	m4.2xlarge	16	64000	12625	100	125000000	0.5	186	0.73813508679461	0.917837907061713	0.817114731721182
2	m4.2xlarge	16	64000	12625	100	125000000	0.5	188	0.73813508679461	0.917837907061713	0.817114731721182
2	m4.2xlarge	16	64000	12625	100	125000000	0.5	190	0.73813508679461	0.917837907061713	0.817114731721182
2	m4.2xlarge	16	64000	12625	100	125000000	0.5	190	0.73813508679461	0.917837907061713	0.817114731721182
2	m4.2xlarge	16	64000	12625	100	125000000	0.75	216	0.73813508679461	0.917837907061713	0.817114731721182
2	m4.2xlarge	16	64000	12625	100	125000000	0.75	218	0.73813508679461	0.917837907061713	0.817114731721182
2	m4.2xlarge	16	64000	12625	100	125000000	0.75	218	0.73813508679461	0.917837907061713	0.817114731721182
2	m4.2xlarge	16	64000	12625	100	125000000	0.75	220	0.73813508679461	0.917837907061713	0.817114731721182
2	m4.2xlarge	16	64000	12625	100	125000000	0.75	222	0.73813508679461	0.917837907061713	0.817114731721182
2	m4.2xlarge	16	64000	12625	100	125000000	1.0	234	0.73813508679461	0.917837907061713	0.817114731721182
2	m4.2xlarge	16	64000	12625	100	125000000	1.0	242	0.73813508679461	0.917837907061713	0.817114731721182
2	m4.2xlarge	16	64000	12625	100	125000000	1.0	242	0.73813508679461	0.917837907061713	0.817114731721182
2	m4.2xlarge	16	64000	12625	100	125000000	1.0	246	0.73813508679461	0.917837907061713	0.817114731721182
2	m4.2xlarge	16	64000	12625	100	125000000	1.0	258	0.73813508679461	0.917837907061713	0.817114731721182
2	m4.2xlarge	16	64000	15150	100	150000000	0.0	158	0.73813508679461	0.917837907061713	0.817114731721182
2	m4.2xlarge	16	64000	15150	100	150000000	0.0	158	0.73813508679461	0.917837907061713	0.817114731721182
2	m4.2xlarge	16	64000	15150	100	150000000	0.0	158	0.73813508679461	0.917837907061713	0.817114731721182
2	m4.2xlarge	16	64000	15150	100	150000000	0.0	160	0.73813508679461	0.917837907061713	0.817114731721182
2	m4.2xlarge	16	64000	15150	100	150000000	0.0	160	0.73813508679461	0.917837907061713	0.817114731721182
2	m4.2xlarge	16	64000	15150	100	150000000	0.25	188	0.73813508679461	0.917837907061713	0.817114731721182
2	m4.2xlarge	16	64000	15150	100	150000000	0.25	188	0.73813508679461	0.917837907061713	0.817114731721182
2	m4.2xlarge	16	64000	15150	100	150000000	0.25	188	0.73813508679461	0.917837907061713	0.817114731721182
2	m4.2xlarge	16	64000	15150	100	150000000	0.25	188	0.73813508679461	0.917837907061713	0.817114731721182
2	m4.2xlarge	16	64000	15150	100	150000000	0.25	190	0.73813508679461	0.917837907061713	0.817114731721182
2	m4.2xlarge	16	64000	15150	100	150000000	0.5	216	0.73813508679461	0.917837907061713	0.817114731721182
2	m4.2xlarge	16	64000	15150	100	150000000	0.5	216	0.73813508679461	0.917837907061713	0.817114731721182
2	m4.2xlarge	16	64000	15150	100	150000000	0.5	218	0.73813508679461	0.917837907061713	0.817114731721182
2	m4.2xlarge	16	64000	15150	100	150000000	0.5	220	0.73813508679461	0.917837907061713	0.817114731721182
2	m4.2xlarge	16	64000	15150	100	150000000	0.5	224	0.73813508679461	0.917837907061713	0.817114731721182
2	m4.2xlarge	16	64000	15150	100	150000000	0.75	246	0.73813508679461	0.917837907061713	0.817114731721182
2	m4.2xlarge	16	64000	15150	100	150000000	0.75	248	0.73813508679461	0.917837907061713	0.817114731721182
2	m4.2xlarge	16	64000	15150	100	150000000	0.75	250	0.73813508679461	0.917837907061713	0.817114731721182
2	m4.2xlarge	16	64000	15150	100	150000000	0.75	252	0.73813508679461	0.917837907061713	0.817114731721182
2	m4.2xlarge	16	64000	15150	100	150000000	0.75	262	0.73813508679461	0.917837907061713	0.817114731721182
2	m4.2xlarge	16	64000	15150	100	150000000	1.0	280	0.73813508679461	0.917837907061713	0.817114731721182
2	m4.2xlarge	16	64000	15150	100	150000000	1.0	284	0.73813508679461	0.917837907061713	0.817114731721182
2	m4.2xlarge	16	64000	15150	100	150000000	1.0	288	0.73813508679461	0.917837907061713	0.817114731721182
2	m4.2xlarge	16	64000	15150	100	150000000	1.0	288	0.73813508679461	0.917837907061713	0.817114731721182
2	m4.2xlarge	16	64000	15150	100	150000000	1.0	298	0.73813508679461	0.917837907061713	0.817114731721182
2	m4.2xlarge	16	64000	17675	100	175000000	0.0	178	0.73813508679461	0.917837907061713	0.817114731721182
2	m4.2xlarge	16	64000	17675	100	175000000	0.0	178	0.73813508679461	0.917837907061713	0.817114731721182
2	m4.2xlarge	16	64000	17675	100	175000000	0.0	180	0.73813508679461	0.917837907061713	0.817114731721182
2	m4.2xlarge	16	64000	17675	100	175000000	0.0	180	0.73813508679461	0.917837907061713	0.817114731721182
2	m4.2xlarge	16	64000	17675	100	175000000	0.0	182	0.73813508679461	0.917837907061713	0.817114731721182
2	m4.2xlarge	16	64000	17675	100	175000000	0.25	214	0.73813508679461	0.917837907061713	0.817114731721182
2	m4.2xlarge	16	64000	17675	100	175000000	0.25	214	0.73813508679461	0.917837907061713	0.817114731721182
2	m4.2xlarge	16	64000	17675	100	175000000	0.25	216	0.73813508679461	0.917837907061713	0.817114731721182
2	m4.2xlarge	16	64000	17675	100	175000000	0.25	216	0.73813508679461	0.917837907061713	0.817114731721182
2	m4.2xlarge	16	64000	17675	100	175000000	0.25	218	0.73813508679461	0.917837907061713	0.817114731721182
2	m4.2xlarge	16	64000	17675	100	175000000	0.5	248	0.73813508679461	0.917837907061713	0.817114731721182
2	m4.2xlarge	16	64000	17675	100	175000000	0.5	250	0.73813508679461	0.917837907061713	0.817114731721182
2	m4.2xlarge	16	64000	17675	100	175000000	0.5	250	0.73813508679461	0.917837907061713	0.817114731721182
2	m4.2xlarge	16	64000	17675	100	175000000	0.5	250	0.73813508679461	0.917837907061713	0.817114731721182
2	m4.2xlarge	16	64000	17675	100	175000000	0.5	260	0.73813508679461	0.917837907061713	0.817114731721182
2	m4.2xlarge	16	64000	17675	100	175000000	0.75	284	0.73813508679461	0.917837907061713	0.817114731721182
2	m4.2xlarge	16	64000	17675	100	175000000	0.75	286	0.73813508679461	0.917837907061713	0.817114731721182
2	m4.2xlarge	16	64000	17675	100	175000000	0.75	288	0.73813508679461	0.917837907061713	0.817114731721182
2	m4.2xlarge	16	64000	17675	100	175000000	0.75	290	0.73813508679461	0.917837907061713	0.817114731721182
2	m4.2xlarge	16	64000	17675	100	175000000	0.75	308	0.73813508679461	0.917837907061713	0.817114731721182
2	m4.2xlarge	16	64000	17675	100	175000000	1.0	344	0.73813508679461	0.917837907061713	0.817114731721182
2	m4.2xlarge	16	64000	17675	100	175000000	1.0	350	0.73813508679461	0.917837907061713	0.817114731721182
2	m4.2xlarge	16	64000	17675	100	175000000	1.0	352	0.73813508679461	0.917837907061713	0.817114731721182
2	m4.2xlarge	16	64000	17675	100	175000000	1.0	354	0.73813508679461	0.917837907061713	0.817114731721182
2	m4.2xlarge	16	64000	17675	100	175000000	1.0	360	0.73813508679461	0.917837907061713	0.817114731721182
2	m4.2xlarge	16	64000	20200	100	200000000	0.0	200	0.73813508679461	0.917837907061713	0.817114731721182
2	m4.2xlarge	16	64000	20200	100	200000000	0.0	202	0.73813508679461	0.917837907061713	0.817114731721182
2	m4.2xlarge	16	64000	20200	100	200000000	0.0	202	0.73813508679461	0.917837907061713	0.817114731721182
2	m4.2xlarge	16	64000	20200	100	200000000	0.0	204	0.73813508679461	0.917837907061713	0.817114731721182
2	m4.2xlarge	16	64000	20200	100	200000000	0.0	210	0.73813508679461	0.917837907061713	0.817114731721182
2	m4.2xlarge	16	64000	20200	100	200000000	0.25	242	0.73813508679461	0.917837907061713	0.817114731721182
2	m4.2xlarge	16	64000	20200	100	200000000	0.25	242	0.73813508679461	0.917837907061713	0.817114731721182
2	m4.2xlarge	16	64000	20200	100	200000000	0.25	242	0.73813508679461	0.917837907061713	0.817114731721182
2	m4.2xlarge	16	64000	20200	100	200000000	0.25	242	0.73813508679461	0.917837907061713	0.817114731721182
2	m4.2xlarge	16	64000	20200	100	200000000	0.25	244	0.73813508679461	0.917837907061713	0.817114731721182
2	m4.2xlarge	16	64000	20200	100	200000000	0.5	282	0.73813508679461	0.917837907061713	0.817114731721182
2	m4.2xlarge	16	64000	20200	100	200000000	0.5	284	0.73813508679461	0.917837907061713	0.817114731721182
2	m4.2xlarge	16	64000	20200	100	200000000	0.5	284	0.73813508679461	0.917837907061713	0.817114731721182
2	m4.2xlarge	16	64000	20200	100	200000000	0.5	286	0.73813508679461	0.917837907061713	0.817114731721182
2	m4.2xlarge	16	64000	20200	100	200000000	0.5	286	0.73813508679461	0.917837907061713	0.817114731721182
2	m4.2xlarge	16	64000	20200	100	200000000	0.75	320	0.73813508679461	0.917837907061713	0.817114731721182
2	m4.2xlarge	16	64000	20200	100	200000000	0.75	326	0.73813508679461	0.917837907061713	0.817114731721182
2	m4.2xlarge	16	64000	20200	100	200000000	0.75	328	0.73813508679461	0.917837907061713	0.817114731721182
2	m4.2xlarge	16	64000	20200	100	200000000	0.75	330	0.73813508679461	0.917837907061713	0.817114731721182
2	m4.2xlarge	16	64000	20200	100	200000000	0.75	334	0.73813508679461	0.917837907061713	0.817114731721182
2	m4.2xlarge	16	64000	20200	100	200000000	1.0	402	0.73813508679461	0.917837907061713	0.817114731721182
2	m4.2xlarge	16	64000	20200	100	200000000	1.0	402	0.73813508679461	0.917837907061713	0.817114731721182
2	m4.2xlarge	16	64000	20200	100	200000000	1.0	402	0.73813508679461	0.917837907061713	0.817114731721182
2	m4.2xlarge	16	64000	20200	100	200000000	1.0	404	0.73813508679461	0.917837907061713	0.817114731721182
2	m4.2xlarge	16	64000	20200	100	200000000	1.0	406	0.73813508679461	0.917837907061713	0.817114731721182
2	r4.2xlarge	16	122000	15150	100	150000000	0.5	166	0.621439738915361	0.699904926309755	0.683905823195575
2	r4.2xlarge	16	122000	15150	100	150000000	0.5	168	0.621439738915361	0.699904926309755	0.683905823195575
2	r4.2xlarge	16	122000	15150	100	150000000	0.5	168	0.621439738915361	0.699904926309755	0.683905823195575
2	r4.2xlarge	16	122000	15150	100	150000000	0.5	168	0.621439738915361	0.699904926309755	0.683905823195575
2	r4.2xlarge	16	122000	15150	100	150000000	0.5	170	0.621439738915361	0.699904926309755	0.683905823195575
4	c4.2xlarge	32	60000	15150	100	150000000	0.5	102	1.0	0.975170773880192	0.995589462652916
4	c4.2xlarge	32	60000	15150	100	150000000	0.5	104	1.0	0.975170773880192	0.995589462652916
4	c4.2xlarge	32	60000	15150	100	150000000	0.5	106	1.0	0.975170773880192	0.995589462652916
4	c4.2xlarge	32	60000	15150	100	150000000	0.5	112	1.0	0.975170773880192	0.995589462652916
4	c4.2xlarge	32	60000	15150	100	150000000	0.5	112	1.0	0.975170773880192	0.995589462652916
4	m4.2xlarge	32	128000	10100	100	100000000	0.0	60	0.73813508679461	0.917837907061713	0.817114731721182
4	m4.2xlarge	32	128000	10100	100	100000000	0.0	60	0.73813508679461	0.917837907061713	0.817114731721182
4	m4.2xlarge	32	128000	10100	100	100000000	0.0	60	0.73813508679461	0.917837907061713	0.817114731721182
4	m4.2xlarge	32	128000	10100	100	100000000	0.0	62	0.73813508679461	0.917837907061713	0.817114731721182
4	m4.2xlarge	32	128000	10100	100	100000000	0.0	64	0.73813508679461	0.917837907061713	0.817114731721182
4	m4.2xlarge	32	128000	10100	100	100000000	0.25	80	0.73813508679461	0.917837907061713	0.817114731721182
4	m4.2xlarge	32	128000	10100	100	100000000	0.25	80	0.73813508679461	0.917837907061713	0.817114731721182
4	m4.2xlarge	32	128000	10100	100	100000000	0.25	80	0.73813508679461	0.917837907061713	0.817114731721182
4	m4.2xlarge	32	128000	10100	100	100000000	0.25	80	0.73813508679461	0.917837907061713	0.817114731721182
4	m4.2xlarge	32	128000	10100	100	100000000	0.25	80	0.73813508679461	0.917837907061713	0.817114731721182
4	m4.2xlarge	32	128000	10100	100	100000000	0.5	100	0.73813508679461	0.917837907061713	0.817114731721182
4	m4.2xlarge	32	128000	10100	100	100000000	0.5	100	0.73813508679461	0.917837907061713	0.817114731721182
4	m4.2xlarge	32	128000	10100	100	100000000	0.5	100	0.73813508679461	0.917837907061713	0.817114731721182
4	m4.2xlarge	32	128000	10100	100	100000000	0.5	100	0.73813508679461	0.917837907061713	0.817114731721182
4	m4.2xlarge	32	128000	10100	100	100000000	0.5	106	0.73813508679461	0.917837907061713	0.817114731721182
4	m4.2xlarge	32	128000	10100	100	100000000	0.75	120	0.73813508679461	0.917837907061713	0.817114731721182
4	m4.2xlarge	32	128000	10100	100	100000000	0.75	120	0.73813508679461	0.917837907061713	0.817114731721182
4	m4.2xlarge	32	128000	10100	100	100000000	0.75	120	0.73813508679461	0.917837907061713	0.817114731721182
4	m4.2xlarge	32	128000	10100	100	100000000	0.75	120	0.73813508679461	0.917837907061713	0.817114731721182
4	m4.2xlarge	32	128000	10100	100	100000000	0.75	120	0.73813508679461	0.917837907061713	0.817114731721182
4	m4.2xlarge	32	128000	10100	100	100000000	1.0	140	0.73813508679461	0.917837907061713	0.817114731721182
4	m4.2xlarge	32	128000	10100	100	100000000	1.0	140	0.73813508679461	0.917837907061713	0.817114731721182
4	m4.2xlarge	32	128000	10100	100	100000000	1.0	140	0.73813508679461	0.917837907061713	0.817114731721182
4	m4.2xlarge	32	128000	10100	100	100000000	1.0	142	0.73813508679461	0.917837907061713	0.817114731721182
4	m4.2xlarge	32	128000	10100	100	100000000	1.0	142	0.73813508679461	0.917837907061713	0.817114731721182
4	m4.2xlarge	32	128000	12625	100	125000000	0.0	66	0.73813508679461	0.917837907061713	0.817114731721182
4	m4.2xlarge	32	128000	12625	100	125000000	0.0	66	0.73813508679461	0.917837907061713	0.817114731721182
4	m4.2xlarge	32	128000	12625	100	125000000	0.0	66	0.73813508679461	0.917837907061713	0.817114731721182
4	m4.2xlarge	32	128000	12625	100	125000000	0.0	66	0.73813508679461	0.917837907061713	0.817114731721182
4	m4.2xlarge	32	128000	12625	100	125000000	0.0	68	0.73813508679461	0.917837907061713	0.817114731721182
4	m4.2xlarge	32	128000	12625	100	125000000	0.25	90	0.73813508679461	0.917837907061713	0.817114731721182
4	m4.2xlarge	32	128000	12625	100	125000000	0.25	92	0.73813508679461	0.917837907061713	0.817114731721182
4	m4.2xlarge	32	128000	12625	100	125000000	0.25	92	0.73813508679461	0.917837907061713	0.817114731721182
4	m4.2xlarge	32	128000	12625	100	125000000	0.25	92	0.73813508679461	0.917837907061713	0.817114731721182
4	m4.2xlarge	32	128000	12625	100	125000000	0.25	92	0.73813508679461	0.917837907061713	0.817114731721182
4	m4.2xlarge	32	128000	12625	100	125000000	0.5	118	0.73813508679461	0.917837907061713	0.817114731721182
4	m4.2xlarge	32	128000	12625	100	125000000	0.5	118	0.73813508679461	0.917837907061713	0.817114731721182
4	m4.2xlarge	32	128000	12625	100	125000000	0.5	120	0.73813508679461	0.917837907061713	0.817114731721182
4	m4.2xlarge	32	128000	12625	100	125000000	0.5	120	0.73813508679461	0.917837907061713	0.817114731721182
4	m4.2xlarge	32	128000	12625	100	125000000	0.5	120	0.73813508679461	0.917837907061713	0.817114731721182
4	m4.2xlarge	32	128000	12625	100	125000000	0.75	142	0.73813508679461	0.917837907061713	0.817114731721182
4	m4.2xlarge	32	128000	12625	100	125000000	0.75	142	0.73813508679461	0.917837907061713	0.817114731721182
4	m4.2xlarge	32	128000	12625	100	125000000	0.75	144	0.73813508679461	0.917837907061713	0.817114731721182
4	m4.2xlarge	32	128000	12625	100	125000000	0.75	144	0.73813508679461	0.917837907061713	0.817114731721182
4	m4.2xlarge	32	128000	12625	100	125000000	0.75	144	0.73813508679461	0.917837907061713	0.817114731721182
4	m4.2xlarge	32	128000	12625	100	125000000	1.0	168	0.73813508679461	0.917837907061713	0.817114731721182
4	m4.2xlarge	32	128000	12625	100	125000000	1.0	172	0.73813508679461	0.917837907061713	0.817114731721182
4	m4.2xlarge	32	128000	12625	100	125000000	1.0	172	0.73813508679461	0.917837907061713	0.817114731721182
4	m4.2xlarge	32	128000	12625	100	125000000	1.0	172	0.73813508679461	0.917837907061713	0.817114731721182
4	m4.2xlarge	32	128000	12625	100	125000000	1.0	184	0.73813508679461	0.917837907061713	0.817114731721182
4	m4.2xlarge	32	128000	15150	100	150000000	0.0	74	0.73813508679461	0.917837907061713	0.817114731721182
4	m4.2xlarge	32	128000	15150	100	150000000	0.0	74	0.73813508679461	0.917837907061713	0.817114731721182
4	m4.2xlarge	32	128000	15150	100	150000000	0.0	74	0.73813508679461	0.917837907061713	0.817114731721182
4	m4.2xlarge	32	128000	15150	100	150000000	0.0	76	0.73813508679461	0.917837907061713	0.817114731721182
4	m4.2xlarge	32	128000	15150	100	150000000	0.0	78	0.73813508679461	0.917837907061713	0.817114731721182
4	m4.2xlarge	32	128000	15150	100	150000000	0.25	108	0.73813508679461	0.917837907061713	0.817114731721182
4	m4.2xlarge	32	128000	15150	100	150000000	0.25	108	0.73813508679461	0.917837907061713	0.817114731721182
4	m4.2xlarge	32	128000	15150	100	150000000	0.25	108	0.73813508679461	0.917837907061713	0.817114731721182
4	m4.2xlarge	32	128000	15150	100	150000000	0.25	108	0.73813508679461	0.917837907061713	0.817114731721182
4	m4.2xlarge	32	128000	15150	100	150000000	0.25	108	0.73813508679461	0.917837907061713	0.817114731721182
4	m4.2xlarge	32	128000	15150	100	150000000	0.5	136	0.73813508679461	0.917837907061713	0.817114731721182
4	m4.2xlarge	32	128000	15150	100	150000000	0.5	138	0.73813508679461	0.917837907061713	0.817114731721182
4	m4.2xlarge	32	128000	15150	100	150000000	0.5	138	0.73813508679461	0.917837907061713	0.817114731721182
4	m4.2xlarge	32	128000	15150	100	150000000	0.5	140	0.73813508679461	0.917837907061713	0.817114731721182
4	m4.2xlarge	32	128000	15150	100	150000000	0.5	140	0.73813508679461	0.917837907061713	0.817114731721182
4	m4.2xlarge	32	128000	15150	100	150000000	0.75	170	0.73813508679461	0.917837907061713	0.817114731721182
4	m4.2xlarge	32	128000	15150	100	150000000	0.75	172	0.73813508679461	0.917837907061713	0.817114731721182
4	m4.2xlarge	32	128000	15150	100	150000000	0.75	172	0.73813508679461	0.917837907061713	0.817114731721182
4	m4.2xlarge	32	128000	15150	100	150000000	0.75	174	0.73813508679461	0.917837907061713	0.817114731721182
4	m4.2xlarge	32	128000	15150	100	150000000	0.75	176	0.73813508679461	0.917837907061713	0.817114731721182
4	m4.2xlarge	32	128000	15150	100	150000000	1.0	204	0.73813508679461	0.917837907061713	0.817114731721182
4	m4.2xlarge	32	128000	15150	100	150000000	1.0	204	0.73813508679461	0.917837907061713	0.817114731721182
4	m4.2xlarge	32	128000	15150	100	150000000	1.0	206	0.73813508679461	0.917837907061713	0.817114731721182
4	m4.2xlarge	32	128000	15150	100	150000000	1.0	210	0.73813508679461	0.917837907061713	0.817114731721182
4	m4.2xlarge	32	128000	15150	100	150000000	1.0	210	0.73813508679461	0.917837907061713	0.817114731721182
4	m4.2xlarge	32	128000	17675	100	175000000	0.0	80	0.73813508679461	0.917837907061713	0.817114731721182
4	m4.2xlarge	32	128000	17675	100	175000000	0.0	82	0.73813508679461	0.917837907061713	0.817114731721182
4	m4.2xlarge	32	128000	17675	100	175000000	0.0	82	0.73813508679461	0.917837907061713	0.817114731721182
4	m4.2xlarge	32	128000	17675	100	175000000	0.0	82	0.73813508679461	0.917837907061713	0.817114731721182
4	m4.2xlarge	32	128000	17675	100	175000000	0.0	86	0.73813508679461	0.917837907061713	0.817114731721182
4	m4.2xlarge	32	128000	17675	100	175000000	0.25	116	0.73813508679461	0.917837907061713	0.817114731721182
4	m4.2xlarge	32	128000	17675	100	175000000	0.25	118	0.73813508679461	0.917837907061713	0.817114731721182
4	m4.2xlarge	32	128000	17675	100	175000000	0.25	118	0.73813508679461	0.917837907061713	0.817114731721182
4	m4.2xlarge	32	128000	17675	100	175000000	0.25	118	0.73813508679461	0.917837907061713	0.817114731721182
4	m4.2xlarge	32	128000	17675	100	175000000	0.25	118	0.73813508679461	0.917837907061713	0.817114731721182
4	m4.2xlarge	32	128000	17675	100	175000000	0.5	152	0.73813508679461	0.917837907061713	0.817114731721182
4	m4.2xlarge	32	128000	17675	100	175000000	0.5	152	0.73813508679461	0.917837907061713	0.817114731721182
4	m4.2xlarge	32	128000	17675	100	175000000	0.5	156	0.73813508679461	0.917837907061713	0.817114731721182
4	m4.2xlarge	32	128000	17675	100	175000000	0.5	156	0.73813508679461	0.917837907061713	0.817114731721182
4	m4.2xlarge	32	128000	17675	100	175000000	0.5	158	0.73813508679461	0.917837907061713	0.817114731721182
4	m4.2xlarge	32	128000	17675	100	175000000	0.75	188	0.73813508679461	0.917837907061713	0.817114731721182
4	m4.2xlarge	32	128000	17675	100	175000000	0.75	190	0.73813508679461	0.917837907061713	0.817114731721182
4	m4.2xlarge	32	128000	17675	100	175000000	0.75	196	0.73813508679461	0.917837907061713	0.817114731721182
4	m4.2xlarge	32	128000	17675	100	175000000	0.75	198	0.73813508679461	0.917837907061713	0.817114731721182
4	m4.2xlarge	32	128000	17675	100	175000000	0.75	198	0.73813508679461	0.917837907061713	0.817114731721182
4	m4.2xlarge	32	128000	17675	100	175000000	1.0	222	0.73813508679461	0.917837907061713	0.817114731721182
4	m4.2xlarge	32	128000	17675	100	175000000	1.0	234	0.73813508679461	0.917837907061713	0.817114731721182
4	m4.2xlarge	32	128000	17675	100	175000000	1.0	238	0.73813508679461	0.917837907061713	0.817114731721182
4	m4.2xlarge	32	128000	17675	100	175000000	1.0	242	0.73813508679461	0.917837907061713	0.817114731721182
4	m4.2xlarge	32	128000	17675	100	175000000	1.0	246	0.73813508679461	0.917837907061713	0.817114731721182
4	m4.2xlarge	32	128000	20200	100	200000000	0.0	88	0.73813508679461	0.917837907061713	0.817114731721182
4	m4.2xlarge	32	128000	20200	100	200000000	0.0	88	0.73813508679461	0.917837907061713	0.817114731721182
4	m4.2xlarge	32	128000	20200	100	200000000	0.0	88	0.73813508679461	0.917837907061713	0.817114731721182
4	m4.2xlarge	32	128000	20200	100	200000000	0.0	88	0.73813508679461	0.917837907061713	0.817114731721182
4	m4.2xlarge	32	128000	20200	100	200000000	0.0	88	0.73813508679461	0.917837907061713	0.817114731721182
4	m4.2xlarge	32	128000	20200	100	200000000	0.25	126	0.73813508679461	0.917837907061713	0.817114731721182
4	m4.2xlarge	32	128000	20200	100	200000000	0.25	128	0.73813508679461	0.917837907061713	0.817114731721182
4	m4.2xlarge	32	128000	20200	100	200000000	0.25	128	0.73813508679461	0.917837907061713	0.817114731721182
4	m4.2xlarge	32	128000	20200	100	200000000	0.25	130	0.73813508679461	0.917837907061713	0.817114731721182
4	m4.2xlarge	32	128000	20200	100	200000000	0.25	130	0.73813508679461	0.917837907061713	0.817114731721182
4	m4.2xlarge	32	128000	20200	100	200000000	0.5	168	0.73813508679461	0.917837907061713	0.817114731721182
4	m4.2xlarge	32	128000	20200	100	200000000	0.5	168	0.73813508679461	0.917837907061713	0.817114731721182
4	m4.2xlarge	32	128000	20200	100	200000000	0.5	168	0.73813508679461	0.917837907061713	0.817114731721182
4	m4.2xlarge	32	128000	20200	100	200000000	0.5	170	0.73813508679461	0.917837907061713	0.817114731721182
4	m4.2xlarge	32	128000	20200	100	200000000	0.5	170	0.73813508679461	0.917837907061713	0.817114731721182
4	m4.2xlarge	32	128000	20200	100	200000000	0.75	208	0.73813508679461	0.917837907061713	0.817114731721182
4	m4.2xlarge	32	128000	20200	100	200000000	0.75	210	0.73813508679461	0.917837907061713	0.817114731721182
4	m4.2xlarge	32	128000	20200	100	200000000	0.75	212	0.73813508679461	0.917837907061713	0.817114731721182
4	m4.2xlarge	32	128000	20200	100	200000000	0.75	216	0.73813508679461	0.917837907061713	0.817114731721182
4	m4.2xlarge	32	128000	20200	100	200000000	0.75	216	0.73813508679461	0.917837907061713	0.817114731721182
4	m4.2xlarge	32	128000	20200	100	200000000	1.0	248	0.73813508679461	0.917837907061713	0.817114731721182
4	m4.2xlarge	32	128000	20200	100	200000000	1.0	248	0.73813508679461	0.917837907061713	0.817114731721182
4	m4.2xlarge	32	128000	20200	100	200000000	1.0	250	0.73813508679461	0.917837907061713	0.817114731721182
4	m4.2xlarge	32	128000	20200	100	200000000	1.0	260	0.73813508679461	0.917837907061713	0.817114731721182
4	m4.2xlarge	32	128000	20200	100	200000000	1.0	276	0.73813508679461	0.917837907061713	0.817114731721182
4	r4.2xlarge	32	244000	15150	100	150000000	0.5	112	0.621439738915361	0.699904926309755	0.683905823195575
4	r4.2xlarge	32	244000	15150	100	150000000	0.5	112	0.621439738915361	0.699904926309755	0.683905823195575
4	r4.2xlarge	32	244000	15150	100	150000000	0.5	112	0.621439738915361	0.699904926309755	0.683905823195575
4	r4.2xlarge	32	244000	15150	100	150000000	0.5	114	0.621439738915361	0.699904926309755	0.683905823195575
4	r4.2xlarge	32	244000	15150	100	150000000	0.5	116	0.621439738915361	0.699904926309755	0.683905823195575
6	c4.2xlarge	48	90000	15150	100	150000000	0.5	98	1.0	0.975170773880192	0.995589462652916
6	c4.2xlarge	48	90000	15150	100	150000000	0.5	100	1.0	0.975170773880192	0.995589462652916
6	c4.2xlarge	48	90000	15150	100	150000000	0.5	102	1.0	0.975170773880192	0.995589462652916
6	c4.2xlarge	48	90000	15150	100	150000000	0.5	102	1.0	0.975170773880192	0.995589462652916
6	c4.2xlarge	48	90000	15150	100	150000000	0.5	104	1.0	0.975170773880192	0.995589462652916
6	m4.2xlarge	48	192000	10100	100	100000000	0.0	48	0.73813508679461	0.917837907061713	0.817114731721182
6	m4.2xlarge	48	192000	10100	100	100000000	0.0	48	0.73813508679461	0.917837907061713	0.817114731721182
6	m4.2xlarge	48	192000	10100	100	100000000	0.0	48	0.73813508679461	0.917837907061713	0.817114731721182
6	m4.2xlarge	48	192000	10100	100	100000000	0.0	48	0.73813508679461	0.917837907061713	0.817114731721182
6	m4.2xlarge	48	192000	10100	100	100000000	0.0	52	0.73813508679461	0.917837907061713	0.817114731721182
6	m4.2xlarge	48	192000	10100	100	100000000	0.25	70	0.73813508679461	0.917837907061713	0.817114731721182
6	m4.2xlarge	48	192000	10100	100	100000000	0.25	70	0.73813508679461	0.917837907061713	0.817114731721182
6	m4.2xlarge	48	192000	10100	100	100000000	0.25	72	0.73813508679461	0.917837907061713	0.817114731721182
6	m4.2xlarge	48	192000	10100	100	100000000	0.25	72	0.73813508679461	0.917837907061713	0.817114731721182
6	m4.2xlarge	48	192000	10100	100	100000000	0.25	74	0.73813508679461	0.917837907061713	0.817114731721182
6	m4.2xlarge	48	192000	10100	100	100000000	0.5	90	0.73813508679461	0.917837907061713	0.817114731721182
6	m4.2xlarge	48	192000	10100	100	100000000	0.5	92	0.73813508679461	0.917837907061713	0.817114731721182
6	m4.2xlarge	48	192000	10100	100	100000000	0.5	94	0.73813508679461	0.917837907061713	0.817114731721182
6	m4.2xlarge	48	192000	10100	100	100000000	0.5	94	0.73813508679461	0.917837907061713	0.817114731721182
6	m4.2xlarge	48	192000	10100	100	100000000	0.5	96	0.73813508679461	0.917837907061713	0.817114731721182
6	m4.2xlarge	48	192000	10100	100	100000000	0.75	112	0.73813508679461	0.917837907061713	0.817114731721182
6	m4.2xlarge	48	192000	10100	100	100000000	0.75	114	0.73813508679461	0.917837907061713	0.817114731721182
6	m4.2xlarge	48	192000	10100	100	100000000	0.75	116	0.73813508679461	0.917837907061713	0.817114731721182
6	m4.2xlarge	48	192000	10100	100	100000000	0.75	116	0.73813508679461	0.917837907061713	0.817114731721182
6	m4.2xlarge	48	192000	10100	100	100000000	0.75	122	0.73813508679461	0.917837907061713	0.817114731721182
6	m4.2xlarge	48	192000	10100	100	100000000	1.0	136	0.73813508679461	0.917837907061713	0.817114731721182
6	m4.2xlarge	48	192000	10100	100	100000000	1.0	140	0.73813508679461	0.917837907061713	0.817114731721182
6	m4.2xlarge	48	192000	10100	100	100000000	1.0	140	0.73813508679461	0.917837907061713	0.817114731721182
6	m4.2xlarge	48	192000	10100	100	100000000	1.0	142	0.73813508679461	0.917837907061713	0.817114731721182
6	m4.2xlarge	48	192000	10100	100	100000000	1.0	148	0.73813508679461	0.917837907061713	0.817114731721182
6	m4.2xlarge	48	192000	12625	100	125000000	0.0	52	0.73813508679461	0.917837907061713	0.817114731721182
6	m4.2xlarge	48	192000	12625	100	125000000	0.0	54	0.73813508679461	0.917837907061713	0.817114731721182
6	m4.2xlarge	48	192000	12625	100	125000000	0.0	54	0.73813508679461	0.917837907061713	0.817114731721182
6	m4.2xlarge	48	192000	12625	100	125000000	0.0	54	0.73813508679461	0.917837907061713	0.817114731721182
6	m4.2xlarge	48	192000	12625	100	125000000	0.0	54	0.73813508679461	0.917837907061713	0.817114731721182
6	m4.2xlarge	48	192000	12625	100	125000000	0.25	78	0.73813508679461	0.917837907061713	0.817114731721182
6	m4.2xlarge	48	192000	12625	100	125000000	0.25	80	0.73813508679461	0.917837907061713	0.817114731721182
6	m4.2xlarge	48	192000	12625	100	125000000	0.25	80	0.73813508679461	0.917837907061713	0.817114731721182
6	m4.2xlarge	48	192000	12625	100	125000000	0.25	80	0.73813508679461	0.917837907061713	0.817114731721182
6	m4.2xlarge	48	192000	12625	100	125000000	0.25	82	0.73813508679461	0.917837907061713	0.817114731721182
6	m4.2xlarge	48	192000	12625	100	125000000	0.5	108	0.73813508679461	0.917837907061713	0.817114731721182
6	m4.2xlarge	48	192000	12625	100	125000000	0.5	110	0.73813508679461	0.917837907061713	0.817114731721182
6	m4.2xlarge	48	192000	12625	100	125000000	0.5	110	0.73813508679461	0.917837907061713	0.817114731721182
6	m4.2xlarge	48	192000	12625	100	125000000	0.5	112	0.73813508679461	0.917837907061713	0.817114731721182
6	m4.2xlarge	48	192000	12625	100	125000000	0.5	114	0.73813508679461	0.917837907061713	0.817114731721182
6	m4.2xlarge	48	192000	12625	100	125000000	0.75	138	0.73813508679461	0.917837907061713	0.817114731721182
6	m4.2xlarge	48	192000	12625	100	125000000	0.75	138	0.73813508679461	0.917837907061713	0.817114731721182
6	m4.2xlarge	48	192000	12625	100	125000000	0.75	140	0.73813508679461	0.917837907061713	0.817114731721182
6	m4.2xlarge	48	192000	12625	100	125000000	0.75	140	0.73813508679461	0.917837907061713	0.817114731721182
6	m4.2xlarge	48	192000	12625	100	125000000	0.75	146	0.73813508679461	0.917837907061713	0.817114731721182
6	m4.2xlarge	48	192000	12625	100	125000000	1.0	160	0.73813508679461	0.917837907061713	0.817114731721182
6	m4.2xlarge	48	192000	12625	100	125000000	1.0	162	0.73813508679461	0.917837907061713	0.817114731721182
6	m4.2xlarge	48	192000	12625	100	125000000	1.0	162	0.73813508679461	0.917837907061713	0.817114731721182
6	m4.2xlarge	48	192000	12625	100	125000000	1.0	164	0.73813508679461	0.917837907061713	0.817114731721182
6	m4.2xlarge	48	192000	12625	100	125000000	1.0	166	0.73813508679461	0.917837907061713	0.817114731721182
6	m4.2xlarge	48	192000	15150	100	150000000	0.0	56	0.73813508679461	0.917837907061713	0.817114731721182
6	m4.2xlarge	48	192000	15150	100	150000000	0.0	56	0.73813508679461	0.917837907061713	0.817114731721182
6	m4.2xlarge	48	192000	15150	100	150000000	0.0	58	0.73813508679461	0.917837907061713	0.817114731721182
6	m4.2xlarge	48	192000	15150	100	150000000	0.0	58	0.73813508679461	0.917837907061713	0.817114731721182
6	m4.2xlarge	48	192000	15150	100	150000000	0.0	62	0.73813508679461	0.917837907061713	0.817114731721182
6	m4.2xlarge	48	192000	15150	100	150000000	0.25	88	0.73813508679461	0.917837907061713	0.817114731721182
6	m4.2xlarge	48	192000	15150	100	150000000	0.25	90	0.73813508679461	0.917837907061713	0.817114731721182
6	m4.2xlarge	48	192000	15150	100	150000000	0.25	90	0.73813508679461	0.917837907061713	0.817114731721182
6	m4.2xlarge	48	192000	15150	100	150000000	0.25	92	0.73813508679461	0.917837907061713	0.817114731721182
6	m4.2xlarge	48	192000	15150	100	150000000	0.25	92	0.73813508679461	0.917837907061713	0.817114731721182
6	m4.2xlarge	48	192000	15150	100	150000000	0.5	120	0.73813508679461	0.917837907061713	0.817114731721182
6	m4.2xlarge	48	192000	15150	100	150000000	0.5	122	0.73813508679461	0.917837907061713	0.817114731721182
6	m4.2xlarge	48	192000	15150	100	150000000	0.5	124	0.73813508679461	0.917837907061713	0.817114731721182
6	m4.2xlarge	48	192000	15150	100	150000000	0.5	126	0.73813508679461	0.917837907061713	0.817114731721182
6	m4.2xlarge	48	192000	15150	100	150000000	0.5	140	0.73813508679461	0.917837907061713	0.817114731721182
6	m4.2xlarge	48	192000	15150	100	150000000	0.75	152	0.73813508679461	0.917837907061713	0.817114731721182
6	m4.2xlarge	48	192000	15150	100	150000000	0.75	154	0.73813508679461	0.917837907061713	0.817114731721182
6	m4.2xlarge	48	192000	15150	100	150000000	0.75	158	0.73813508679461	0.917837907061713	0.817114731721182
6	m4.2xlarge	48	192000	15150	100	150000000	0.75	158	0.73813508679461	0.917837907061713	0.817114731721182
6	m4.2xlarge	48	192000	15150	100	150000000	0.75	158	0.73813508679461	0.917837907061713	0.817114731721182
6	m4.2xlarge	48	192000	15150	100	150000000	1.0	180	0.73813508679461	0.917837907061713	0.817114731721182
6	m4.2xlarge	48	192000	15150	100	150000000	1.0	184	0.73813508679461	0.917837907061713	0.817114731721182
6	m4.2xlarge	48	192000	15150	100	150000000	1.0	186	0.73813508679461	0.917837907061713	0.817114731721182
6	m4.2xlarge	48	192000	15150	100	150000000	1.0	188	0.73813508679461	0.917837907061713	0.817114731721182
6	m4.2xlarge	48	192000	15150	100	150000000	1.0	196	0.73813508679461	0.917837907061713	0.817114731721182
6	m4.2xlarge	48	192000	17675	100	175000000	0.0	60	0.73813508679461	0.917837907061713	0.817114731721182
6	m4.2xlarge	48	192000	17675	100	175000000	0.0	62	0.73813508679461	0.917837907061713	0.817114731721182
6	m4.2xlarge	48	192000	17675	100	175000000	0.0	62	0.73813508679461	0.917837907061713	0.817114731721182
6	m4.2xlarge	48	192000	17675	100	175000000	0.0	62	0.73813508679461	0.917837907061713	0.817114731721182
6	m4.2xlarge	48	192000	17675	100	175000000	0.0	64	0.73813508679461	0.917837907061713	0.817114731721182
6	m4.2xlarge	48	192000	17675	100	175000000	0.25	98	0.73813508679461	0.917837907061713	0.817114731721182
6	m4.2xlarge	48	192000	17675	100	175000000	0.25	98	0.73813508679461	0.917837907061713	0.817114731721182
6	m4.2xlarge	48	192000	17675	100	175000000	0.25	100	0.73813508679461	0.917837907061713	0.817114731721182
6	m4.2xlarge	48	192000	17675	100	175000000	0.25	100	0.73813508679461	0.917837907061713	0.817114731721182
6	m4.2xlarge	48	192000	17675	100	175000000	0.25	102	0.73813508679461	0.917837907061713	0.817114731721182
6	m4.2xlarge	48	192000	17675	100	175000000	0.5	134	0.73813508679461	0.917837907061713	0.817114731721182
6	m4.2xlarge	48	192000	17675	100	175000000	0.5	136	0.73813508679461	0.917837907061713	0.817114731721182
6	m4.2xlarge	48	192000	17675	100	175000000	0.5	136	0.73813508679461	0.917837907061713	0.817114731721182
6	m4.2xlarge	48	192000	17675	100	175000000	0.5	136	0.73813508679461	0.917837907061713	0.817114731721182
6	m4.2xlarge	48	192000	17675	100	175000000	0.5	136	0.73813508679461	0.917837907061713	0.817114731721182
6	m4.2xlarge	48	192000	17675	100	175000000	0.75	172	0.73813508679461	0.917837907061713	0.817114731721182
6	m4.2xlarge	48	192000	17675	100	175000000	0.75	174	0.73813508679461	0.917837907061713	0.817114731721182
6	m4.2xlarge	48	192000	17675	100	175000000	0.75	174	0.73813508679461	0.917837907061713	0.817114731721182
6	m4.2xlarge	48	192000	17675	100	175000000	0.75	178	0.73813508679461	0.917837907061713	0.817114731721182
6	m4.2xlarge	48	192000	17675	100	175000000	0.75	178	0.73813508679461	0.917837907061713	0.817114731721182
6	m4.2xlarge	48	192000	17675	100	175000000	1.0	212	0.73813508679461	0.917837907061713	0.817114731721182
6	m4.2xlarge	48	192000	17675	100	175000000	1.0	214	0.73813508679461	0.917837907061713	0.817114731721182
6	m4.2xlarge	48	192000	17675	100	175000000	1.0	222	0.73813508679461	0.917837907061713	0.817114731721182
6	m4.2xlarge	48	192000	17675	100	175000000	1.0	222	0.73813508679461	0.917837907061713	0.817114731721182
6	m4.2xlarge	48	192000	17675	100	175000000	1.0	224	0.73813508679461	0.917837907061713	0.817114731721182
6	m4.2xlarge	48	192000	20200	100	200000000	0.0	66	0.73813508679461	0.917837907061713	0.817114731721182
6	m4.2xlarge	48	192000	20200	100	200000000	0.0	66	0.73813508679461	0.917837907061713	0.817114731721182
6	m4.2xlarge	48	192000	20200	100	200000000	0.0	66	0.73813508679461	0.917837907061713	0.817114731721182
6	m4.2xlarge	48	192000	20200	100	200000000	0.0	68	0.73813508679461	0.917837907061713	0.817114731721182
6	m4.2xlarge	48	192000	20200	100	200000000	0.0	68	0.73813508679461	0.917837907061713	0.817114731721182
6	m4.2xlarge	48	192000	20200	100	200000000	0.25	106	0.73813508679461	0.917837907061713	0.817114731721182
6	m4.2xlarge	48	192000	20200	100	200000000	0.25	108	0.73813508679461	0.917837907061713	0.817114731721182
6	m4.2xlarge	48	192000	20200	100	200000000	0.25	108	0.73813508679461	0.917837907061713	0.817114731721182
6	m4.2xlarge	48	192000	20200	100	200000000	0.25	108	0.73813508679461	0.917837907061713	0.817114731721182
6	m4.2xlarge	48	192000	20200	100	200000000	0.25	108	0.73813508679461	0.917837907061713	0.817114731721182
6	m4.2xlarge	48	192000	20200	100	200000000	0.5	150	0.73813508679461	0.917837907061713	0.817114731721182
6	m4.2xlarge	48	192000	20200	100	200000000	0.5	150	0.73813508679461	0.917837907061713	0.817114731721182
6	m4.2xlarge	48	192000	20200	100	200000000	0.5	152	0.73813508679461	0.917837907061713	0.817114731721182
6	m4.2xlarge	48	192000	20200	100	200000000	0.5	154	0.73813508679461	0.917837907061713	0.817114731721182
6	m4.2xlarge	48	192000	20200	100	200000000	0.5	160	0.73813508679461	0.917837907061713	0.817114731721182
6	m4.2xlarge	48	192000	20200	100	200000000	0.75	194	0.73813508679461	0.917837907061713	0.817114731721182
6	m4.2xlarge	48	192000	20200	100	200000000	0.75	196	0.73813508679461	0.917837907061713	0.817114731721182
6	m4.2xlarge	48	192000	20200	100	200000000	0.75	196	0.73813508679461	0.917837907061713	0.817114731721182
6	m4.2xlarge	48	192000	20200	100	200000000	0.75	198	0.73813508679461	0.917837907061713	0.817114731721182
6	m4.2xlarge	48	192000	20200	100	200000000	0.75	206	0.73813508679461	0.917837907061713	0.817114731721182
6	m4.2xlarge	48	192000	20200	100	200000000	1.0	234	0.73813508679461	0.917837907061713	0.817114731721182
6	m4.2xlarge	48	192000	20200	100	200000000	1.0	236	0.73813508679461	0.917837907061713	0.817114731721182
6	m4.2xlarge	48	192000	20200	100	200000000	1.0	238	0.73813508679461	0.917837907061713	0.817114731721182
6	m4.2xlarge	48	192000	20200	100	200000000	1.0	240	0.73813508679461	0.917837907061713	0.817114731721182
6	m4.2xlarge	48	192000	20200	100	200000000	1.0	242	0.73813508679461	0.917837907061713	0.817114731721182
6	r4.2xlarge	48	366000	15150	100	150000000	0.5	108	0.621439738915361	0.699904926309755	0.683905823195575
6	r4.2xlarge	48	366000	15150	100	150000000	0.5	108	0.621439738915361	0.699904926309755	0.683905823195575
6	r4.2xlarge	48	366000	15150	100	150000000	0.5	108	0.621439738915361	0.699904926309755	0.683905823195575
6	r4.2xlarge	48	366000	15150	100	150000000	0.5	112	0.621439738915361	0.699904926309755	0.683905823195575
6	r4.2xlarge	48	366000	15150	100	150000000	0.5	114	0.621439738915361	0.699904926309755	0.683905823195575
8	c4.2xlarge	64	120000	15150	100	150000000	0.5	98	1.0	0.975170773880192	0.995589462652916
8	c4.2xlarge	64	120000	15150	100	150000000	0.5	100	1.0	0.975170773880192	0.995589462652916
8	c4.2xlarge	64	120000	15150	100	150000000	0.5	100	1.0	0.975170773880192	0.995589462652916
8	c4.2xlarge	64	120000	15150	100	150000000	0.5	102	1.0	0.975170773880192	0.995589462652916
8	c4.2xlarge	64	120000	15150	100	150000000	0.5	104	1.0	0.975170773880192	0.995589462652916
8	m4.2xlarge	64	256000	10100	100	100000000	0.0	44	0.73813508679461	0.917837907061713	0.817114731721182
8	m4.2xlarge	64	256000	10100	100	100000000	0.0	44	0.73813508679461	0.917837907061713	0.817114731721182
8	m4.2xlarge	64	256000	10100	100	100000000	0.0	44	0.73813508679461	0.917837907061713	0.817114731721182
8	m4.2xlarge	64	256000	10100	100	100000000	0.0	46	0.73813508679461	0.917837907061713	0.817114731721182
8	m4.2xlarge	64	256000	10100	100	100000000	0.0	50	0.73813508679461	0.917837907061713	0.817114731721182
8	m4.2xlarge	64	256000	10100	100	100000000	0.25	66	0.73813508679461	0.917837907061713	0.817114731721182
8	m4.2xlarge	64	256000	10100	100	100000000	0.25	66	0.73813508679461	0.917837907061713	0.817114731721182
8	m4.2xlarge	64	256000	10100	100	100000000	0.25	66	0.73813508679461	0.917837907061713	0.817114731721182
8	m4.2xlarge	64	256000	10100	100	100000000	0.25	66	0.73813508679461	0.917837907061713	0.817114731721182
8	m4.2xlarge	64	256000	10100	100	100000000	0.25	66	0.73813508679461	0.917837907061713	0.817114731721182
8	m4.2xlarge	64	256000	10100	100	100000000	0.5	86	0.73813508679461	0.917837907061713	0.817114731721182
8	m4.2xlarge	64	256000	10100	100	100000000	0.5	86	0.73813508679461	0.917837907061713	0.817114731721182
8	m4.2xlarge	64	256000	10100	100	100000000	0.5	88	0.73813508679461	0.917837907061713	0.817114731721182
8	m4.2xlarge	64	256000	10100	100	100000000	0.5	88	0.73813508679461	0.917837907061713	0.817114731721182
8	m4.2xlarge	64	256000	10100	100	100000000	0.5	90	0.73813508679461	0.917837907061713	0.817114731721182
8	m4.2xlarge	64	256000	10100	100	100000000	0.75	108	0.73813508679461	0.917837907061713	0.817114731721182
8	m4.2xlarge	64	256000	10100	100	100000000	0.75	108	0.73813508679461	0.917837907061713	0.817114731721182
8	m4.2xlarge	64	256000	10100	100	100000000	0.75	110	0.73813508679461	0.917837907061713	0.817114731721182
8	m4.2xlarge	64	256000	10100	100	100000000	0.75	112	0.73813508679461	0.917837907061713	0.817114731721182
8	m4.2xlarge	64	256000	10100	100	100000000	0.75	114	0.73813508679461	0.917837907061713	0.817114731721182
8	m4.2xlarge	64	256000	10100	100	100000000	1.0	128	0.73813508679461	0.917837907061713	0.817114731721182
8	m4.2xlarge	64	256000	10100	100	100000000	1.0	128	0.73813508679461	0.917837907061713	0.817114731721182
8	m4.2xlarge	64	256000	10100	100	100000000	1.0	130	0.73813508679461	0.917837907061713	0.817114731721182
8	m4.2xlarge	64	256000	10100	100	100000000	1.0	132	0.73813508679461	0.917837907061713	0.817114731721182
8	m4.2xlarge	64	256000	10100	100	100000000	1.0	136	0.73813508679461	0.917837907061713	0.817114731721182
8	m4.2xlarge	64	256000	12625	100	125000000	0.0	48	0.73813508679461	0.917837907061713	0.817114731721182
8	m4.2xlarge	64	256000	12625	100	125000000	0.0	48	0.73813508679461	0.917837907061713	0.817114731721182
8	m4.2xlarge	64	256000	12625	100	125000000	0.0	48	0.73813508679461	0.917837907061713	0.817114731721182
8	m4.2xlarge	64	256000	12625	100	125000000	0.0	50	0.73813508679461	0.917837907061713	0.817114731721182
8	m4.2xlarge	64	256000	12625	100	125000000	0.0	50	0.73813508679461	0.917837907061713	0.817114731721182
8	m4.2xlarge	64	256000	12625	100	125000000	0.25	72	0.73813508679461	0.917837907061713	0.817114731721182
8	m4.2xlarge	64	256000	12625	100	125000000	0.25	74	0.73813508679461	0.917837907061713	0.817114731721182
8	m4.2xlarge	64	256000	12625	100	125000000	0.25	74	0.73813508679461	0.917837907061713	0.817114731721182
8	m4.2xlarge	64	256000	12625	100	125000000	0.25	74	0.73813508679461	0.917837907061713	0.817114731721182
8	m4.2xlarge	64	256000	12625	100	125000000	0.25	76	0.73813508679461	0.917837907061713	0.817114731721182
8	m4.2xlarge	64	256000	12625	100	125000000	0.5	98	0.73813508679461	0.917837907061713	0.817114731721182
8	m4.2xlarge	64	256000	12625	100	125000000	0.5	98	0.73813508679461	0.917837907061713	0.817114731721182
8	m4.2xlarge	64	256000	12625	100	125000000	0.5	100	0.73813508679461	0.917837907061713	0.817114731721182
8	m4.2xlarge	64	256000	12625	100	125000000	0.5	102	0.73813508679461	0.917837907061713	0.817114731721182
8	m4.2xlarge	64	256000	12625	100	125000000	0.5	106	0.73813508679461	0.917837907061713	0.817114731721182
8	m4.2xlarge	64	256000	12625	100	125000000	0.75	128	0.73813508679461	0.917837907061713	0.817114731721182
8	m4.2xlarge	64	256000	12625	100	125000000	0.75	128	0.73813508679461	0.917837907061713	0.817114731721182
8	m4.2xlarge	64	256000	12625	100	125000000	0.75	128	0.73813508679461	0.917837907061713	0.817114731721182
8	m4.2xlarge	64	256000	12625	100	125000000	0.75	128	0.73813508679461	0.917837907061713	0.817114731721182
8	m4.2xlarge	64	256000	12625	100	125000000	0.75	132	0.73813508679461	0.917837907061713	0.817114731721182
8	m4.2xlarge	64	256000	12625	100	125000000	1.0	156	0.73813508679461	0.917837907061713	0.817114731721182
8	m4.2xlarge	64	256000	12625	100	125000000	1.0	156	0.73813508679461	0.917837907061713	0.817114731721182
8	m4.2xlarge	64	256000	12625	100	125000000	1.0	158	0.73813508679461	0.917837907061713	0.817114731721182
8	m4.2xlarge	64	256000	12625	100	125000000	1.0	160	0.73813508679461	0.917837907061713	0.817114731721182
8	m4.2xlarge	64	256000	12625	100	125000000	1.0	160	0.73813508679461	0.917837907061713	0.817114731721182
8	m4.2xlarge	64	256000	15150	100	150000000	0.0	58	0.73813508679461	0.917837907061713	0.817114731721182
8	m4.2xlarge	64	256000	15150	100	150000000	0.0	58	0.73813508679461	0.917837907061713	0.817114731721182
8	m4.2xlarge	64	256000	15150	100	150000000	0.0	58	0.73813508679461	0.917837907061713	0.817114731721182
8	m4.2xlarge	64	256000	15150	100	150000000	0.0	58	0.73813508679461	0.917837907061713	0.817114731721182
8	m4.2xlarge	64	256000	15150	100	150000000	0.0	60	0.73813508679461	0.917837907061713	0.817114731721182
8	m4.2xlarge	64	256000	15150	100	150000000	0.25	88	0.73813508679461	0.917837907061713	0.817114731721182
8	m4.2xlarge	64	256000	15150	100	150000000	0.25	88	0.73813508679461	0.917837907061713	0.817114731721182
8	m4.2xlarge	64	256000	15150	100	150000000	0.25	90	0.73813508679461	0.917837907061713	0.817114731721182
8	m4.2xlarge	64	256000	15150	100	150000000	0.25	92	0.73813508679461	0.917837907061713	0.817114731721182
8	m4.2xlarge	64	256000	15150	100	150000000	0.25	96	0.73813508679461	0.917837907061713	0.817114731721182
8	m4.2xlarge	64	256000	15150	100	150000000	0.5	116	0.73813508679461	0.917837907061713	0.817114731721182
8	m4.2xlarge	64	256000	15150	100	150000000	0.5	122	0.73813508679461	0.917837907061713	0.817114731721182
8	m4.2xlarge	64	256000	15150	100	150000000	0.5	138	0.73813508679461	0.917837907061713	0.817114731721182
8	m4.2xlarge	64	256000	15150	100	150000000	0.5	142	0.73813508679461	0.917837907061713	0.817114731721182
8	m4.2xlarge	64	256000	15150	100	150000000	0.5	148	0.73813508679461	0.917837907061713	0.817114731721182
8	m4.2xlarge	64	256000	15150	100	150000000	0.75	146	0.73813508679461	0.917837907061713	0.817114731721182
8	m4.2xlarge	64	256000	15150	100	150000000	0.75	150	0.73813508679461	0.917837907061713	0.817114731721182
8	m4.2xlarge	64	256000	15150	100	150000000	0.75	152	0.73813508679461	0.917837907061713	0.817114731721182
8	m4.2xlarge	64	256000	15150	100	150000000	0.75	154	0.73813508679461	0.917837907061713	0.817114731721182
8	m4.2xlarge	64	256000	15150	100	150000000	0.75	154	0.73813508679461	0.917837907061713	0.817114731721182
8	m4.2xlarge	64	256000	15150	100	150000000	1.0	178	0.73813508679461	0.917837907061713	0.817114731721182
8	m4.2xlarge	64	256000	15150	100	150000000	1.0	180	0.73813508679461	0.917837907061713	0.817114731721182
8	m4.2xlarge	64	256000	15150	100	150000000	1.0	182	0.73813508679461	0.917837907061713	0.817114731721182
8	m4.2xlarge	64	256000	15150	100	150000000	1.0	190	0.73813508679461	0.917837907061713	0.817114731721182
8	m4.2xlarge	64	256000	15150	100	150000000	1.0	196	0.73813508679461	0.917837907061713	0.817114731721182
8	m4.2xlarge	64	256000	17675	100	175000000	0.0	54	0.73813508679461	0.917837907061713	0.817114731721182
8	m4.2xlarge	64	256000	17675	100	175000000	0.0	54	0.73813508679461	0.917837907061713	0.817114731721182
8	m4.2xlarge	64	256000	17675	100	175000000	0.0	54	0.73813508679461	0.917837907061713	0.817114731721182
8	m4.2xlarge	64	256000	17675	100	175000000	0.0	56	0.73813508679461	0.917837907061713	0.817114731721182
8	m4.2xlarge	64	256000	17675	100	175000000	0.0	56	0.73813508679461	0.917837907061713	0.817114731721182
8	m4.2xlarge	64	256000	17675	100	175000000	0.25	92	0.73813508679461	0.917837907061713	0.817114731721182
8	m4.2xlarge	64	256000	17675	100	175000000	0.25	92	0.73813508679461	0.917837907061713	0.817114731721182
8	m4.2xlarge	64	256000	17675	100	175000000	0.25	92	0.73813508679461	0.917837907061713	0.817114731721182
8	m4.2xlarge	64	256000	17675	100	175000000	0.25	94	0.73813508679461	0.917837907061713	0.817114731721182
8	m4.2xlarge	64	256000	17675	100	175000000	0.25	96	0.73813508679461	0.917837907061713	0.817114731721182
8	m4.2xlarge	64	256000	17675	100	175000000	0.5	128	0.73813508679461	0.917837907061713	0.817114731721182
8	m4.2xlarge	64	256000	17675	100	175000000	0.5	130	0.73813508679461	0.917837907061713	0.817114731721182
8	m4.2xlarge	64	256000	17675	100	175000000	0.5	132	0.73813508679461	0.917837907061713	0.817114731721182
8	m4.2xlarge	64	256000	17675	100	175000000	0.5	134	0.73813508679461	0.917837907061713	0.817114731721182
8	m4.2xlarge	64	256000	17675	100	175000000	0.5	134	0.73813508679461	0.917837907061713	0.817114731721182
8	m4.2xlarge	64	256000	17675	100	175000000	0.75	172	0.73813508679461	0.917837907061713	0.817114731721182
8	m4.2xlarge	64	256000	17675	100	175000000	0.75	174	0.73813508679461	0.917837907061713	0.817114731721182
8	m4.2xlarge	64	256000	17675	100	175000000	0.75	176	0.73813508679461	0.917837907061713	0.817114731721182
8	m4.2xlarge	64	256000	17675	100	175000000	0.75	178	0.73813508679461	0.917837907061713	0.817114731721182
8	m4.2xlarge	64	256000	17675	100	175000000	0.75	178	0.73813508679461	0.917837907061713	0.817114731721182
8	m4.2xlarge	64	256000	17675	100	175000000	1.0	206	0.73813508679461	0.917837907061713	0.817114731721182
8	m4.2xlarge	64	256000	17675	100	175000000	1.0	210	0.73813508679461	0.917837907061713	0.817114731721182
8	m4.2xlarge	64	256000	17675	100	175000000	1.0	214	0.73813508679461	0.917837907061713	0.817114731721182
8	m4.2xlarge	64	256000	17675	100	175000000	1.0	216	0.73813508679461	0.917837907061713	0.817114731721182
8	m4.2xlarge	64	256000	17675	100	175000000	1.0	216	0.73813508679461	0.917837907061713	0.817114731721182
8	m4.2xlarge	64	256000	20200	100	200000000	0.0	58	0.73813508679461	0.917837907061713	0.817114731721182
8	m4.2xlarge	64	256000	20200	100	200000000	0.0	58	0.73813508679461	0.917837907061713	0.817114731721182
8	m4.2xlarge	64	256000	20200	100	200000000	0.0	60	0.73813508679461	0.917837907061713	0.817114731721182
8	m4.2xlarge	64	256000	20200	100	200000000	0.0	60	0.73813508679461	0.917837907061713	0.817114731721182
8	m4.2xlarge	64	256000	20200	100	200000000	0.0	62	0.73813508679461	0.917837907061713	0.817114731721182
8	m4.2xlarge	64	256000	20200	100	200000000	0.25	100	0.73813508679461	0.917837907061713	0.817114731721182
8	m4.2xlarge	64	256000	20200	100	200000000	0.25	102	0.73813508679461	0.917837907061713	0.817114731721182
8	m4.2xlarge	64	256000	20200	100	200000000	0.25	104	0.73813508679461	0.917837907061713	0.817114731721182
8	m4.2xlarge	64	256000	20200	100	200000000	0.25	106	0.73813508679461	0.917837907061713	0.817114731721182
8	m4.2xlarge	64	256000	20200	100	200000000	0.25	108	0.73813508679461	0.917837907061713	0.817114731721182
8	m4.2xlarge	64	256000	20200	100	200000000	0.5	146	0.73813508679461	0.917837907061713	0.817114731721182
8	m4.2xlarge	64	256000	20200	100	200000000	0.5	150	0.73813508679461	0.917837907061713	0.817114731721182
8	m4.2xlarge	64	256000	20200	100	200000000	0.5	152	0.73813508679461	0.917837907061713	0.817114731721182
8	m4.2xlarge	64	256000	20200	100	200000000	0.5	152	0.73813508679461	0.917837907061713	0.817114731721182
8	m4.2xlarge	64	256000	20200	100	200000000	0.5	156	0.73813508679461	0.917837907061713	0.817114731721182
8	m4.2xlarge	64	256000	20200	100	200000000	0.75	192	0.73813508679461	0.917837907061713	0.817114731721182
8	m4.2xlarge	64	256000	20200	100	200000000	0.75	196	0.73813508679461	0.917837907061713	0.817114731721182
8	m4.2xlarge	64	256000	20200	100	200000000	0.75	200	0.73813508679461	0.917837907061713	0.817114731721182
8	m4.2xlarge	64	256000	20200	100	200000000	0.75	200	0.73813508679461	0.917837907061713	0.817114731721182
8	m4.2xlarge	64	256000	20200	100	200000000	0.75	200	0.73813508679461	0.917837907061713	0.817114731721182
8	m4.2xlarge	64	256000	20200	100	200000000	1.0	240	0.73813508679461	0.917837907061713	0.817114731721182
8	m4.2xlarge	64	256000	20200	100	200000000	1.0	240	0.73813508679461	0.917837907061713	0.817114731721182
8	m4.2xlarge	64	256000	20200	100	200000000	1.0	242	0.73813508679461	0.917837907061713	0.817114731721182
8	m4.2xlarge	64	256000	20200	100	200000000	1.0	252	0.73813508679461	0.917837907061713	0.817114731721182
8	m4.2xlarge	64	256000	20200	100	200000000	1.0	426	0.73813508679461	0.917837907061713	0.817114731721182
8	r4.2xlarge	64	488000	15150	100	150000000	0.5	104	0.621439738915361	0.699904926309755	0.683905823195575
8	r4.2xlarge	64	488000	15150	100	150000000	0.5	104	0.621439738915361	0.699904926309755	0.683905823195575
8	r4.2xlarge	64	488000	15150	100	150000000	0.5	104	0.621439738915361	0.699904926309755	0.683905823195575
8	r4.2xlarge	64	488000	15150	100	150000000	0.5	106	0.621439738915361	0.699904926309755	0.683905823195575
8	r4.2xlarge	64	488000	15150	100	150000000	0.5	108	0.621439738915361	0.699904926309755	0.683905823195575
10	c4.2xlarge	80	150000	15150	100	150000000	0.5	92	1.0	0.975170773880192	0.995589462652916
10	c4.2xlarge	80	150000	15150	100	150000000	0.5	94	1.0	0.975170773880192	0.995589462652916
10	c4.2xlarge	80	150000	15150	100	150000000	0.5	96	1.0	0.975170773880192	0.995589462652916
10	c4.2xlarge	80	150000	15150	100	150000000	0.5	96	1.0	0.975170773880192	0.995589462652916
10	c4.2xlarge	80	150000	15150	100	150000000	0.5	100	1.0	0.975170773880192	0.995589462652916
10	m4.2xlarge	80	320000	10100	100	100000000	0.0	42	0.73813508679461	0.917837907061713	0.817114731721182
10	m4.2xlarge	80	320000	10100	100	100000000	0.0	42	0.73813508679461	0.917837907061713	0.817114731721182
10	m4.2xlarge	80	320000	10100	100	100000000	0.0	42	0.73813508679461	0.917837907061713	0.817114731721182
10	m4.2xlarge	80	320000	10100	100	100000000	0.0	44	0.73813508679461	0.917837907061713	0.817114731721182
10	m4.2xlarge	80	320000	10100	100	100000000	0.0	46	0.73813508679461	0.917837907061713	0.817114731721182
10	m4.2xlarge	80	320000	10100	100	100000000	0.25	64	0.73813508679461	0.917837907061713	0.817114731721182
10	m4.2xlarge	80	320000	10100	100	100000000	0.25	64	0.73813508679461	0.917837907061713	0.817114731721182
10	m4.2xlarge	80	320000	10100	100	100000000	0.25	64	0.73813508679461	0.917837907061713	0.817114731721182
10	m4.2xlarge	80	320000	10100	100	100000000	0.25	64	0.73813508679461	0.917837907061713	0.817114731721182
10	m4.2xlarge	80	320000	10100	100	100000000	0.25	66	0.73813508679461	0.917837907061713	0.817114731721182
10	m4.2xlarge	80	320000	10100	100	100000000	0.5	84	0.73813508679461	0.917837907061713	0.817114731721182
10	m4.2xlarge	80	320000	10100	100	100000000	0.5	84	0.73813508679461	0.917837907061713	0.817114731721182
10	m4.2xlarge	80	320000	10100	100	100000000	0.5	84	0.73813508679461	0.917837907061713	0.817114731721182
10	m4.2xlarge	80	320000	10100	100	100000000	0.5	86	0.73813508679461	0.917837907061713	0.817114731721182
10	m4.2xlarge	80	320000	10100	100	100000000	0.5	86	0.73813508679461	0.917837907061713	0.817114731721182
10	m4.2xlarge	80	320000	10100	100	100000000	0.75	104	0.73813508679461	0.917837907061713	0.817114731721182
10	m4.2xlarge	80	320000	10100	100	100000000	0.75	106	0.73813508679461	0.917837907061713	0.817114731721182
10	m4.2xlarge	80	320000	10100	100	100000000	0.75	106	0.73813508679461	0.917837907061713	0.817114731721182
10	m4.2xlarge	80	320000	10100	100	100000000	0.75	108	0.73813508679461	0.917837907061713	0.817114731721182
10	m4.2xlarge	80	320000	10100	100	100000000	0.75	108	0.73813508679461	0.917837907061713	0.817114731721182
10	m4.2xlarge	80	320000	10100	100	100000000	1.0	128	0.73813508679461	0.917837907061713	0.817114731721182
10	m4.2xlarge	80	320000	10100	100	100000000	1.0	130	0.73813508679461	0.917837907061713	0.817114731721182
10	m4.2xlarge	80	320000	10100	100	100000000	1.0	130	0.73813508679461	0.917837907061713	0.817114731721182
10	m4.2xlarge	80	320000	10100	100	100000000	1.0	132	0.73813508679461	0.917837907061713	0.817114731721182
10	m4.2xlarge	80	320000	10100	100	100000000	1.0	132	0.73813508679461	0.917837907061713	0.817114731721182
10	m4.2xlarge	80	320000	12625	100	125000000	0.0	44	0.73813508679461	0.917837907061713	0.817114731721182
10	m4.2xlarge	80	320000	12625	100	125000000	0.0	44	0.73813508679461	0.917837907061713	0.817114731721182
10	m4.2xlarge	80	320000	12625	100	125000000	0.0	46	0.73813508679461	0.917837907061713	0.817114731721182
10	m4.2xlarge	80	320000	12625	100	125000000	0.0	46	0.73813508679461	0.917837907061713	0.817114731721182
10	m4.2xlarge	80	320000	12625	100	125000000	0.0	46	0.73813508679461	0.917837907061713	0.817114731721182
10	m4.2xlarge	80	320000	12625	100	125000000	0.25	72	0.73813508679461	0.917837907061713	0.817114731721182
10	m4.2xlarge	80	320000	12625	100	125000000	0.25	72	0.73813508679461	0.917837907061713	0.817114731721182
10	m4.2xlarge	80	320000	12625	100	125000000	0.25	72	0.73813508679461	0.917837907061713	0.817114731721182
10	m4.2xlarge	80	320000	12625	100	125000000	0.25	72	0.73813508679461	0.917837907061713	0.817114731721182
10	m4.2xlarge	80	320000	12625	100	125000000	0.25	74	0.73813508679461	0.917837907061713	0.817114731721182
10	m4.2xlarge	80	320000	12625	100	125000000	0.5	98	0.73813508679461	0.917837907061713	0.817114731721182
10	m4.2xlarge	80	320000	12625	100	125000000	0.5	98	0.73813508679461	0.917837907061713	0.817114731721182
10	m4.2xlarge	80	320000	12625	100	125000000	0.5	98	0.73813508679461	0.917837907061713	0.817114731721182
10	m4.2xlarge	80	320000	12625	100	125000000	0.5	100	0.73813508679461	0.917837907061713	0.817114731721182
10	m4.2xlarge	80	320000	12625	100	125000000	0.5	100	0.73813508679461	0.917837907061713	0.817114731721182
10	m4.2xlarge	80	320000	12625	100	125000000	0.75	122	0.73813508679461	0.917837907061713	0.817114731721182
10	m4.2xlarge	80	320000	12625	100	125000000	0.75	126	0.73813508679461	0.917837907061713	0.817114731721182
10	m4.2xlarge	80	320000	12625	100	125000000	0.75	126	0.73813508679461	0.917837907061713	0.817114731721182
10	m4.2xlarge	80	320000	12625	100	125000000	0.75	128	0.73813508679461	0.917837907061713	0.817114731721182
10	m4.2xlarge	80	320000	12625	100	125000000	0.75	130	0.73813508679461	0.917837907061713	0.817114731721182
10	m4.2xlarge	80	320000	12625	100	125000000	1.0	150	0.73813508679461	0.917837907061713	0.817114731721182
10	m4.2xlarge	80	320000	12625	100	125000000	1.0	150	0.73813508679461	0.917837907061713	0.817114731721182
10	m4.2xlarge	80	320000	12625	100	125000000	1.0	150	0.73813508679461	0.917837907061713	0.817114731721182
10	m4.2xlarge	80	320000	12625	100	125000000	1.0	156	0.73813508679461	0.917837907061713	0.817114731721182
10	m4.2xlarge	80	320000	12625	100	125000000	1.0	158	0.73813508679461	0.917837907061713	0.817114731721182
10	m4.2xlarge	80	320000	15150	100	150000000	0.0	48	0.73813508679461	0.917837907061713	0.817114731721182
10	m4.2xlarge	80	320000	15150	100	150000000	0.0	48	0.73813508679461	0.917837907061713	0.817114731721182
10	m4.2xlarge	80	320000	15150	100	150000000	0.0	48	0.73813508679461	0.917837907061713	0.817114731721182
10	m4.2xlarge	80	320000	15150	100	150000000	0.0	48	0.73813508679461	0.917837907061713	0.817114731721182
10	m4.2xlarge	80	320000	15150	100	150000000	0.0	48	0.73813508679461	0.917837907061713	0.817114731721182
10	m4.2xlarge	80	320000	15150	100	150000000	0.25	78	0.73813508679461	0.917837907061713	0.817114731721182
10	m4.2xlarge	80	320000	15150	100	150000000	0.25	80	0.73813508679461	0.917837907061713	0.817114731721182
10	m4.2xlarge	80	320000	15150	100	150000000	0.25	80	0.73813508679461	0.917837907061713	0.817114731721182
10	m4.2xlarge	80	320000	15150	100	150000000	0.25	80	0.73813508679461	0.917837907061713	0.817114731721182
10	m4.2xlarge	80	320000	15150	100	150000000	0.25	82	0.73813508679461	0.917837907061713	0.817114731721182
10	m4.2xlarge	80	320000	15150	100	150000000	0.5	112	0.73813508679461	0.917837907061713	0.817114731721182
10	m4.2xlarge	80	320000	15150	100	150000000	0.5	112	0.73813508679461	0.917837907061713	0.817114731721182
10	m4.2xlarge	80	320000	15150	100	150000000	0.5	112	0.73813508679461	0.917837907061713	0.817114731721182
10	m4.2xlarge	80	320000	15150	100	150000000	0.5	114	0.73813508679461	0.917837907061713	0.817114731721182
10	m4.2xlarge	80	320000	15150	100	150000000	0.5	124	0.73813508679461	0.917837907061713	0.817114731721182
10	m4.2xlarge	80	320000	15150	100	150000000	0.75	148	0.73813508679461	0.917837907061713	0.817114731721182
10	m4.2xlarge	80	320000	15150	100	150000000	0.75	152	0.73813508679461	0.917837907061713	0.817114731721182
10	m4.2xlarge	80	320000	15150	100	150000000	0.75	156	0.73813508679461	0.917837907061713	0.817114731721182
10	m4.2xlarge	80	320000	15150	100	150000000	0.75	200	0.73813508679461	0.917837907061713	0.817114731721182
10	m4.2xlarge	80	320000	15150	100	150000000	0.75	262	0.73813508679461	0.917837907061713	0.817114731721182
10	m4.2xlarge	80	320000	15150	100	150000000	1.0	172	0.73813508679461	0.917837907061713	0.817114731721182
10	m4.2xlarge	80	320000	15150	100	150000000	1.0	174	0.73813508679461	0.917837907061713	0.817114731721182
10	m4.2xlarge	80	320000	15150	100	150000000	1.0	174	0.73813508679461	0.917837907061713	0.817114731721182
10	m4.2xlarge	80	320000	15150	100	150000000	1.0	176	0.73813508679461	0.917837907061713	0.817114731721182
10	m4.2xlarge	80	320000	15150	100	150000000	1.0	186	0.73813508679461	0.917837907061713	0.817114731721182
10	m4.2xlarge	80	320000	17675	100	175000000	0.0	50	0.73813508679461	0.917837907061713	0.817114731721182
10	m4.2xlarge	80	320000	17675	100	175000000	0.0	50	0.73813508679461	0.917837907061713	0.817114731721182
10	m4.2xlarge	80	320000	17675	100	175000000	0.0	52	0.73813508679461	0.917837907061713	0.817114731721182
10	m4.2xlarge	80	320000	17675	100	175000000	0.0	52	0.73813508679461	0.917837907061713	0.817114731721182
10	m4.2xlarge	80	320000	17675	100	175000000	0.0	54	0.73813508679461	0.917837907061713	0.817114731721182
10	m4.2xlarge	80	320000	17675	100	175000000	0.25	88	0.73813508679461	0.917837907061713	0.817114731721182
10	m4.2xlarge	80	320000	17675	100	175000000	0.25	88	0.73813508679461	0.917837907061713	0.817114731721182
10	m4.2xlarge	80	320000	17675	100	175000000	0.25	88	0.73813508679461	0.917837907061713	0.817114731721182
10	m4.2xlarge	80	320000	17675	100	175000000	0.25	90	0.73813508679461	0.917837907061713	0.817114731721182
10	m4.2xlarge	80	320000	17675	100	175000000	0.25	90	0.73813508679461	0.917837907061713	0.817114731721182
10	m4.2xlarge	80	320000	17675	100	175000000	0.5	124	0.73813508679461	0.917837907061713	0.817114731721182
10	m4.2xlarge	80	320000	17675	100	175000000	0.5	124	0.73813508679461	0.917837907061713	0.817114731721182
10	m4.2xlarge	80	320000	17675	100	175000000	0.5	124	0.73813508679461	0.917837907061713	0.817114731721182
10	m4.2xlarge	80	320000	17675	100	175000000	0.5	126	0.73813508679461	0.917837907061713	0.817114731721182
10	m4.2xlarge	80	320000	17675	100	175000000	0.5	126	0.73813508679461	0.917837907061713	0.817114731721182
10	m4.2xlarge	80	320000	17675	100	175000000	0.75	162	0.73813508679461	0.917837907061713	0.817114731721182
10	m4.2xlarge	80	320000	17675	100	175000000	0.75	164	0.73813508679461	0.917837907061713	0.817114731721182
10	m4.2xlarge	80	320000	17675	100	175000000	0.75	166	0.73813508679461	0.917837907061713	0.817114731721182
10	m4.2xlarge	80	320000	17675	100	175000000	0.75	168	0.73813508679461	0.917837907061713	0.817114731721182
10	m4.2xlarge	80	320000	17675	100	175000000	0.75	168	0.73813508679461	0.917837907061713	0.817114731721182
10	m4.2xlarge	80	320000	17675	100	175000000	1.0	194	0.73813508679461	0.917837907061713	0.817114731721182
10	m4.2xlarge	80	320000	17675	100	175000000	1.0	194	0.73813508679461	0.917837907061713	0.817114731721182
10	m4.2xlarge	80	320000	17675	100	175000000	1.0	202	0.73813508679461	0.917837907061713	0.817114731721182
10	m4.2xlarge	80	320000	17675	100	175000000	1.0	208	0.73813508679461	0.917837907061713	0.817114731721182
10	m4.2xlarge	80	320000	17675	100	175000000	1.0	210	0.73813508679461	0.917837907061713	0.817114731721182
10	m4.2xlarge	80	320000	20200	100	200000000	0.0	52	0.73813508679461	0.917837907061713	0.817114731721182
10	m4.2xlarge	80	320000	20200	100	200000000	0.0	54	0.73813508679461	0.917837907061713	0.817114731721182
10	m4.2xlarge	80	320000	20200	100	200000000	0.0	54	0.73813508679461	0.917837907061713	0.817114731721182
10	m4.2xlarge	80	320000	20200	100	200000000	0.0	54	0.73813508679461	0.917837907061713	0.817114731721182
10	m4.2xlarge	80	320000	20200	100	200000000	0.0	56	0.73813508679461	0.917837907061713	0.817114731721182
10	m4.2xlarge	80	320000	20200	100	200000000	0.25	94	0.73813508679461	0.917837907061713	0.817114731721182
10	m4.2xlarge	80	320000	20200	100	200000000	0.25	94	0.73813508679461	0.917837907061713	0.817114731721182
10	m4.2xlarge	80	320000	20200	100	200000000	0.25	98	0.73813508679461	0.917837907061713	0.817114731721182
10	m4.2xlarge	80	320000	20200	100	200000000	0.25	98	0.73813508679461	0.917837907061713	0.817114731721182
10	m4.2xlarge	80	320000	20200	100	200000000	0.25	98	0.73813508679461	0.917837907061713	0.817114731721182
10	m4.2xlarge	80	320000	20200	100	200000000	0.5	136	0.73813508679461	0.917837907061713	0.817114731721182
10	m4.2xlarge	80	320000	20200	100	200000000	0.5	140	0.73813508679461	0.917837907061713	0.817114731721182
10	m4.2xlarge	80	320000	20200	100	200000000	0.5	142	0.73813508679461	0.917837907061713	0.817114731721182
10	m4.2xlarge	80	320000	20200	100	200000000	0.5	144	0.73813508679461	0.917837907061713	0.817114731721182
10	m4.2xlarge	80	320000	20200	100	200000000	0.5	144	0.73813508679461	0.917837907061713	0.817114731721182
10	m4.2xlarge	80	320000	20200	100	200000000	0.75	178	0.73813508679461	0.917837907061713	0.817114731721182
10	m4.2xlarge	80	320000	20200	100	200000000	0.75	182	0.73813508679461	0.917837907061713	0.817114731721182
10	m4.2xlarge	80	320000	20200	100	200000000	0.75	186	0.73813508679461	0.917837907061713	0.817114731721182
10	m4.2xlarge	80	320000	20200	100	200000000	0.75	190	0.73813508679461	0.917837907061713	0.817114731721182
10	m4.2xlarge	80	320000	20200	100	200000000	0.75	192	0.73813508679461	0.917837907061713	0.817114731721182
10	m4.2xlarge	80	320000	20200	100	200000000	1.0	220	0.73813508679461	0.917837907061713	0.817114731721182
10	m4.2xlarge	80	320000	20200	100	200000000	1.0	226	0.73813508679461	0.917837907061713	0.817114731721182
10	m4.2xlarge	80	320000	20200	100	200000000	1.0	228	0.73813508679461	0.917837907061713	0.817114731721182
10	m4.2xlarge	80	320000	20200	100	200000000	1.0	234	0.73813508679461	0.917837907061713	0.817114731721182
10	m4.2xlarge	80	320000	20200	100	200000000	1.0	242	0.73813508679461	0.917837907061713	0.817114731721182
10	r4.2xlarge	80	610000	15150	100	150000000	0.5	104	0.621439738915361	0.699904926309755	0.683905823195575
10	r4.2xlarge	80	610000	15150	100	150000000	0.5	104	0.621439738915361	0.699904926309755	0.683905823195575
10	r4.2xlarge	80	610000	15150	100	150000000	0.5	104	0.621439738915361	0.699904926309755	0.683905823195575
10	r4.2xlarge	80	610000	15150	100	150000000	0.5	106	0.621439738915361	0.699904926309755	0.683905823195575
10	r4.2xlarge	80	610000	15150	100	150000000	0.5	108	0.621439738915361	0.699904926309755	0.683905823195575
12	c4.2xlarge	96	180000	15150	100	150000000	0.5	90	1.0	0.975170773880192	0.995589462652916
12	c4.2xlarge	96	180000	15150	100	150000000	0.5	92	1.0	0.975170773880192	0.995589462652916
12	c4.2xlarge	96	180000	15150	100	150000000	0.5	94	1.0	0.975170773880192	0.995589462652916
12	c4.2xlarge	96	180000	15150	100	150000000	0.5	96	1.0	0.975170773880192	0.995589462652916
12	c4.2xlarge	96	180000	15150	100	150000000	0.5	100	1.0	0.975170773880192	0.995589462652916
12	m4.2xlarge	96	384000	10100	100	100000000	0.0	40	0.73813508679461	0.917837907061713	0.817114731721182
12	m4.2xlarge	96	384000	10100	100	100000000	0.0	42	0.73813508679461	0.917837907061713	0.817114731721182
12	m4.2xlarge	96	384000	10100	100	100000000	0.0	42	0.73813508679461	0.917837907061713	0.817114731721182
12	m4.2xlarge	96	384000	10100	100	100000000	0.0	42	0.73813508679461	0.917837907061713	0.817114731721182
12	m4.2xlarge	96	384000	10100	100	100000000	0.0	46	0.73813508679461	0.917837907061713	0.817114731721182
12	m4.2xlarge	96	384000	10100	100	100000000	0.25	62	0.73813508679461	0.917837907061713	0.817114731721182
12	m4.2xlarge	96	384000	10100	100	100000000	0.25	62	0.73813508679461	0.917837907061713	0.817114731721182
12	m4.2xlarge	96	384000	10100	100	100000000	0.25	64	0.73813508679461	0.917837907061713	0.817114731721182
12	m4.2xlarge	96	384000	10100	100	100000000	0.25	66	0.73813508679461	0.917837907061713	0.817114731721182
12	m4.2xlarge	96	384000	10100	100	100000000	0.25	66	0.73813508679461	0.917837907061713	0.817114731721182
12	m4.2xlarge	96	384000	10100	100	100000000	0.5	82	0.73813508679461	0.917837907061713	0.817114731721182
12	m4.2xlarge	96	384000	10100	100	100000000	0.5	84	0.73813508679461	0.917837907061713	0.817114731721182
12	m4.2xlarge	96	384000	10100	100	100000000	0.5	84	0.73813508679461	0.917837907061713	0.817114731721182
12	m4.2xlarge	96	384000	10100	100	100000000	0.5	86	0.73813508679461	0.917837907061713	0.817114731721182
12	m4.2xlarge	96	384000	10100	100	100000000	0.5	86	0.73813508679461	0.917837907061713	0.817114731721182
12	m4.2xlarge	96	384000	10100	100	100000000	0.75	104	0.73813508679461	0.917837907061713	0.817114731721182
12	m4.2xlarge	96	384000	10100	100	100000000	0.75	104	0.73813508679461	0.917837907061713	0.817114731721182
12	m4.2xlarge	96	384000	10100	100	100000000	0.75	106	0.73813508679461	0.917837907061713	0.817114731721182
12	m4.2xlarge	96	384000	10100	100	100000000	0.75	108	0.73813508679461	0.917837907061713	0.817114731721182
12	m4.2xlarge	96	384000	10100	100	100000000	0.75	110	0.73813508679461	0.917837907061713	0.817114731721182
12	m4.2xlarge	96	384000	10100	100	100000000	1.0	128	0.73813508679461	0.917837907061713	0.817114731721182
12	m4.2xlarge	96	384000	10100	100	100000000	1.0	128	0.73813508679461	0.917837907061713	0.817114731721182
12	m4.2xlarge	96	384000	10100	100	100000000	1.0	130	0.73813508679461	0.917837907061713	0.817114731721182
12	m4.2xlarge	96	384000	10100	100	100000000	1.0	130	0.73813508679461	0.917837907061713	0.817114731721182
12	m4.2xlarge	96	384000	10100	100	100000000	1.0	132	0.73813508679461	0.917837907061713	0.817114731721182
12	m4.2xlarge	96	384000	12625	100	125000000	0.0	44	0.73813508679461	0.917837907061713	0.817114731721182
12	m4.2xlarge	96	384000	12625	100	125000000	0.0	44	0.73813508679461	0.917837907061713	0.817114731721182
12	m4.2xlarge	96	384000	12625	100	125000000	0.0	44	0.73813508679461	0.917837907061713	0.817114731721182
12	m4.2xlarge	96	384000	12625	100	125000000	0.0	44	0.73813508679461	0.917837907061713	0.817114731721182
12	m4.2xlarge	96	384000	12625	100	125000000	0.0	46	0.73813508679461	0.917837907061713	0.817114731721182
12	m4.2xlarge	96	384000	12625	100	125000000	0.25	70	0.73813508679461	0.917837907061713	0.817114731721182
12	m4.2xlarge	96	384000	12625	100	125000000	0.25	70	0.73813508679461	0.917837907061713	0.817114731721182
12	m4.2xlarge	96	384000	12625	100	125000000	0.25	72	0.73813508679461	0.917837907061713	0.817114731721182
12	m4.2xlarge	96	384000	12625	100	125000000	0.25	72	0.73813508679461	0.917837907061713	0.817114731721182
12	m4.2xlarge	96	384000	12625	100	125000000	0.25	72	0.73813508679461	0.917837907061713	0.817114731721182
12	m4.2xlarge	96	384000	12625	100	125000000	0.5	94	0.73813508679461	0.917837907061713	0.817114731721182
12	m4.2xlarge	96	384000	12625	100	125000000	0.5	96	0.73813508679461	0.917837907061713	0.817114731721182
12	m4.2xlarge	96	384000	12625	100	125000000	0.5	98	0.73813508679461	0.917837907061713	0.817114731721182
12	m4.2xlarge	96	384000	12625	100	125000000	0.5	98	0.73813508679461	0.917837907061713	0.817114731721182
12	m4.2xlarge	96	384000	12625	100	125000000	0.5	98	0.73813508679461	0.917837907061713	0.817114731721182
12	m4.2xlarge	96	384000	12625	100	125000000	0.75	122	0.73813508679461	0.917837907061713	0.817114731721182
12	m4.2xlarge	96	384000	12625	100	125000000	0.75	122	0.73813508679461	0.917837907061713	0.817114731721182
12	m4.2xlarge	96	384000	12625	100	125000000	0.75	122	0.73813508679461	0.917837907061713	0.817114731721182
12	m4.2xlarge	96	384000	12625	100	125000000	0.75	126	0.73813508679461	0.917837907061713	0.817114731721182
12	m4.2xlarge	96	384000	12625	100	125000000	0.75	126	0.73813508679461	0.917837907061713	0.817114731721182
12	m4.2xlarge	96	384000	12625	100	125000000	1.0	150	0.73813508679461	0.917837907061713	0.817114731721182
12	m4.2xlarge	96	384000	12625	100	125000000	1.0	150	0.73813508679461	0.917837907061713	0.817114731721182
12	m4.2xlarge	96	384000	12625	100	125000000	1.0	152	0.73813508679461	0.917837907061713	0.817114731721182
12	m4.2xlarge	96	384000	12625	100	125000000	1.0	152	0.73813508679461	0.917837907061713	0.817114731721182
12	m4.2xlarge	96	384000	12625	100	125000000	1.0	154	0.73813508679461	0.917837907061713	0.817114731721182
12	m4.2xlarge	96	384000	15150	100	150000000	0.0	46	0.73813508679461	0.917837907061713	0.817114731721182
12	m4.2xlarge	96	384000	15150	100	150000000	0.0	46	0.73813508679461	0.917837907061713	0.817114731721182
12	m4.2xlarge	96	384000	15150	100	150000000	0.0	48	0.73813508679461	0.917837907061713	0.817114731721182
12	m4.2xlarge	96	384000	15150	100	150000000	0.0	48	0.73813508679461	0.917837907061713	0.817114731721182
12	m4.2xlarge	96	384000	15150	100	150000000	0.0	48	0.73813508679461	0.917837907061713	0.817114731721182
12	m4.2xlarge	96	384000	15150	100	150000000	0.25	78	0.73813508679461	0.917837907061713	0.817114731721182
12	m4.2xlarge	96	384000	15150	100	150000000	0.25	78	0.73813508679461	0.917837907061713	0.817114731721182
12	m4.2xlarge	96	384000	15150	100	150000000	0.25	78	0.73813508679461	0.917837907061713	0.817114731721182
12	m4.2xlarge	96	384000	15150	100	150000000	0.25	78	0.73813508679461	0.917837907061713	0.817114731721182
12	m4.2xlarge	96	384000	15150	100	150000000	0.25	82	0.73813508679461	0.917837907061713	0.817114731721182
12	m4.2xlarge	96	384000	15150	100	150000000	0.5	110	0.73813508679461	0.917837907061713	0.817114731721182
12	m4.2xlarge	96	384000	15150	100	150000000	0.5	110	0.73813508679461	0.917837907061713	0.817114731721182
12	m4.2xlarge	96	384000	15150	100	150000000	0.5	112	0.73813508679461	0.917837907061713	0.817114731721182
12	m4.2xlarge	96	384000	15150	100	150000000	0.5	114	0.73813508679461	0.917837907061713	0.817114731721182
12	m4.2xlarge	96	384000	15150	100	150000000	0.5	122	0.73813508679461	0.917837907061713	0.817114731721182
12	m4.2xlarge	96	384000	15150	100	150000000	0.75	138	0.73813508679461	0.917837907061713	0.817114731721182
12	m4.2xlarge	96	384000	15150	100	150000000	0.75	140	0.73813508679461	0.917837907061713	0.817114731721182
12	m4.2xlarge	96	384000	15150	100	150000000	0.75	144	0.73813508679461	0.917837907061713	0.817114731721182
12	m4.2xlarge	96	384000	15150	100	150000000	0.75	148	0.73813508679461	0.917837907061713	0.817114731721182
12	m4.2xlarge	96	384000	15150	100	150000000	0.75	158	0.73813508679461	0.917837907061713	0.817114731721182
12	m4.2xlarge	96	384000	15150	100	150000000	1.0	168	0.73813508679461	0.917837907061713	0.817114731721182
12	m4.2xlarge	96	384000	15150	100	150000000	1.0	170	0.73813508679461	0.917837907061713	0.817114731721182
12	m4.2xlarge	96	384000	15150	100	150000000	1.0	172	0.73813508679461	0.917837907061713	0.817114731721182
12	m4.2xlarge	96	384000	15150	100	150000000	1.0	172	0.73813508679461	0.917837907061713	0.817114731721182
12	m4.2xlarge	96	384000	15150	100	150000000	1.0	176	0.73813508679461	0.917837907061713	0.817114731721182
12	m4.2xlarge	96	384000	17675	100	175000000	0.0	46	0.73813508679461	0.917837907061713	0.817114731721182
12	m4.2xlarge	96	384000	17675	100	175000000	0.0	46	0.73813508679461	0.917837907061713	0.817114731721182
12	m4.2xlarge	96	384000	17675	100	175000000	0.0	48	0.73813508679461	0.917837907061713	0.817114731721182
12	m4.2xlarge	96	384000	17675	100	175000000	0.0	50	0.73813508679461	0.917837907061713	0.817114731721182
12	m4.2xlarge	96	384000	17675	100	175000000	0.0	52	0.73813508679461	0.917837907061713	0.817114731721182
12	m4.2xlarge	96	384000	17675	100	175000000	0.25	84	0.73813508679461	0.917837907061713	0.817114731721182
12	m4.2xlarge	96	384000	17675	100	175000000	0.25	84	0.73813508679461	0.917837907061713	0.817114731721182
12	m4.2xlarge	96	384000	17675	100	175000000	0.25	86	0.73813508679461	0.917837907061713	0.817114731721182
12	m4.2xlarge	96	384000	17675	100	175000000	0.25	86	0.73813508679461	0.917837907061713	0.817114731721182
12	m4.2xlarge	96	384000	17675	100	175000000	0.25	88	0.73813508679461	0.917837907061713	0.817114731721182
12	m4.2xlarge	96	384000	17675	100	175000000	0.5	120	0.73813508679461	0.917837907061713	0.817114731721182
12	m4.2xlarge	96	384000	17675	100	175000000	0.5	122	0.73813508679461	0.917837907061713	0.817114731721182
12	m4.2xlarge	96	384000	17675	100	175000000	0.5	122	0.73813508679461	0.917837907061713	0.817114731721182
12	m4.2xlarge	96	384000	17675	100	175000000	0.5	124	0.73813508679461	0.917837907061713	0.817114731721182
12	m4.2xlarge	96	384000	17675	100	175000000	0.5	130	0.73813508679461	0.917837907061713	0.817114731721182
12	m4.2xlarge	96	384000	17675	100	175000000	0.75	160	0.73813508679461	0.917837907061713	0.817114731721182
12	m4.2xlarge	96	384000	17675	100	175000000	0.75	162	0.73813508679461	0.917837907061713	0.817114731721182
12	m4.2xlarge	96	384000	17675	100	175000000	0.75	162	0.73813508679461	0.917837907061713	0.817114731721182
12	m4.2xlarge	96	384000	17675	100	175000000	0.75	174	0.73813508679461	0.917837907061713	0.817114731721182
12	m4.2xlarge	96	384000	17675	100	175000000	0.75	174	0.73813508679461	0.917837907061713	0.817114731721182
12	m4.2xlarge	96	384000	17675	100	175000000	1.0	194	0.73813508679461	0.917837907061713	0.817114731721182
12	m4.2xlarge	96	384000	17675	100	175000000	1.0	196	0.73813508679461	0.917837907061713	0.817114731721182
12	m4.2xlarge	96	384000	17675	100	175000000	1.0	198	0.73813508679461	0.917837907061713	0.817114731721182
12	m4.2xlarge	96	384000	17675	100	175000000	1.0	200	0.73813508679461	0.917837907061713	0.817114731721182
12	m4.2xlarge	96	384000	17675	100	175000000	1.0	202	0.73813508679461	0.917837907061713	0.817114731721182
12	m4.2xlarge	96	384000	20200	100	200000000	0.0	48	0.73813508679461	0.917837907061713	0.817114731721182
12	m4.2xlarge	96	384000	20200	100	200000000	0.0	48	0.73813508679461	0.917837907061713	0.817114731721182
12	m4.2xlarge	96	384000	20200	100	200000000	0.0	50	0.73813508679461	0.917837907061713	0.817114731721182
12	m4.2xlarge	96	384000	20200	100	200000000	0.0	50	0.73813508679461	0.917837907061713	0.817114731721182
12	m4.2xlarge	96	384000	20200	100	200000000	0.0	50	0.73813508679461	0.917837907061713	0.817114731721182
12	m4.2xlarge	96	384000	20200	100	200000000	0.25	90	0.73813508679461	0.917837907061713	0.817114731721182
12	m4.2xlarge	96	384000	20200	100	200000000	0.25	90	0.73813508679461	0.917837907061713	0.817114731721182
12	m4.2xlarge	96	384000	20200	100	200000000	0.25	92	0.73813508679461	0.917837907061713	0.817114731721182
12	m4.2xlarge	96	384000	20200	100	200000000	0.25	94	0.73813508679461	0.917837907061713	0.817114731721182
12	m4.2xlarge	96	384000	20200	100	200000000	0.25	96	0.73813508679461	0.917837907061713	0.817114731721182
12	m4.2xlarge	96	384000	20200	100	200000000	0.5	134	0.73813508679461	0.917837907061713	0.817114731721182
12	m4.2xlarge	96	384000	20200	100	200000000	0.5	134	0.73813508679461	0.917837907061713	0.817114731721182
12	m4.2xlarge	96	384000	20200	100	200000000	0.5	136	0.73813508679461	0.917837907061713	0.817114731721182
12	m4.2xlarge	96	384000	20200	100	200000000	0.5	138	0.73813508679461	0.917837907061713	0.817114731721182
12	m4.2xlarge	96	384000	20200	100	200000000	0.5	140	0.73813508679461	0.917837907061713	0.817114731721182
12	m4.2xlarge	96	384000	20200	100	200000000	0.75	172	0.73813508679461	0.917837907061713	0.817114731721182
12	m4.2xlarge	96	384000	20200	100	200000000	0.75	174	0.73813508679461	0.917837907061713	0.817114731721182
12	m4.2xlarge	96	384000	20200	100	200000000	0.75	176	0.73813508679461	0.917837907061713	0.817114731721182
12	m4.2xlarge	96	384000	20200	100	200000000	0.75	178	0.73813508679461	0.917837907061713	0.817114731721182
12	m4.2xlarge	96	384000	20200	100	200000000	0.75	178	0.73813508679461	0.917837907061713	0.817114731721182
12	m4.2xlarge	96	384000	20200	100	200000000	1.0	216	0.73813508679461	0.917837907061713	0.817114731721182
12	m4.2xlarge	96	384000	20200	100	200000000	1.0	220	0.73813508679461	0.917837907061713	0.817114731721182
12	m4.2xlarge	96	384000	20200	100	200000000	1.0	220	0.73813508679461	0.917837907061713	0.817114731721182
12	m4.2xlarge	96	384000	20200	100	200000000	1.0	222	0.73813508679461	0.917837907061713	0.817114731721182
12	m4.2xlarge	96	384000	20200	100	200000000	1.0	222	0.73813508679461	0.917837907061713	0.817114731721182
12	r4.2xlarge	96	732000	15150	100	150000000	0.5	100	0.621439738915361	0.699904926309755	0.683905823195575
12	r4.2xlarge	96	732000	15150	100	150000000	0.5	102	0.621439738915361	0.699904926309755	0.683905823195575
12	r4.2xlarge	96	732000	15150	100	150000000	0.5	104	0.621439738915361	0.699904926309755	0.683905823195575
12	r4.2xlarge	96	732000	15150	100	150000000	0.5	104	0.621439738915361	0.699904926309755	0.683905823195575
12	r4.2xlarge	96	732000	15150	100	150000000	0.5	106	0.621439738915361	0.699904926309755	0.683905823195575
