instance_count	machine_type	slots	memory	data_size_MB	features	observations	k	gross_runtime	cpu_sysbench	disk_seq_fio	memory_sysbench
2	m4.2xlarge	16	64000	16000	5	150000000	3	1126	0.73813508679461	0.917837907061713	0.817114731721182
2	m4.2xlarge	16	64000	16000	5	150000000	3	1127	0.73813508679461	0.917837907061713	0.817114731721182
2	m4.2xlarge	16	64000	16000	5	150000000	3	1151	0.73813508679461	0.917837907061713	0.817114731721182
2	m4.2xlarge	16	64000	16000	5	150000000	3	1156	0.73813508679461	0.917837907061713	0.817114731721182
2	m4.2xlarge	16	64000	16000	5	150000000	3	1216	0.73813508679461	0.917837907061713	0.817114731721182
4	m4.2xlarge	32	128000	16000	5	150000000	3	436	0.73813508679461	0.917837907061713	0.817114731721182
4	m4.2xlarge	32	128000	16000	5	150000000	3	446	0.73813508679461	0.917837907061713	0.817114731721182
4	m4.2xlarge	32	128000	16000	5	150000000	3	454	0.73813508679461	0.917837907061713	0.817114731721182
4	m4.2xlarge	32	128000	16000	5	150000000	3	568	0.73813508679461	0.917837907061713	0.817114731721182
4	m4.2xlarge	32	128000	16000	5	150000000	3	598	0.73813508679461	0.917837907061713	0.817114731721182
6	m4.2xlarge	48	192000	16000	5	150000000	3	236	0.73813508679461	0.917837907061713	0.817114731721182
6	m4.2xlarge	48	192000	16000	5	150000000	3	238	0.73813508679461	0.917837907061713	0.817114731721182
6	m4.2xlarge	48	192000	16000	5	150000000	3	240	0.73813508679461	0.917837907061713	0.817114731721182
6	m4.2xlarge	48	192000	16000	5	150000000	3	242	0.73813508679461	0.917837907061713	0.817114731721182
6	m4.2xlarge	48	192000	16000	5	150000000	3	244	0.73813508679461	0.917837907061713	0.817114731721182
8	m4.2xlarge	64	256000	16000	5	150000000	3	194	0.73813508679461	0.917837907061713	0.817114731721182
8	m4.2xlarge	64	256000	16000	5	150000000	3	194	0.73813508679461	0.917837907061713	0.817114731721182
8	m4.2xlarge	64	256000	16000	5	150000000	3	196	0.73813508679461	0.917837907061713	0.817114731721182
8	m4.2xlarge	64	256000	16000	5	150000000	3	198	0.73813508679461	0.917837907061713	0.817114731721182
8	m4.2xlarge	64	256000	16000	5	150000000	3	198	0.73813508679461	0.917837907061713	0.817114731721182
10	m4.2xlarge	80	320000	16000	5	150000000	3	150	0.73813508679461	0.917837907061713	0.817114731721182
10	m4.2xlarge	80	320000	16000	5	150000000	3	152	0.73813508679461	0.917837907061713	0.817114731721182
10	m4.2xlarge	80	320000	16000	5	150000000	3	154	0.73813508679461	0.917837907061713	0.817114731721182
10	m4.2xlarge	80	320000	16000	5	150000000	3	154	0.73813508679461	0.917837907061713	0.817114731721182
10	m4.2xlarge	80	320000	16000	5	150000000	3	156	0.73813508679461	0.917837907061713	0.817114731721182
12	m4.2xlarge	96	384000	16000	5	150000000	3	148	0.73813508679461	0.917837907061713	0.817114731721182
12	m4.2xlarge	96	384000	16000	5	150000000	3	150	0.73813508679461	0.917837907061713	0.817114731721182
12	m4.2xlarge	96	384000	16000	5	150000000	3	150	0.73813508679461	0.917837907061713	0.817114731721182
12	m4.2xlarge	96	384000	16000	5	150000000	3	150	0.73813508679461	0.917837907061713	0.817114731721182
12	m4.2xlarge	96	384000	16000	5	150000000	3	150	0.73813508679461	0.917837907061713	0.817114731721182
2	r4.2xlarge	16	122000	10500	5	100000000	3	608	0.621439738915361	0.699904926309755	0.683905823195575
2	r4.2xlarge	16	122000	10500	5	100000000	3	608	0.621439738915361	0.699904926309755	0.683905823195575
2	r4.2xlarge	16	122000	10500	5	100000000	3	610	0.621439738915361	0.699904926309755	0.683905823195575
2	r4.2xlarge	16	122000	10500	5	100000000	3	610	0.621439738915361	0.699904926309755	0.683905823195575
2	r4.2xlarge	16	122000	10500	5	100000000	3	614	0.621439738915361	0.699904926309755	0.683905823195575
2	r4.2xlarge	16	122000	10500	5	100000000	5	770	0.621439738915361	0.699904926309755	0.683905823195575
2	r4.2xlarge	16	122000	10500	5	100000000	5	774	0.621439738915361	0.699904926309755	0.683905823195575
2	r4.2xlarge	16	122000	10500	5	100000000	5	774	0.621439738915361	0.699904926309755	0.683905823195575
2	r4.2xlarge	16	122000	10500	5	100000000	5	778	0.621439738915361	0.699904926309755	0.683905823195575
2	r4.2xlarge	16	122000	10500	5	100000000	5	782	0.621439738915361	0.699904926309755	0.683905823195575
2	r4.2xlarge	16	122000	10500	5	100000000	7	1246	0.621439738915361	0.699904926309755	0.683905823195575
2	r4.2xlarge	16	122000	10500	5	100000000	7	1246	0.621439738915361	0.699904926309755	0.683905823195575
2	r4.2xlarge	16	122000	10500	5	100000000	7	2902	0.621439738915361	0.699904926309755	0.683905823195575
2	r4.2xlarge	16	122000	10500	5	100000000	7	3008	0.621439738915361	0.699904926309755	0.683905823195575
2	r4.2xlarge	16	122000	10500	5	100000000	7	3152	0.621439738915361	0.699904926309755	0.683905823195575
2	r4.2xlarge	16	122000	10500	5	100000000	9	1186	0.621439738915361	0.699904926309755	0.683905823195575
2	r4.2xlarge	16	122000	10500	5	100000000	9	1196	0.621439738915361	0.699904926309755	0.683905823195575
2	r4.2xlarge	16	122000	10500	5	100000000	9	2680	0.621439738915361	0.699904926309755	0.683905823195575
2	r4.2xlarge	16	122000	10500	5	100000000	9	2864	0.621439738915361	0.699904926309755	0.683905823195575
2	r4.2xlarge	16	122000	10500	5	100000000	9	2970	0.621439738915361	0.699904926309755	0.683905823195575
2	r4.2xlarge	16	122000	13200	5	125000000	3	788	0.621439738915361	0.699904926309755	0.683905823195575
2	r4.2xlarge	16	122000	13200	5	125000000	3	794	0.621439738915361	0.699904926309755	0.683905823195575
2	r4.2xlarge	16	122000	13200	5	125000000	3	798	0.621439738915361	0.699904926309755	0.683905823195575
2	r4.2xlarge	16	122000	13200	5	125000000	3	800	0.621439738915361	0.699904926309755	0.683905823195575
2	r4.2xlarge	16	122000	13200	5	125000000	3	804	0.621439738915361	0.699904926309755	0.683905823195575
2	r4.2xlarge	16	122000	13200	5	125000000	5	958	0.621439738915361	0.699904926309755	0.683905823195575
2	r4.2xlarge	16	122000	13200	5	125000000	5	960	0.621439738915361	0.699904926309755	0.683905823195575
2	r4.2xlarge	16	122000	13200	5	125000000	5	964	0.621439738915361	0.699904926309755	0.683905823195575
2	r4.2xlarge	16	122000	13200	5	125000000	5	972	0.621439738915361	0.699904926309755	0.683905823195575
2	r4.2xlarge	16	122000	13200	5	125000000	5	974	0.621439738915361	0.699904926309755	0.683905823195575
2	r4.2xlarge	16	122000	13200	5	125000000	7	1160	0.621439738915361	0.699904926309755	0.683905823195575
2	r4.2xlarge	16	122000	13200	5	125000000	7	1170	0.621439738915361	0.699904926309755	0.683905823195575
2	r4.2xlarge	16	122000	13200	5	125000000	7	2780	0.621439738915361	0.699904926309755	0.683905823195575
2	r4.2xlarge	16	122000	13200	5	125000000	7	2794	0.621439738915361	0.699904926309755	0.683905823195575
2	r4.2xlarge	16	122000	13200	5	125000000	7	2794	0.621439738915361	0.699904926309755	0.683905823195575
2	r4.2xlarge	16	122000	13200	5	125000000	9	1112	0.621439738915361	0.699904926309755	0.683905823195575
2	r4.2xlarge	16	122000	13200	5	125000000	9	1132	0.621439738915361	0.699904926309755	0.683905823195575
2	r4.2xlarge	16	122000	13200	5	125000000	9	2710	0.621439738915361	0.699904926309755	0.683905823195575
2	r4.2xlarge	16	122000	13200	5	125000000	9	2714	0.621439738915361	0.699904926309755	0.683905823195575
2	r4.2xlarge	16	122000	13200	5	125000000	9	2718	0.621439738915361	0.699904926309755	0.683905823195575
2	r4.2xlarge	16	122000	16000	5	150000000	3	920	0.621439738915361	0.699904926309755	0.683905823195575
2	r4.2xlarge	16	122000	16000	5	150000000	3	930	0.621439738915361	0.699904926309755	0.683905823195575
2	r4.2xlarge	16	122000	16000	5	150000000	3	930	0.621439738915361	0.699904926309755	0.683905823195575
2	r4.2xlarge	16	122000	16000	5	150000000	3	934	0.621439738915361	0.699904926309755	0.683905823195575
2	r4.2xlarge	16	122000	16000	5	150000000	3	934	0.621439738915361	0.699904926309755	0.683905823195575
2	r4.2xlarge	16	122000	16000	5	150000000	5	1136	0.621439738915361	0.699904926309755	0.683905823195575
2	r4.2xlarge	16	122000	16000	5	150000000	5	1138	0.621439738915361	0.699904926309755	0.683905823195575
2	r4.2xlarge	16	122000	16000	5	150000000	5	1140	0.621439738915361	0.699904926309755	0.683905823195575
2	r4.2xlarge	16	122000	16000	5	150000000	5	1142	0.621439738915361	0.699904926309755	0.683905823195575
2	r4.2xlarge	16	122000	16000	5	150000000	5	1146	0.621439738915361	0.699904926309755	0.683905823195575
2	r4.2xlarge	16	122000	16000	5	150000000	7	844	0.621439738915361	0.699904926309755	0.683905823195575
2	r4.2xlarge	16	122000	16000	5	150000000	7	856	0.621439738915361	0.699904926309755	0.683905823195575
2	r4.2xlarge	16	122000	16000	5	150000000	7	857	0.621439738915361	0.699904926309755	0.683905823195575
2	r4.2xlarge	16	122000	16000	5	150000000	7	1162	0.621439738915361	0.699904926309755	0.683905823195575
2	r4.2xlarge	16	122000	16000	5	150000000	7	1166	0.621439738915361	0.699904926309755	0.683905823195575
2	r4.2xlarge	16	122000	16000	5	150000000	9	806	0.621439738915361	0.699904926309755	0.683905823195575
2	r4.2xlarge	16	122000	16000	5	150000000	9	806	0.621439738915361	0.699904926309755	0.683905823195575
2	r4.2xlarge	16	122000	16000	5	150000000	9	1124	0.621439738915361	0.699904926309755	0.683905823195575
2	r4.2xlarge	16	122000	16000	5	150000000	9	1126	0.621439738915361	0.699904926309755	0.683905823195575
2	r4.2xlarge	16	122000	16000	5	150000000	9	1130	0.621439738915361	0.699904926309755	0.683905823195575
2	r4.2xlarge	16	122000	18600	5	175000000	3	1724	0.621439738915361	0.699904926309755	0.683905823195575
2	r4.2xlarge	16	122000	18600	5	175000000	3	1750	0.621439738915361	0.699904926309755	0.683905823195575
2	r4.2xlarge	16	122000	18600	5	175000000	3	1752	0.621439738915361	0.699904926309755	0.683905823195575
2	r4.2xlarge	16	122000	18600	5	175000000	3	1760	0.621439738915361	0.699904926309755	0.683905823195575
2	r4.2xlarge	16	122000	18600	5	175000000	3	1780	0.621439738915361	0.699904926309755	0.683905823195575
2	r4.2xlarge	16	122000	18600	5	175000000	5	2676	0.621439738915361	0.699904926309755	0.683905823195575
2	r4.2xlarge	16	122000	18600	5	175000000	5	2686	0.621439738915361	0.699904926309755	0.683905823195575
2	r4.2xlarge	16	122000	18600	5	175000000	5	2689	0.621439738915361	0.699904926309755	0.683905823195575
2	r4.2xlarge	16	122000	18600	5	175000000	5	4390	0.621439738915361	0.699904926309755	0.683905823195575
2	r4.2xlarge	16	122000	18600	5	175000000	5	4520	0.621439738915361	0.699904926309755	0.683905823195575
2	r4.2xlarge	16	122000	18600	5	175000000	7	848	0.621439738915361	0.699904926309755	0.683905823195575
2	r4.2xlarge	16	122000	18600	5	175000000	7	850	0.621439738915361	0.699904926309755	0.683905823195575
2	r4.2xlarge	16	122000	18600	5	175000000	7	860	0.621439738915361	0.699904926309755	0.683905823195575
2	r4.2xlarge	16	122000	18600	5	175000000	7	4204	0.621439738915361	0.699904926309755	0.683905823195575
2	r4.2xlarge	16	122000	18600	5	175000000	7	4556	0.621439738915361	0.699904926309755	0.683905823195575
2	r4.2xlarge	16	122000	18600	5	175000000	9	806	0.621439738915361	0.699904926309755	0.683905823195575
2	r4.2xlarge	16	122000	18600	5	175000000	9	808	0.621439738915361	0.699904926309755	0.683905823195575
2	r4.2xlarge	16	122000	18600	5	175000000	9	816	0.621439738915361	0.699904926309755	0.683905823195575
2	r4.2xlarge	16	122000	18600	5	175000000	9	4126	0.621439738915361	0.699904926309755	0.683905823195575
2	r4.2xlarge	16	122000	18600	5	175000000	9	4274	0.621439738915361	0.699904926309755	0.683905823195575
2	r4.2xlarge	16	122000	20300	10	100000000	3	1042	0.621439738915361	0.699904926309755	0.683905823195575
2	r4.2xlarge	16	122000	20300	10	100000000	3	1044	0.621439738915361	0.699904926309755	0.683905823195575
2	r4.2xlarge	16	122000	20300	10	100000000	3	1046	0.621439738915361	0.699904926309755	0.683905823195575
2	r4.2xlarge	16	122000	20300	10	100000000	3	1050	0.621439738915361	0.699904926309755	0.683905823195575
2	r4.2xlarge	16	122000	20300	10	100000000	3	1052	0.621439738915361	0.699904926309755	0.683905823195575
2	r4.2xlarge	16	122000	20300	10	100000000	5	1078	0.621439738915361	0.699904926309755	0.683905823195575
2	r4.2xlarge	16	122000	20300	10	100000000	5	1082	0.621439738915361	0.699904926309755	0.683905823195575
2	r4.2xlarge	16	122000	20300	10	100000000	5	1086	0.621439738915361	0.699904926309755	0.683905823195575
2	r4.2xlarge	16	122000	20300	10	100000000	5	1086	0.621439738915361	0.699904926309755	0.683905823195575
2	r4.2xlarge	16	122000	20300	10	100000000	5	1098	0.621439738915361	0.699904926309755	0.683905823195575
2	r4.2xlarge	16	122000	20300	10	100000000	7	1046	0.621439738915361	0.699904926309755	0.683905823195575
2	r4.2xlarge	16	122000	20300	10	100000000	7	1068	0.621439738915361	0.699904926309755	0.683905823195575
2	r4.2xlarge	16	122000	20300	10	100000000	7	1246	0.621439738915361	0.699904926309755	0.683905823195575
2	r4.2xlarge	16	122000	20300	10	100000000	7	1260	0.621439738915361	0.699904926309755	0.683905823195575
2	r4.2xlarge	16	122000	20300	10	100000000	7	1264	0.621439738915361	0.699904926309755	0.683905823195575
2	r4.2xlarge	16	122000	20300	10	100000000	9	998	0.621439738915361	0.699904926309755	0.683905823195575
2	r4.2xlarge	16	122000	20300	10	100000000	9	1008	0.621439738915361	0.699904926309755	0.683905823195575
2	r4.2xlarge	16	122000	20300	10	100000000	9	1188	0.621439738915361	0.699904926309755	0.683905823195575
2	r4.2xlarge	16	122000	20300	10	100000000	9	1198	0.621439738915361	0.699904926309755	0.683905823195575
2	r4.2xlarge	16	122000	20300	10	100000000	9	1206	0.621439738915361	0.699904926309755	0.683905823195575
2	r4.2xlarge	16	122000	21300	5	200000000	3	3116	0.621439738915361	0.699904926309755	0.683905823195575
2	r4.2xlarge	16	122000	21300	5	200000000	3	3118	0.621439738915361	0.699904926309755	0.683905823195575
2	r4.2xlarge	16	122000	21300	5	200000000	3	3234	0.621439738915361	0.699904926309755	0.683905823195575
2	r4.2xlarge	16	122000	21300	5	200000000	3	3240	0.621439738915361	0.699904926309755	0.683905823195575
2	r4.2xlarge	16	122000	21300	5	200000000	3	3284	0.621439738915361	0.699904926309755	0.683905823195575
2	r4.2xlarge	16	122000	21300	5	200000000	5	2818	0.621439738915361	0.699904926309755	0.683905823195575
2	r4.2xlarge	16	122000	21300	5	200000000	5	2868	0.621439738915361	0.699904926309755	0.683905823195575
2	r4.2xlarge	16	122000	21300	5	200000000	5	4298	0.621439738915361	0.699904926309755	0.683905823195575
2	r4.2xlarge	16	122000	21300	5	200000000	5	4310	0.621439738915361	0.699904926309755	0.683905823195575
2	r4.2xlarge	16	122000	21300	5	200000000	5	4490	0.621439738915361	0.699904926309755	0.683905823195575
2	r4.2xlarge	16	122000	21300	5	200000000	7	2900	0.621439738915361	0.699904926309755	0.683905823195575
2	r4.2xlarge	16	122000	21300	5	200000000	7	2982	0.621439738915361	0.699904926309755	0.683905823195575
2	r4.2xlarge	16	122000	21300	5	200000000	7	4248	0.621439738915361	0.699904926309755	0.683905823195575
2	r4.2xlarge	16	122000	21300	5	200000000	7	4254	0.621439738915361	0.699904926309755	0.683905823195575
2	r4.2xlarge	16	122000	21300	5	200000000	7	4258	0.621439738915361	0.699904926309755	0.683905823195575
2	r4.2xlarge	16	122000	21300	5	200000000	9	2758	0.621439738915361	0.699904926309755	0.683905823195575
2	r4.2xlarge	16	122000	21300	5	200000000	9	2966	0.621439738915361	0.699904926309755	0.683905823195575
2	r4.2xlarge	16	122000	21300	5	200000000	9	4028	0.621439738915361	0.699904926309755	0.683905823195575
2	r4.2xlarge	16	122000	21300	5	200000000	9	4216	0.621439738915361	0.699904926309755	0.683905823195575
2	r4.2xlarge	16	122000	21300	5	200000000	9	4280	0.621439738915361	0.699904926309755	0.683905823195575
2	r4.2xlarge	16	122000	30500	15	100000000	3	1712	0.621439738915361	0.699904926309755	0.683905823195575
2	r4.2xlarge	16	122000	30500	15	100000000	3	1716	0.621439738915361	0.699904926309755	0.683905823195575
2	r4.2xlarge	16	122000	30500	15	100000000	3	1722	0.621439738915361	0.699904926309755	0.683905823195575
2	r4.2xlarge	16	122000	30500	15	100000000	3	1722	0.621439738915361	0.699904926309755	0.683905823195575
2	r4.2xlarge	16	122000	30500	15	100000000	3	1724	0.621439738915361	0.699904926309755	0.683905823195575
2	r4.2xlarge	16	122000	30500	15	100000000	5	2650	0.621439738915361	0.699904926309755	0.683905823195575
2	r4.2xlarge	16	122000	30500	15	100000000	5	2666	0.621439738915361	0.699904926309755	0.683905823195575
2	r4.2xlarge	16	122000	30500	15	100000000	5	2670	0.621439738915361	0.699904926309755	0.683905823195575
2	r4.2xlarge	16	122000	30500	15	100000000	5	2674	0.621439738915361	0.699904926309755	0.683905823195575
2	r4.2xlarge	16	122000	30500	15	100000000	5	2686	0.621439738915361	0.699904926309755	0.683905823195575
2	r4.2xlarge	16	122000	30500	15	100000000	7	1046	0.621439738915361	0.699904926309755	0.683905823195575
2	r4.2xlarge	16	122000	30500	15	100000000	7	1046	0.621439738915361	0.699904926309755	0.683905823195575
2	r4.2xlarge	16	122000	30500	15	100000000	7	1050	0.621439738915361	0.699904926309755	0.683905823195575
2	r4.2xlarge	16	122000	30500	15	100000000	7	2792	0.621439738915361	0.699904926309755	0.683905823195575
2	r4.2xlarge	16	122000	30500	15	100000000	7	2792	0.621439738915361	0.699904926309755	0.683905823195575
2	r4.2xlarge	16	122000	30500	15	100000000	9	1004	0.621439738915361	0.699904926309755	0.683905823195575
2	r4.2xlarge	16	122000	30500	15	100000000	9	1006	0.621439738915361	0.699904926309755	0.683905823195575
2	r4.2xlarge	16	122000	30500	15	100000000	9	1020	0.621439738915361	0.699904926309755	0.683905823195575
2	r4.2xlarge	16	122000	30500	15	100000000	9	2714	0.621439738915361	0.699904926309755	0.683905823195575
2	r4.2xlarge	16	122000	30500	15	100000000	9	2740	0.621439738915361	0.699904926309755	0.683905823195575
4	r4.2xlarge	32	244000	10500	5	100000000	3	246	0.621439738915361	0.699904926309755	0.683905823195575
4	r4.2xlarge	32	244000	10500	5	100000000	3	246	0.621439738915361	0.699904926309755	0.683905823195575
4	r4.2xlarge	32	244000	10500	5	100000000	3	248	0.621439738915361	0.699904926309755	0.683905823195575
4	r4.2xlarge	32	244000	10500	5	100000000	3	250	0.621439738915361	0.699904926309755	0.683905823195575
4	r4.2xlarge	32	244000	10500	5	100000000	3	252	0.621439738915361	0.699904926309755	0.683905823195575
4	r4.2xlarge	32	244000	10500	5	100000000	5	300	0.621439738915361	0.699904926309755	0.683905823195575
4	r4.2xlarge	32	244000	10500	5	100000000	5	304	0.621439738915361	0.699904926309755	0.683905823195575
4	r4.2xlarge	32	244000	10500	5	100000000	5	304	0.621439738915361	0.699904926309755	0.683905823195575
4	r4.2xlarge	32	244000	10500	5	100000000	5	306	0.621439738915361	0.699904926309755	0.683905823195575
4	r4.2xlarge	32	244000	10500	5	100000000	5	308	0.621439738915361	0.699904926309755	0.683905823195575
4	r4.2xlarge	32	244000	10500	5	100000000	7	298	0.621439738915361	0.699904926309755	0.683905823195575
4	r4.2xlarge	32	244000	10500	5	100000000	7	300	0.621439738915361	0.699904926309755	0.683905823195575
4	r4.2xlarge	32	244000	10500	5	100000000	7	304	0.621439738915361	0.699904926309755	0.683905823195575
4	r4.2xlarge	32	244000	10500	5	100000000	7	312	0.621439738915361	0.699904926309755	0.683905823195575
4	r4.2xlarge	32	244000	10500	5	100000000	7	320	0.621439738915361	0.699904926309755	0.683905823195575
4	r4.2xlarge	32	244000	10500	5	100000000	9	312	0.621439738915361	0.699904926309755	0.683905823195575
4	r4.2xlarge	32	244000	10500	5	100000000	9	322	0.621439738915361	0.699904926309755	0.683905823195575
4	r4.2xlarge	32	244000	10500	5	100000000	9	326	0.621439738915361	0.699904926309755	0.683905823195575
4	r4.2xlarge	32	244000	10500	5	100000000	9	330	0.621439738915361	0.699904926309755	0.683905823195575
4	r4.2xlarge	32	244000	10500	5	100000000	9	330	0.621439738915361	0.699904926309755	0.683905823195575
4	r4.2xlarge	32	244000	13200	5	125000000	3	304	0.621439738915361	0.699904926309755	0.683905823195575
4	r4.2xlarge	32	244000	13200	5	125000000	3	306	0.621439738915361	0.699904926309755	0.683905823195575
4	r4.2xlarge	32	244000	13200	5	125000000	3	308	0.621439738915361	0.699904926309755	0.683905823195575
4	r4.2xlarge	32	244000	13200	5	125000000	3	314	0.621439738915361	0.699904926309755	0.683905823195575
4	r4.2xlarge	32	244000	13200	5	125000000	3	316	0.621439738915361	0.699904926309755	0.683905823195575
4	r4.2xlarge	32	244000	13200	5	125000000	5	354	0.621439738915361	0.699904926309755	0.683905823195575
4	r4.2xlarge	32	244000	13200	5	125000000	5	356	0.621439738915361	0.699904926309755	0.683905823195575
4	r4.2xlarge	32	244000	13200	5	125000000	5	356	0.621439738915361	0.699904926309755	0.683905823195575
4	r4.2xlarge	32	244000	13200	5	125000000	5	362	0.621439738915361	0.699904926309755	0.683905823195575
4	r4.2xlarge	32	244000	13200	5	125000000	5	368	0.621439738915361	0.699904926309755	0.683905823195575
4	r4.2xlarge	32	244000	13200	5	125000000	7	368	0.621439738915361	0.699904926309755	0.683905823195575
4	r4.2xlarge	32	244000	13200	5	125000000	7	372	0.621439738915361	0.699904926309755	0.683905823195575
4	r4.2xlarge	32	244000	13200	5	125000000	7	372	0.621439738915361	0.699904926309755	0.683905823195575
4	r4.2xlarge	32	244000	13200	5	125000000	7	374	0.621439738915361	0.699904926309755	0.683905823195575
4	r4.2xlarge	32	244000	13200	5	125000000	7	376	0.621439738915361	0.699904926309755	0.683905823195575
4	r4.2xlarge	32	244000	13200	5	125000000	9	378	0.621439738915361	0.699904926309755	0.683905823195575
4	r4.2xlarge	32	244000	13200	5	125000000	9	382	0.621439738915361	0.699904926309755	0.683905823195575
4	r4.2xlarge	32	244000	13200	5	125000000	9	384	0.621439738915361	0.699904926309755	0.683905823195575
4	r4.2xlarge	32	244000	13200	5	125000000	9	388	0.621439738915361	0.699904926309755	0.683905823195575
4	r4.2xlarge	32	244000	13200	5	125000000	9	388	0.621439738915361	0.699904926309755	0.683905823195575
4	r4.2xlarge	32	244000	16000	5	150000000	3	348	0.621439738915361	0.699904926309755	0.683905823195575
4	r4.2xlarge	32	244000	16000	5	150000000	3	350	0.621439738915361	0.699904926309755	0.683905823195575
4	r4.2xlarge	32	244000	16000	5	150000000	3	350	0.621439738915361	0.699904926309755	0.683905823195575
4	r4.2xlarge	32	244000	16000	5	150000000	3	354	0.621439738915361	0.699904926309755	0.683905823195575
4	r4.2xlarge	32	244000	16000	5	150000000	3	354	0.621439738915361	0.699904926309755	0.683905823195575
4	r4.2xlarge	32	244000	16000	5	150000000	5	418	0.621439738915361	0.699904926309755	0.683905823195575
4	r4.2xlarge	32	244000	16000	5	150000000	5	420	0.621439738915361	0.699904926309755	0.683905823195575
4	r4.2xlarge	32	244000	16000	5	150000000	5	422	0.621439738915361	0.699904926309755	0.683905823195575
4	r4.2xlarge	32	244000	16000	5	150000000	5	422	0.621439738915361	0.699904926309755	0.683905823195575
4	r4.2xlarge	32	244000	16000	5	150000000	5	434	0.621439738915361	0.699904926309755	0.683905823195575
4	r4.2xlarge	32	244000	16000	5	150000000	7	436	0.621439738915361	0.699904926309755	0.683905823195575
4	r4.2xlarge	32	244000	16000	5	150000000	7	438	0.621439738915361	0.699904926309755	0.683905823195575
4	r4.2xlarge	32	244000	16000	5	150000000	7	440	0.621439738915361	0.699904926309755	0.683905823195575
4	r4.2xlarge	32	244000	16000	5	150000000	7	446	0.621439738915361	0.699904926309755	0.683905823195575
4	r4.2xlarge	32	244000	16000	5	150000000	7	450	0.621439738915361	0.699904926309755	0.683905823195575
4	r4.2xlarge	32	244000	16000	5	150000000	9	458	0.621439738915361	0.699904926309755	0.683905823195575
4	r4.2xlarge	32	244000	16000	5	150000000	9	458	0.621439738915361	0.699904926309755	0.683905823195575
4	r4.2xlarge	32	244000	16000	5	150000000	9	460	0.621439738915361	0.699904926309755	0.683905823195575
4	r4.2xlarge	32	244000	16000	5	150000000	9	462	0.621439738915361	0.699904926309755	0.683905823195575
4	r4.2xlarge	32	244000	16000	5	150000000	9	468	0.621439738915361	0.699904926309755	0.683905823195575
4	r4.2xlarge	32	244000	18600	5	175000000	3	382	0.621439738915361	0.699904926309755	0.683905823195575
4	r4.2xlarge	32	244000	18600	5	175000000	3	386	0.621439738915361	0.699904926309755	0.683905823195575
4	r4.2xlarge	32	244000	18600	5	175000000	3	388	0.621439738915361	0.699904926309755	0.683905823195575
4	r4.2xlarge	32	244000	18600	5	175000000	3	390	0.621439738915361	0.699904926309755	0.683905823195575
4	r4.2xlarge	32	244000	18600	5	175000000	3	394	0.621439738915361	0.699904926309755	0.683905823195575
4	r4.2xlarge	32	244000	18600	5	175000000	5	476	0.621439738915361	0.699904926309755	0.683905823195575
4	r4.2xlarge	32	244000	18600	5	175000000	5	478	0.621439738915361	0.699904926309755	0.683905823195575
4	r4.2xlarge	32	244000	18600	5	175000000	5	478	0.621439738915361	0.699904926309755	0.683905823195575
4	r4.2xlarge	32	244000	18600	5	175000000	5	478	0.621439738915361	0.699904926309755	0.683905823195575
4	r4.2xlarge	32	244000	18600	5	175000000	5	480	0.621439738915361	0.699904926309755	0.683905823195575
4	r4.2xlarge	32	244000	18600	5	175000000	7	490	0.621439738915361	0.699904926309755	0.683905823195575
4	r4.2xlarge	32	244000	18600	5	175000000	7	490	0.621439738915361	0.699904926309755	0.683905823195575
4	r4.2xlarge	32	244000	18600	5	175000000	7	492	0.621439738915361	0.699904926309755	0.683905823195575
4	r4.2xlarge	32	244000	18600	5	175000000	7	496	0.621439738915361	0.699904926309755	0.683905823195575
4	r4.2xlarge	32	244000	18600	5	175000000	7	502	0.621439738915361	0.699904926309755	0.683905823195575
4	r4.2xlarge	32	244000	18600	5	175000000	9	508	0.621439738915361	0.699904926309755	0.683905823195575
4	r4.2xlarge	32	244000	18600	5	175000000	9	510	0.621439738915361	0.699904926309755	0.683905823195575
4	r4.2xlarge	32	244000	18600	5	175000000	9	510	0.621439738915361	0.699904926309755	0.683905823195575
4	r4.2xlarge	32	244000	18600	5	175000000	9	518	0.621439738915361	0.699904926309755	0.683905823195575
4	r4.2xlarge	32	244000	18600	5	175000000	9	524	0.621439738915361	0.699904926309755	0.683905823195575
4	r4.2xlarge	32	244000	20300	10	100000000	3	380	0.621439738915361	0.699904926309755	0.683905823195575
4	r4.2xlarge	32	244000	20300	10	100000000	3	382	0.621439738915361	0.699904926309755	0.683905823195575
4	r4.2xlarge	32	244000	20300	10	100000000	3	382	0.621439738915361	0.699904926309755	0.683905823195575
4	r4.2xlarge	32	244000	20300	10	100000000	3	384	0.621439738915361	0.699904926309755	0.683905823195575
4	r4.2xlarge	32	244000	20300	10	100000000	3	384	0.621439738915361	0.699904926309755	0.683905823195575
4	r4.2xlarge	32	244000	20300	10	100000000	5	390	0.621439738915361	0.699904926309755	0.683905823195575
4	r4.2xlarge	32	244000	20300	10	100000000	5	392	0.621439738915361	0.699904926309755	0.683905823195575
4	r4.2xlarge	32	244000	20300	10	100000000	5	392	0.621439738915361	0.699904926309755	0.683905823195575
4	r4.2xlarge	32	244000	20300	10	100000000	5	392	0.621439738915361	0.699904926309755	0.683905823195575
4	r4.2xlarge	32	244000	20300	10	100000000	5	394	0.621439738915361	0.699904926309755	0.683905823195575
4	r4.2xlarge	32	244000	20300	10	100000000	7	394	0.621439738915361	0.699904926309755	0.683905823195575
4	r4.2xlarge	32	244000	20300	10	100000000	7	402	0.621439738915361	0.699904926309755	0.683905823195575
4	r4.2xlarge	32	244000	20300	10	100000000	7	404	0.621439738915361	0.699904926309755	0.683905823195575
4	r4.2xlarge	32	244000	20300	10	100000000	7	404	0.621439738915361	0.699904926309755	0.683905823195575
4	r4.2xlarge	32	244000	20300	10	100000000	7	406	0.621439738915361	0.699904926309755	0.683905823195575
4	r4.2xlarge	32	244000	20300	10	100000000	9	410	0.621439738915361	0.699904926309755	0.683905823195575
4	r4.2xlarge	32	244000	20300	10	100000000	9	410	0.621439738915361	0.699904926309755	0.683905823195575
4	r4.2xlarge	32	244000	20300	10	100000000	9	412	0.621439738915361	0.699904926309755	0.683905823195575
4	r4.2xlarge	32	244000	20300	10	100000000	9	412	0.621439738915361	0.699904926309755	0.683905823195575
4	r4.2xlarge	32	244000	20300	10	100000000	9	416	0.621439738915361	0.699904926309755	0.683905823195575
4	r4.2xlarge	32	244000	21300	5	200000000	3	480	0.621439738915361	0.699904926309755	0.683905823195575
4	r4.2xlarge	32	244000	21300	5	200000000	3	484	0.621439738915361	0.699904926309755	0.683905823195575
4	r4.2xlarge	32	244000	21300	5	200000000	3	486	0.621439738915361	0.699904926309755	0.683905823195575
4	r4.2xlarge	32	244000	21300	5	200000000	3	486	0.621439738915361	0.699904926309755	0.683905823195575
4	r4.2xlarge	32	244000	21300	5	200000000	3	492	0.621439738915361	0.699904926309755	0.683905823195575
4	r4.2xlarge	32	244000	21300	5	200000000	5	554	0.621439738915361	0.699904926309755	0.683905823195575
4	r4.2xlarge	32	244000	21300	5	200000000	5	556	0.621439738915361	0.699904926309755	0.683905823195575
4	r4.2xlarge	32	244000	21300	5	200000000	5	556	0.621439738915361	0.699904926309755	0.683905823195575
4	r4.2xlarge	32	244000	21300	5	200000000	5	564	0.621439738915361	0.699904926309755	0.683905823195575
4	r4.2xlarge	32	244000	21300	5	200000000	5	566	0.621439738915361	0.699904926309755	0.683905823195575
4	r4.2xlarge	32	244000	21300	5	200000000	7	574	0.621439738915361	0.699904926309755	0.683905823195575
4	r4.2xlarge	32	244000	21300	5	200000000	7	576	0.621439738915361	0.699904926309755	0.683905823195575
4	r4.2xlarge	32	244000	21300	5	200000000	7	580	0.621439738915361	0.699904926309755	0.683905823195575
4	r4.2xlarge	32	244000	21300	5	200000000	7	584	0.621439738915361	0.699904926309755	0.683905823195575
4	r4.2xlarge	32	244000	21300	5	200000000	7	592	0.621439738915361	0.699904926309755	0.683905823195575
4	r4.2xlarge	32	244000	21300	5	200000000	9	604	0.621439738915361	0.699904926309755	0.683905823195575
4	r4.2xlarge	32	244000	21300	5	200000000	9	604	0.621439738915361	0.699904926309755	0.683905823195575
4	r4.2xlarge	32	244000	21300	5	200000000	9	606	0.621439738915361	0.699904926309755	0.683905823195575
4	r4.2xlarge	32	244000	21300	5	200000000	9	610	0.621439738915361	0.699904926309755	0.683905823195575
4	r4.2xlarge	32	244000	21300	5	200000000	9	616	0.621439738915361	0.699904926309755	0.683905823195575
4	r4.2xlarge	32	244000	30500	15	100000000	3	426	0.621439738915361	0.699904926309755	0.683905823195575
4	r4.2xlarge	32	244000	30500	15	100000000	3	426	0.621439738915361	0.699904926309755	0.683905823195575
4	r4.2xlarge	32	244000	30500	15	100000000	3	426	0.621439738915361	0.699904926309755	0.683905823195575
4	r4.2xlarge	32	244000	30500	15	100000000	3	432	0.621439738915361	0.699904926309755	0.683905823195575
4	r4.2xlarge	32	244000	30500	15	100000000	3	434	0.621439738915361	0.699904926309755	0.683905823195575
4	r4.2xlarge	32	244000	30500	15	100000000	5	498	0.621439738915361	0.699904926309755	0.683905823195575
4	r4.2xlarge	32	244000	30500	15	100000000	5	500	0.621439738915361	0.699904926309755	0.683905823195575
4	r4.2xlarge	32	244000	30500	15	100000000	5	502	0.621439738915361	0.699904926309755	0.683905823195575
4	r4.2xlarge	32	244000	30500	15	100000000	5	502	0.621439738915361	0.699904926309755	0.683905823195575
4	r4.2xlarge	32	244000	30500	15	100000000	5	502	0.621439738915361	0.699904926309755	0.683905823195575
4	r4.2xlarge	32	244000	30500	15	100000000	7	510	0.621439738915361	0.699904926309755	0.683905823195575
4	r4.2xlarge	32	244000	30500	15	100000000	7	510	0.621439738915361	0.699904926309755	0.683905823195575
4	r4.2xlarge	32	244000	30500	15	100000000	7	512	0.621439738915361	0.699904926309755	0.683905823195575
4	r4.2xlarge	32	244000	30500	15	100000000	7	514	0.621439738915361	0.699904926309755	0.683905823195575
4	r4.2xlarge	32	244000	30500	15	100000000	7	518	0.621439738915361	0.699904926309755	0.683905823195575
4	r4.2xlarge	32	244000	30500	15	100000000	9	526	0.621439738915361	0.699904926309755	0.683905823195575
4	r4.2xlarge	32	244000	30500	15	100000000	9	528	0.621439738915361	0.699904926309755	0.683905823195575
4	r4.2xlarge	32	244000	30500	15	100000000	9	528	0.621439738915361	0.699904926309755	0.683905823195575
4	r4.2xlarge	32	244000	30500	15	100000000	9	530	0.621439738915361	0.699904926309755	0.683905823195575
4	r4.2xlarge	32	244000	30500	15	100000000	9	532	0.621439738915361	0.699904926309755	0.683905823195575
6	r4.2xlarge	48	366000	10500	5	100000000	3	164	0.621439738915361	0.699904926309755	0.683905823195575
6	r4.2xlarge	48	366000	10500	5	100000000	3	166	0.621439738915361	0.699904926309755	0.683905823195575
6	r4.2xlarge	48	366000	10500	5	100000000	3	168	0.621439738915361	0.699904926309755	0.683905823195575
6	r4.2xlarge	48	366000	10500	5	100000000	3	168	0.621439738915361	0.699904926309755	0.683905823195575
6	r4.2xlarge	48	366000	10500	5	100000000	3	170	0.621439738915361	0.699904926309755	0.683905823195575
6	r4.2xlarge	48	366000	10500	5	100000000	5	204	0.621439738915361	0.699904926309755	0.683905823195575
6	r4.2xlarge	48	366000	10500	5	100000000	5	204	0.621439738915361	0.699904926309755	0.683905823195575
6	r4.2xlarge	48	366000	10500	5	100000000	5	206	0.621439738915361	0.699904926309755	0.683905823195575
6	r4.2xlarge	48	366000	10500	5	100000000	5	210	0.621439738915361	0.699904926309755	0.683905823195575
6	r4.2xlarge	48	366000	10500	5	100000000	5	210	0.621439738915361	0.699904926309755	0.683905823195575
6	r4.2xlarge	48	366000	10500	5	100000000	7	210	0.621439738915361	0.699904926309755	0.683905823195575
6	r4.2xlarge	48	366000	10500	5	100000000	7	212	0.621439738915361	0.699904926309755	0.683905823195575
6	r4.2xlarge	48	366000	10500	5	100000000	7	214	0.621439738915361	0.699904926309755	0.683905823195575
6	r4.2xlarge	48	366000	10500	5	100000000	7	216	0.621439738915361	0.699904926309755	0.683905823195575
6	r4.2xlarge	48	366000	10500	5	100000000	7	216	0.621439738915361	0.699904926309755	0.683905823195575
6	r4.2xlarge	48	366000	10500	5	100000000	9	218	0.621439738915361	0.699904926309755	0.683905823195575
6	r4.2xlarge	48	366000	10500	5	100000000	9	224	0.621439738915361	0.699904926309755	0.683905823195575
6	r4.2xlarge	48	366000	10500	5	100000000	9	224	0.621439738915361	0.699904926309755	0.683905823195575
6	r4.2xlarge	48	366000	10500	5	100000000	9	226	0.621439738915361	0.699904926309755	0.683905823195575
6	r4.2xlarge	48	366000	10500	5	100000000	9	230	0.621439738915361	0.699904926309755	0.683905823195575
6	r4.2xlarge	48	366000	13200	5	125000000	3	202	0.621439738915361	0.699904926309755	0.683905823195575
6	r4.2xlarge	48	366000	13200	5	125000000	3	202	0.621439738915361	0.699904926309755	0.683905823195575
6	r4.2xlarge	48	366000	13200	5	125000000	3	202	0.621439738915361	0.699904926309755	0.683905823195575
6	r4.2xlarge	48	366000	13200	5	125000000	3	206	0.621439738915361	0.699904926309755	0.683905823195575
6	r4.2xlarge	48	366000	13200	5	125000000	3	206	0.621439738915361	0.699904926309755	0.683905823195575
6	r4.2xlarge	48	366000	13200	5	125000000	5	236	0.621439738915361	0.699904926309755	0.683905823195575
6	r4.2xlarge	48	366000	13200	5	125000000	5	242	0.621439738915361	0.699904926309755	0.683905823195575
6	r4.2xlarge	48	366000	13200	5	125000000	5	242	0.621439738915361	0.699904926309755	0.683905823195575
6	r4.2xlarge	48	366000	13200	5	125000000	5	242	0.621439738915361	0.699904926309755	0.683905823195575
6	r4.2xlarge	48	366000	13200	5	125000000	5	244	0.621439738915361	0.699904926309755	0.683905823195575
6	r4.2xlarge	48	366000	13200	5	125000000	7	242	0.621439738915361	0.699904926309755	0.683905823195575
6	r4.2xlarge	48	366000	13200	5	125000000	7	246	0.621439738915361	0.699904926309755	0.683905823195575
6	r4.2xlarge	48	366000	13200	5	125000000	7	250	0.621439738915361	0.699904926309755	0.683905823195575
6	r4.2xlarge	48	366000	13200	5	125000000	7	250	0.621439738915361	0.699904926309755	0.683905823195575
6	r4.2xlarge	48	366000	13200	5	125000000	7	256	0.621439738915361	0.699904926309755	0.683905823195575
6	r4.2xlarge	48	366000	13200	5	125000000	9	254	0.621439738915361	0.699904926309755	0.683905823195575
6	r4.2xlarge	48	366000	13200	5	125000000	9	258	0.621439738915361	0.699904926309755	0.683905823195575
6	r4.2xlarge	48	366000	13200	5	125000000	9	258	0.621439738915361	0.699904926309755	0.683905823195575
6	r4.2xlarge	48	366000	13200	5	125000000	9	258	0.621439738915361	0.699904926309755	0.683905823195575
6	r4.2xlarge	48	366000	13200	5	125000000	9	260	0.621439738915361	0.699904926309755	0.683905823195575
6	r4.2xlarge	48	366000	16000	5	150000000	3	226	0.621439738915361	0.699904926309755	0.683905823195575
6	r4.2xlarge	48	366000	16000	5	150000000	3	228	0.621439738915361	0.699904926309755	0.683905823195575
6	r4.2xlarge	48	366000	16000	5	150000000	3	232	0.621439738915361	0.699904926309755	0.683905823195575
6	r4.2xlarge	48	366000	16000	5	150000000	3	232	0.621439738915361	0.699904926309755	0.683905823195575
6	r4.2xlarge	48	366000	16000	5	150000000	3	232	0.621439738915361	0.699904926309755	0.683905823195575
6	r4.2xlarge	48	366000	16000	5	150000000	5	270	0.621439738915361	0.699904926309755	0.683905823195575
6	r4.2xlarge	48	366000	16000	5	150000000	5	274	0.621439738915361	0.699904926309755	0.683905823195575
6	r4.2xlarge	48	366000	16000	5	150000000	5	280	0.621439738915361	0.699904926309755	0.683905823195575
6	r4.2xlarge	48	366000	16000	5	150000000	5	284	0.621439738915361	0.699904926309755	0.683905823195575
6	r4.2xlarge	48	366000	16000	5	150000000	5	288	0.621439738915361	0.699904926309755	0.683905823195575
6	r4.2xlarge	48	366000	16000	5	150000000	7	282	0.621439738915361	0.699904926309755	0.683905823195575
6	r4.2xlarge	48	366000	16000	5	150000000	7	284	0.621439738915361	0.699904926309755	0.683905823195575
6	r4.2xlarge	48	366000	16000	5	150000000	7	286	0.621439738915361	0.699904926309755	0.683905823195575
6	r4.2xlarge	48	366000	16000	5	150000000	7	286	0.621439738915361	0.699904926309755	0.683905823195575
6	r4.2xlarge	48	366000	16000	5	150000000	7	298	0.621439738915361	0.699904926309755	0.683905823195575
6	r4.2xlarge	48	366000	16000	5	150000000	9	296	0.621439738915361	0.699904926309755	0.683905823195575
6	r4.2xlarge	48	366000	16000	5	150000000	9	296	0.621439738915361	0.699904926309755	0.683905823195575
6	r4.2xlarge	48	366000	16000	5	150000000	9	296	0.621439738915361	0.699904926309755	0.683905823195575
6	r4.2xlarge	48	366000	16000	5	150000000	9	298	0.621439738915361	0.699904926309755	0.683905823195575
6	r4.2xlarge	48	366000	16000	5	150000000	9	300	0.621439738915361	0.699904926309755	0.683905823195575
6	r4.2xlarge	48	366000	18600	5	175000000	3	242	0.621439738915361	0.699904926309755	0.683905823195575
6	r4.2xlarge	48	366000	18600	5	175000000	3	242	0.621439738915361	0.699904926309755	0.683905823195575
6	r4.2xlarge	48	366000	18600	5	175000000	3	242	0.621439738915361	0.699904926309755	0.683905823195575
6	r4.2xlarge	48	366000	18600	5	175000000	3	246	0.621439738915361	0.699904926309755	0.683905823195575
6	r4.2xlarge	48	366000	18600	5	175000000	3	246	0.621439738915361	0.699904926309755	0.683905823195575
6	r4.2xlarge	48	366000	18600	5	175000000	5	300	0.621439738915361	0.699904926309755	0.683905823195575
6	r4.2xlarge	48	366000	18600	5	175000000	5	300	0.621439738915361	0.699904926309755	0.683905823195575
6	r4.2xlarge	48	366000	18600	5	175000000	5	304	0.621439738915361	0.699904926309755	0.683905823195575
6	r4.2xlarge	48	366000	18600	5	175000000	5	306	0.621439738915361	0.699904926309755	0.683905823195575
6	r4.2xlarge	48	366000	18600	5	175000000	5	306	0.621439738915361	0.699904926309755	0.683905823195575
6	r4.2xlarge	48	366000	18600	5	175000000	7	310	0.621439738915361	0.699904926309755	0.683905823195575
6	r4.2xlarge	48	366000	18600	5	175000000	7	312	0.621439738915361	0.699904926309755	0.683905823195575
6	r4.2xlarge	48	366000	18600	5	175000000	7	314	0.621439738915361	0.699904926309755	0.683905823195575
6	r4.2xlarge	48	366000	18600	5	175000000	7	314	0.621439738915361	0.699904926309755	0.683905823195575
6	r4.2xlarge	48	366000	18600	5	175000000	7	314	0.621439738915361	0.699904926309755	0.683905823195575
6	r4.2xlarge	48	366000	18600	5	175000000	9	320	0.621439738915361	0.699904926309755	0.683905823195575
6	r4.2xlarge	48	366000	18600	5	175000000	9	320	0.621439738915361	0.699904926309755	0.683905823195575
6	r4.2xlarge	48	366000	18600	5	175000000	9	324	0.621439738915361	0.699904926309755	0.683905823195575
6	r4.2xlarge	48	366000	18600	5	175000000	9	326	0.621439738915361	0.699904926309755	0.683905823195575
6	r4.2xlarge	48	366000	18600	5	175000000	9	326	0.621439738915361	0.699904926309755	0.683905823195575
6	r4.2xlarge	48	366000	20300	10	100000000	3	246	0.621439738915361	0.699904926309755	0.683905823195575
6	r4.2xlarge	48	366000	20300	10	100000000	3	248	0.621439738915361	0.699904926309755	0.683905823195575
6	r4.2xlarge	48	366000	20300	10	100000000	3	248	0.621439738915361	0.699904926309755	0.683905823195575
6	r4.2xlarge	48	366000	20300	10	100000000	3	248	0.621439738915361	0.699904926309755	0.683905823195575
6	r4.2xlarge	48	366000	20300	10	100000000	3	252	0.621439738915361	0.699904926309755	0.683905823195575
6	r4.2xlarge	48	366000	20300	10	100000000	5	252	0.621439738915361	0.699904926309755	0.683905823195575
6	r4.2xlarge	48	366000	20300	10	100000000	5	254	0.621439738915361	0.699904926309755	0.683905823195575
6	r4.2xlarge	48	366000	20300	10	100000000	5	256	0.621439738915361	0.699904926309755	0.683905823195575
6	r4.2xlarge	48	366000	20300	10	100000000	5	258	0.621439738915361	0.699904926309755	0.683905823195575
6	r4.2xlarge	48	366000	20300	10	100000000	5	260	0.621439738915361	0.699904926309755	0.683905823195575
6	r4.2xlarge	48	366000	20300	10	100000000	7	264	0.621439738915361	0.699904926309755	0.683905823195575
6	r4.2xlarge	48	366000	20300	10	100000000	7	264	0.621439738915361	0.699904926309755	0.683905823195575
6	r4.2xlarge	48	366000	20300	10	100000000	7	264	0.621439738915361	0.699904926309755	0.683905823195575
6	r4.2xlarge	48	366000	20300	10	100000000	7	266	0.621439738915361	0.699904926309755	0.683905823195575
6	r4.2xlarge	48	366000	20300	10	100000000	7	266	0.621439738915361	0.699904926309755	0.683905823195575
6	r4.2xlarge	48	366000	20300	10	100000000	9	270	0.621439738915361	0.699904926309755	0.683905823195575
6	r4.2xlarge	48	366000	20300	10	100000000	9	272	0.621439738915361	0.699904926309755	0.683905823195575
6	r4.2xlarge	48	366000	20300	10	100000000	9	272	0.621439738915361	0.699904926309755	0.683905823195575
6	r4.2xlarge	48	366000	20300	10	100000000	9	274	0.621439738915361	0.699904926309755	0.683905823195575
6	r4.2xlarge	48	366000	20300	10	100000000	9	274	0.621439738915361	0.699904926309755	0.683905823195575
6	r4.2xlarge	48	366000	21300	5	200000000	3	306	0.621439738915361	0.699904926309755	0.683905823195575
6	r4.2xlarge	48	366000	21300	5	200000000	3	306	0.621439738915361	0.699904926309755	0.683905823195575
6	r4.2xlarge	48	366000	21300	5	200000000	3	308	0.621439738915361	0.699904926309755	0.683905823195575
6	r4.2xlarge	48	366000	21300	5	200000000	3	308	0.621439738915361	0.699904926309755	0.683905823195575
6	r4.2xlarge	48	366000	21300	5	200000000	3	316	0.621439738915361	0.699904926309755	0.683905823195575
6	r4.2xlarge	48	366000	21300	5	200000000	5	346	0.621439738915361	0.699904926309755	0.683905823195575
6	r4.2xlarge	48	366000	21300	5	200000000	5	346	0.621439738915361	0.699904926309755	0.683905823195575
6	r4.2xlarge	48	366000	21300	5	200000000	5	348	0.621439738915361	0.699904926309755	0.683905823195575
6	r4.2xlarge	48	366000	21300	5	200000000	5	358	0.621439738915361	0.699904926309755	0.683905823195575
6	r4.2xlarge	48	366000	21300	5	200000000	5	360	0.621439738915361	0.699904926309755	0.683905823195575
6	r4.2xlarge	48	366000	21300	5	200000000	7	364	0.621439738915361	0.699904926309755	0.683905823195575
6	r4.2xlarge	48	366000	21300	5	200000000	7	370	0.621439738915361	0.699904926309755	0.683905823195575
6	r4.2xlarge	48	366000	21300	5	200000000	7	370	0.621439738915361	0.699904926309755	0.683905823195575
6	r4.2xlarge	48	366000	21300	5	200000000	7	372	0.621439738915361	0.699904926309755	0.683905823195575
6	r4.2xlarge	48	366000	21300	5	200000000	7	382	0.621439738915361	0.699904926309755	0.683905823195575
6	r4.2xlarge	48	366000	21300	5	200000000	9	380	0.621439738915361	0.699904926309755	0.683905823195575
6	r4.2xlarge	48	366000	21300	5	200000000	9	382	0.621439738915361	0.699904926309755	0.683905823195575
6	r4.2xlarge	48	366000	21300	5	200000000	9	388	0.621439738915361	0.699904926309755	0.683905823195575
6	r4.2xlarge	48	366000	21300	5	200000000	9	392	0.621439738915361	0.699904926309755	0.683905823195575
6	r4.2xlarge	48	366000	21300	5	200000000	9	394	0.621439738915361	0.699904926309755	0.683905823195575
6	r4.2xlarge	48	366000	30500	15	100000000	3	262	0.621439738915361	0.699904926309755	0.683905823195575
6	r4.2xlarge	48	366000	30500	15	100000000	3	264	0.621439738915361	0.699904926309755	0.683905823195575
6	r4.2xlarge	48	366000	30500	15	100000000	3	264	0.621439738915361	0.699904926309755	0.683905823195575
6	r4.2xlarge	48	366000	30500	15	100000000	3	266	0.621439738915361	0.699904926309755	0.683905823195575
6	r4.2xlarge	48	366000	30500	15	100000000	3	268	0.621439738915361	0.699904926309755	0.683905823195575
6	r4.2xlarge	48	366000	30500	15	100000000	5	310	0.621439738915361	0.699904926309755	0.683905823195575
6	r4.2xlarge	48	366000	30500	15	100000000	5	310	0.621439738915361	0.699904926309755	0.683905823195575
6	r4.2xlarge	48	366000	30500	15	100000000	5	312	0.621439738915361	0.699904926309755	0.683905823195575
6	r4.2xlarge	48	366000	30500	15	100000000	5	314	0.621439738915361	0.699904926309755	0.683905823195575
6	r4.2xlarge	48	366000	30500	15	100000000	5	314	0.621439738915361	0.699904926309755	0.683905823195575
6	r4.2xlarge	48	366000	30500	15	100000000	7	320	0.621439738915361	0.699904926309755	0.683905823195575
6	r4.2xlarge	48	366000	30500	15	100000000	7	322	0.621439738915361	0.699904926309755	0.683905823195575
6	r4.2xlarge	48	366000	30500	15	100000000	7	322	0.621439738915361	0.699904926309755	0.683905823195575
6	r4.2xlarge	48	366000	30500	15	100000000	7	322	0.621439738915361	0.699904926309755	0.683905823195575
6	r4.2xlarge	48	366000	30500	15	100000000	7	324	0.621439738915361	0.699904926309755	0.683905823195575
6	r4.2xlarge	48	366000	30500	15	100000000	9	330	0.621439738915361	0.699904926309755	0.683905823195575
6	r4.2xlarge	48	366000	30500	15	100000000	9	332	0.621439738915361	0.699904926309755	0.683905823195575
6	r4.2xlarge	48	366000	30500	15	100000000	9	332	0.621439738915361	0.699904926309755	0.683905823195575
6	r4.2xlarge	48	366000	30500	15	100000000	9	332	0.621439738915361	0.699904926309755	0.683905823195575
6	r4.2xlarge	48	366000	30500	15	100000000	9	334	0.621439738915361	0.699904926309755	0.683905823195575
8	r4.2xlarge	64	488000	10500	5	100000000	3	136	0.621439738915361	0.699904926309755	0.683905823195575
8	r4.2xlarge	64	488000	10500	5	100000000	3	138	0.621439738915361	0.699904926309755	0.683905823195575
8	r4.2xlarge	64	488000	10500	5	100000000	3	140	0.621439738915361	0.699904926309755	0.683905823195575
8	r4.2xlarge	64	488000	10500	5	100000000	3	142	0.621439738915361	0.699904926309755	0.683905823195575
8	r4.2xlarge	64	488000	10500	5	100000000	3	144	0.621439738915361	0.699904926309755	0.683905823195575
8	r4.2xlarge	64	488000	10500	5	100000000	5	168	0.621439738915361	0.699904926309755	0.683905823195575
8	r4.2xlarge	64	488000	10500	5	100000000	5	168	0.621439738915361	0.699904926309755	0.683905823195575
8	r4.2xlarge	64	488000	10500	5	100000000	5	168	0.621439738915361	0.699904926309755	0.683905823195575
8	r4.2xlarge	64	488000	10500	5	100000000	5	174	0.621439738915361	0.699904926309755	0.683905823195575
8	r4.2xlarge	64	488000	10500	5	100000000	5	176	0.621439738915361	0.699904926309755	0.683905823195575
8	r4.2xlarge	64	488000	10500	5	100000000	7	170	0.621439738915361	0.699904926309755	0.683905823195575
8	r4.2xlarge	64	488000	10500	5	100000000	7	178	0.621439738915361	0.699904926309755	0.683905823195575
8	r4.2xlarge	64	488000	10500	5	100000000	7	178	0.621439738915361	0.699904926309755	0.683905823195575
8	r4.2xlarge	64	488000	10500	5	100000000	7	184	0.621439738915361	0.699904926309755	0.683905823195575
8	r4.2xlarge	64	488000	10500	5	100000000	7	184	0.621439738915361	0.699904926309755	0.683905823195575
8	r4.2xlarge	64	488000	10500	5	100000000	9	184	0.621439738915361	0.699904926309755	0.683905823195575
8	r4.2xlarge	64	488000	10500	5	100000000	9	188	0.621439738915361	0.699904926309755	0.683905823195575
8	r4.2xlarge	64	488000	10500	5	100000000	9	188	0.621439738915361	0.699904926309755	0.683905823195575
8	r4.2xlarge	64	488000	10500	5	100000000	9	188	0.621439738915361	0.699904926309755	0.683905823195575
8	r4.2xlarge	64	488000	10500	5	100000000	9	188	0.621439738915361	0.699904926309755	0.683905823195575
8	r4.2xlarge	64	488000	13200	5	125000000	3	152	0.621439738915361	0.699904926309755	0.683905823195575
8	r4.2xlarge	64	488000	13200	5	125000000	3	154	0.621439738915361	0.699904926309755	0.683905823195575
8	r4.2xlarge	64	488000	13200	5	125000000	3	154	0.621439738915361	0.699904926309755	0.683905823195575
8	r4.2xlarge	64	488000	13200	5	125000000	3	154	0.621439738915361	0.699904926309755	0.683905823195575
8	r4.2xlarge	64	488000	13200	5	125000000	3	154	0.621439738915361	0.699904926309755	0.683905823195575
8	r4.2xlarge	64	488000	13200	5	125000000	5	176	0.621439738915361	0.699904926309755	0.683905823195575
8	r4.2xlarge	64	488000	13200	5	125000000	5	178	0.621439738915361	0.699904926309755	0.683905823195575
8	r4.2xlarge	64	488000	13200	5	125000000	5	178	0.621439738915361	0.699904926309755	0.683905823195575
8	r4.2xlarge	64	488000	13200	5	125000000	5	180	0.621439738915361	0.699904926309755	0.683905823195575
8	r4.2xlarge	64	488000	13200	5	125000000	5	182	0.621439738915361	0.699904926309755	0.683905823195575
8	r4.2xlarge	64	488000	13200	5	125000000	7	182	0.621439738915361	0.699904926309755	0.683905823195575
8	r4.2xlarge	64	488000	13200	5	125000000	7	186	0.621439738915361	0.699904926309755	0.683905823195575
8	r4.2xlarge	64	488000	13200	5	125000000	7	186	0.621439738915361	0.699904926309755	0.683905823195575
8	r4.2xlarge	64	488000	13200	5	125000000	7	188	0.621439738915361	0.699904926309755	0.683905823195575
8	r4.2xlarge	64	488000	13200	5	125000000	7	188	0.621439738915361	0.699904926309755	0.683905823195575
8	r4.2xlarge	64	488000	13200	5	125000000	9	190	0.621439738915361	0.699904926309755	0.683905823195575
8	r4.2xlarge	64	488000	13200	5	125000000	9	190	0.621439738915361	0.699904926309755	0.683905823195575
8	r4.2xlarge	64	488000	13200	5	125000000	9	192	0.621439738915361	0.699904926309755	0.683905823195575
8	r4.2xlarge	64	488000	13200	5	125000000	9	196	0.621439738915361	0.699904926309755	0.683905823195575
8	r4.2xlarge	64	488000	13200	5	125000000	9	196	0.621439738915361	0.699904926309755	0.683905823195575
8	r4.2xlarge	64	488000	16000	5	150000000	3	180	0.621439738915361	0.699904926309755	0.683905823195575
8	r4.2xlarge	64	488000	16000	5	150000000	3	182	0.621439738915361	0.699904926309755	0.683905823195575
8	r4.2xlarge	64	488000	16000	5	150000000	3	184	0.621439738915361	0.699904926309755	0.683905823195575
8	r4.2xlarge	64	488000	16000	5	150000000	3	184	0.621439738915361	0.699904926309755	0.683905823195575
8	r4.2xlarge	64	488000	16000	5	150000000	3	184	0.621439738915361	0.699904926309755	0.683905823195575
8	r4.2xlarge	64	488000	16000	5	150000000	5	212	0.621439738915361	0.699904926309755	0.683905823195575
8	r4.2xlarge	64	488000	16000	5	150000000	5	218	0.621439738915361	0.699904926309755	0.683905823195575
8	r4.2xlarge	64	488000	16000	5	150000000	5	218	0.621439738915361	0.699904926309755	0.683905823195575
8	r4.2xlarge	64	488000	16000	5	150000000	5	222	0.621439738915361	0.699904926309755	0.683905823195575
8	r4.2xlarge	64	488000	16000	5	150000000	5	224	0.621439738915361	0.699904926309755	0.683905823195575
8	r4.2xlarge	64	488000	16000	5	150000000	7	224	0.621439738915361	0.699904926309755	0.683905823195575
8	r4.2xlarge	64	488000	16000	5	150000000	7	226	0.621439738915361	0.699904926309755	0.683905823195575
8	r4.2xlarge	64	488000	16000	5	150000000	7	228	0.621439738915361	0.699904926309755	0.683905823195575
8	r4.2xlarge	64	488000	16000	5	150000000	7	238	0.621439738915361	0.699904926309755	0.683905823195575
8	r4.2xlarge	64	488000	16000	5	150000000	7	238	0.621439738915361	0.699904926309755	0.683905823195575
8	r4.2xlarge	64	488000	16000	5	150000000	9	230	0.621439738915361	0.699904926309755	0.683905823195575
8	r4.2xlarge	64	488000	16000	5	150000000	9	232	0.621439738915361	0.699904926309755	0.683905823195575
8	r4.2xlarge	64	488000	16000	5	150000000	9	232	0.621439738915361	0.699904926309755	0.683905823195575
8	r4.2xlarge	64	488000	16000	5	150000000	9	234	0.621439738915361	0.699904926309755	0.683905823195575
8	r4.2xlarge	64	488000	16000	5	150000000	9	240	0.621439738915361	0.699904926309755	0.683905823195575
8	r4.2xlarge	64	488000	18600	5	175000000	3	192	0.621439738915361	0.699904926309755	0.683905823195575
8	r4.2xlarge	64	488000	18600	5	175000000	3	192	0.621439738915361	0.699904926309755	0.683905823195575
8	r4.2xlarge	64	488000	18600	5	175000000	3	192	0.621439738915361	0.699904926309755	0.683905823195575
8	r4.2xlarge	64	488000	18600	5	175000000	3	192	0.621439738915361	0.699904926309755	0.683905823195575
8	r4.2xlarge	64	488000	18600	5	175000000	3	192	0.621439738915361	0.699904926309755	0.683905823195575
8	r4.2xlarge	64	488000	18600	5	175000000	5	230	0.621439738915361	0.699904926309755	0.683905823195575
8	r4.2xlarge	64	488000	18600	5	175000000	5	234	0.621439738915361	0.699904926309755	0.683905823195575
8	r4.2xlarge	64	488000	18600	5	175000000	5	234	0.621439738915361	0.699904926309755	0.683905823195575
8	r4.2xlarge	64	488000	18600	5	175000000	5	238	0.621439738915361	0.699904926309755	0.683905823195575
8	r4.2xlarge	64	488000	18600	5	175000000	5	240	0.621439738915361	0.699904926309755	0.683905823195575
8	r4.2xlarge	64	488000	18600	5	175000000	7	242	0.621439738915361	0.699904926309755	0.683905823195575
8	r4.2xlarge	64	488000	18600	5	175000000	7	242	0.621439738915361	0.699904926309755	0.683905823195575
8	r4.2xlarge	64	488000	18600	5	175000000	7	244	0.621439738915361	0.699904926309755	0.683905823195575
8	r4.2xlarge	64	488000	18600	5	175000000	7	244	0.621439738915361	0.699904926309755	0.683905823195575
8	r4.2xlarge	64	488000	18600	5	175000000	7	244	0.621439738915361	0.699904926309755	0.683905823195575
8	r4.2xlarge	64	488000	18600	5	175000000	9	242	0.621439738915361	0.699904926309755	0.683905823195575
8	r4.2xlarge	64	488000	18600	5	175000000	9	250	0.621439738915361	0.699904926309755	0.683905823195575
8	r4.2xlarge	64	488000	18600	5	175000000	9	252	0.621439738915361	0.699904926309755	0.683905823195575
8	r4.2xlarge	64	488000	18600	5	175000000	9	252	0.621439738915361	0.699904926309755	0.683905823195575
8	r4.2xlarge	64	488000	18600	5	175000000	9	252	0.621439738915361	0.699904926309755	0.683905823195575
8	r4.2xlarge	64	488000	20300	10	100000000	3	186	0.621439738915361	0.699904926309755	0.683905823195575
8	r4.2xlarge	64	488000	20300	10	100000000	3	186	0.621439738915361	0.699904926309755	0.683905823195575
8	r4.2xlarge	64	488000	20300	10	100000000	3	188	0.621439738915361	0.699904926309755	0.683905823195575
8	r4.2xlarge	64	488000	20300	10	100000000	3	188	0.621439738915361	0.699904926309755	0.683905823195575
8	r4.2xlarge	64	488000	20300	10	100000000	3	190	0.621439738915361	0.699904926309755	0.683905823195575
8	r4.2xlarge	64	488000	20300	10	100000000	5	190	0.621439738915361	0.699904926309755	0.683905823195575
8	r4.2xlarge	64	488000	20300	10	100000000	5	190	0.621439738915361	0.699904926309755	0.683905823195575
8	r4.2xlarge	64	488000	20300	10	100000000	5	190	0.621439738915361	0.699904926309755	0.683905823195575
8	r4.2xlarge	64	488000	20300	10	100000000	5	192	0.621439738915361	0.699904926309755	0.683905823195575
8	r4.2xlarge	64	488000	20300	10	100000000	5	192	0.621439738915361	0.699904926309755	0.683905823195575
8	r4.2xlarge	64	488000	20300	10	100000000	7	198	0.621439738915361	0.699904926309755	0.683905823195575
8	r4.2xlarge	64	488000	20300	10	100000000	7	198	0.621439738915361	0.699904926309755	0.683905823195575
8	r4.2xlarge	64	488000	20300	10	100000000	7	198	0.621439738915361	0.699904926309755	0.683905823195575
8	r4.2xlarge	64	488000	20300	10	100000000	7	198	0.621439738915361	0.699904926309755	0.683905823195575
8	r4.2xlarge	64	488000	20300	10	100000000	7	198	0.621439738915361	0.699904926309755	0.683905823195575
8	r4.2xlarge	64	488000	20300	10	100000000	9	202	0.621439738915361	0.699904926309755	0.683905823195575
8	r4.2xlarge	64	488000	20300	10	100000000	9	204	0.621439738915361	0.699904926309755	0.683905823195575
8	r4.2xlarge	64	488000	20300	10	100000000	9	204	0.621439738915361	0.699904926309755	0.683905823195575
8	r4.2xlarge	64	488000	20300	10	100000000	9	204	0.621439738915361	0.699904926309755	0.683905823195575
8	r4.2xlarge	64	488000	20300	10	100000000	9	206	0.621439738915361	0.699904926309755	0.683905823195575
8	r4.2xlarge	64	488000	21300	5	200000000	3	232	0.621439738915361	0.699904926309755	0.683905823195575
8	r4.2xlarge	64	488000	21300	5	200000000	3	232	0.621439738915361	0.699904926309755	0.683905823195575
8	r4.2xlarge	64	488000	21300	5	200000000	3	234	0.621439738915361	0.699904926309755	0.683905823195575
8	r4.2xlarge	64	488000	21300	5	200000000	3	234	0.621439738915361	0.699904926309755	0.683905823195575
8	r4.2xlarge	64	488000	21300	5	200000000	3	236	0.621439738915361	0.699904926309755	0.683905823195575
8	r4.2xlarge	64	488000	21300	5	200000000	5	262	0.621439738915361	0.699904926309755	0.683905823195575
8	r4.2xlarge	64	488000	21300	5	200000000	5	265	0.621439738915361	0.699904926309755	0.683905823195575
8	r4.2xlarge	64	488000	21300	5	200000000	5	266	0.621439738915361	0.699904926309755	0.683905823195575
8	r4.2xlarge	64	488000	21300	5	200000000	5	268	0.621439738915361	0.699904926309755	0.683905823195575
8	r4.2xlarge	64	488000	21300	5	200000000	5	268	0.621439738915361	0.699904926309755	0.683905823195575
8	r4.2xlarge	64	488000	21300	5	200000000	7	276	0.621439738915361	0.699904926309755	0.683905823195575
8	r4.2xlarge	64	488000	21300	5	200000000	7	276	0.621439738915361	0.699904926309755	0.683905823195575
8	r4.2xlarge	64	488000	21300	5	200000000	7	278	0.621439738915361	0.699904926309755	0.683905823195575
8	r4.2xlarge	64	488000	21300	5	200000000	7	278	0.621439738915361	0.699904926309755	0.683905823195575
8	r4.2xlarge	64	488000	21300	5	200000000	7	280	0.621439738915361	0.699904926309755	0.683905823195575
8	r4.2xlarge	64	488000	21300	5	200000000	9	286	0.621439738915361	0.699904926309755	0.683905823195575
8	r4.2xlarge	64	488000	21300	5	200000000	9	286	0.621439738915361	0.699904926309755	0.683905823195575
8	r4.2xlarge	64	488000	21300	5	200000000	9	290	0.621439738915361	0.699904926309755	0.683905823195575
8	r4.2xlarge	64	488000	21300	5	200000000	9	290	0.621439738915361	0.699904926309755	0.683905823195575
8	r4.2xlarge	64	488000	21300	5	200000000	9	296	0.621439738915361	0.699904926309755	0.683905823195575
8	r4.2xlarge	64	488000	30500	15	100000000	3	202	0.621439738915361	0.699904926309755	0.683905823195575
8	r4.2xlarge	64	488000	30500	15	100000000	3	204	0.621439738915361	0.699904926309755	0.683905823195575
8	r4.2xlarge	64	488000	30500	15	100000000	3	206	0.621439738915361	0.699904926309755	0.683905823195575
8	r4.2xlarge	64	488000	30500	15	100000000	3	206	0.621439738915361	0.699904926309755	0.683905823195575
8	r4.2xlarge	64	488000	30500	15	100000000	3	206	0.621439738915361	0.699904926309755	0.683905823195575
8	r4.2xlarge	64	488000	30500	15	100000000	5	242	0.621439738915361	0.699904926309755	0.683905823195575
8	r4.2xlarge	64	488000	30500	15	100000000	5	242	0.621439738915361	0.699904926309755	0.683905823195575
8	r4.2xlarge	64	488000	30500	15	100000000	5	246	0.621439738915361	0.699904926309755	0.683905823195575
8	r4.2xlarge	64	488000	30500	15	100000000	5	246	0.621439738915361	0.699904926309755	0.683905823195575
8	r4.2xlarge	64	488000	30500	15	100000000	5	246	0.621439738915361	0.699904926309755	0.683905823195575
8	r4.2xlarge	64	488000	30500	15	100000000	7	248	0.621439738915361	0.699904926309755	0.683905823195575
8	r4.2xlarge	64	488000	30500	15	100000000	7	250	0.621439738915361	0.699904926309755	0.683905823195575
8	r4.2xlarge	64	488000	30500	15	100000000	7	252	0.621439738915361	0.699904926309755	0.683905823195575
8	r4.2xlarge	64	488000	30500	15	100000000	7	252	0.621439738915361	0.699904926309755	0.683905823195575
8	r4.2xlarge	64	488000	30500	15	100000000	7	254	0.621439738915361	0.699904926309755	0.683905823195575
8	r4.2xlarge	64	488000	30500	15	100000000	9	256	0.621439738915361	0.699904926309755	0.683905823195575
8	r4.2xlarge	64	488000	30500	15	100000000	9	258	0.621439738915361	0.699904926309755	0.683905823195575
8	r4.2xlarge	64	488000	30500	15	100000000	9	258	0.621439738915361	0.699904926309755	0.683905823195575
8	r4.2xlarge	64	488000	30500	15	100000000	9	260	0.621439738915361	0.699904926309755	0.683905823195575
8	r4.2xlarge	64	488000	30500	15	100000000	9	262	0.621439738915361	0.699904926309755	0.683905823195575
10	r4.2xlarge	80	610000	10500	5	100000000	3	120	0.621439738915361	0.699904926309755	0.683905823195575
10	r4.2xlarge	80	610000	10500	5	100000000	3	122	0.621439738915361	0.699904926309755	0.683905823195575
10	r4.2xlarge	80	610000	10500	5	100000000	3	124	0.621439738915361	0.699904926309755	0.683905823195575
10	r4.2xlarge	80	610000	10500	5	100000000	3	126	0.621439738915361	0.699904926309755	0.683905823195575
10	r4.2xlarge	80	610000	10500	5	100000000	3	134	0.621439738915361	0.699904926309755	0.683905823195575
10	r4.2xlarge	80	610000	10500	5	100000000	5	148	0.621439738915361	0.699904926309755	0.683905823195575
10	r4.2xlarge	80	610000	10500	5	100000000	5	150	0.621439738915361	0.699904926309755	0.683905823195575
10	r4.2xlarge	80	610000	10500	5	100000000	5	150	0.621439738915361	0.699904926309755	0.683905823195575
10	r4.2xlarge	80	610000	10500	5	100000000	5	156	0.621439738915361	0.699904926309755	0.683905823195575
10	r4.2xlarge	80	610000	10500	5	100000000	5	160	0.621439738915361	0.699904926309755	0.683905823195575
10	r4.2xlarge	80	610000	10500	5	100000000	7	148	0.621439738915361	0.699904926309755	0.683905823195575
10	r4.2xlarge	80	610000	10500	5	100000000	7	152	0.621439738915361	0.699904926309755	0.683905823195575
10	r4.2xlarge	80	610000	10500	5	100000000	7	156	0.621439738915361	0.699904926309755	0.683905823195575
10	r4.2xlarge	80	610000	10500	5	100000000	7	162	0.621439738915361	0.699904926309755	0.683905823195575
10	r4.2xlarge	80	610000	10500	5	100000000	7	164	0.621439738915361	0.699904926309755	0.683905823195575
10	r4.2xlarge	80	610000	10500	5	100000000	9	162	0.621439738915361	0.699904926309755	0.683905823195575
10	r4.2xlarge	80	610000	10500	5	100000000	9	162	0.621439738915361	0.699904926309755	0.683905823195575
10	r4.2xlarge	80	610000	10500	5	100000000	9	164	0.621439738915361	0.699904926309755	0.683905823195575
10	r4.2xlarge	80	610000	10500	5	100000000	9	168	0.621439738915361	0.699904926309755	0.683905823195575
10	r4.2xlarge	80	610000	10500	5	100000000	9	172	0.621439738915361	0.699904926309755	0.683905823195575
10	r4.2xlarge	80	610000	13200	5	125000000	3	142	0.621439738915361	0.699904926309755	0.683905823195575
10	r4.2xlarge	80	610000	13200	5	125000000	3	144	0.621439738915361	0.699904926309755	0.683905823195575
10	r4.2xlarge	80	610000	13200	5	125000000	3	144	0.621439738915361	0.699904926309755	0.683905823195575
10	r4.2xlarge	80	610000	13200	5	125000000	3	144	0.621439738915361	0.699904926309755	0.683905823195575
10	r4.2xlarge	80	610000	13200	5	125000000	3	150	0.621439738915361	0.699904926309755	0.683905823195575
10	r4.2xlarge	80	610000	13200	5	125000000	5	168	0.621439738915361	0.699904926309755	0.683905823195575
10	r4.2xlarge	80	610000	13200	5	125000000	5	172	0.621439738915361	0.699904926309755	0.683905823195575
10	r4.2xlarge	80	610000	13200	5	125000000	5	174	0.621439738915361	0.699904926309755	0.683905823195575
10	r4.2xlarge	80	610000	13200	5	125000000	5	176	0.621439738915361	0.699904926309755	0.683905823195575
10	r4.2xlarge	80	610000	13200	5	125000000	5	178	0.621439738915361	0.699904926309755	0.683905823195575
10	r4.2xlarge	80	610000	13200	5	125000000	7	174	0.621439738915361	0.699904926309755	0.683905823195575
10	r4.2xlarge	80	610000	13200	5	125000000	7	178	0.621439738915361	0.699904926309755	0.683905823195575
10	r4.2xlarge	80	610000	13200	5	125000000	7	178	0.621439738915361	0.699904926309755	0.683905823195575
10	r4.2xlarge	80	610000	13200	5	125000000	7	178	0.621439738915361	0.699904926309755	0.683905823195575
10	r4.2xlarge	80	610000	13200	5	125000000	7	180	0.621439738915361	0.699904926309755	0.683905823195575
10	r4.2xlarge	80	610000	13200	5	125000000	9	182	0.621439738915361	0.699904926309755	0.683905823195575
10	r4.2xlarge	80	610000	13200	5	125000000	9	186	0.621439738915361	0.699904926309755	0.683905823195575
10	r4.2xlarge	80	610000	13200	5	125000000	9	188	0.621439738915361	0.699904926309755	0.683905823195575
10	r4.2xlarge	80	610000	13200	5	125000000	9	192	0.621439738915361	0.699904926309755	0.683905823195575
10	r4.2xlarge	80	610000	13200	5	125000000	9	196	0.621439738915361	0.699904926309755	0.683905823195575
10	r4.2xlarge	80	610000	16000	5	150000000	3	148	0.621439738915361	0.699904926309755	0.683905823195575
10	r4.2xlarge	80	610000	16000	5	150000000	3	148	0.621439738915361	0.699904926309755	0.683905823195575
10	r4.2xlarge	80	610000	16000	5	150000000	3	150	0.621439738915361	0.699904926309755	0.683905823195575
10	r4.2xlarge	80	610000	16000	5	150000000	3	150	0.621439738915361	0.699904926309755	0.683905823195575
10	r4.2xlarge	80	610000	16000	5	150000000	3	150	0.621439738915361	0.699904926309755	0.683905823195575
10	r4.2xlarge	80	610000	16000	5	150000000	5	174	0.621439738915361	0.699904926309755	0.683905823195575
10	r4.2xlarge	80	610000	16000	5	150000000	5	174	0.621439738915361	0.699904926309755	0.683905823195575
10	r4.2xlarge	80	610000	16000	5	150000000	5	174	0.621439738915361	0.699904926309755	0.683905823195575
10	r4.2xlarge	80	610000	16000	5	150000000	5	176	0.621439738915361	0.699904926309755	0.683905823195575
10	r4.2xlarge	80	610000	16000	5	150000000	5	176	0.621439738915361	0.699904926309755	0.683905823195575
10	r4.2xlarge	80	610000	16000	5	150000000	7	180	0.621439738915361	0.699904926309755	0.683905823195575
10	r4.2xlarge	80	610000	16000	5	150000000	7	180	0.621439738915361	0.699904926309755	0.683905823195575
10	r4.2xlarge	80	610000	16000	5	150000000	7	182	0.621439738915361	0.699904926309755	0.683905823195575
10	r4.2xlarge	80	610000	16000	5	150000000	7	184	0.621439738915361	0.699904926309755	0.683905823195575
10	r4.2xlarge	80	610000	16000	5	150000000	7	184	0.621439738915361	0.699904926309755	0.683905823195575
10	r4.2xlarge	80	610000	16000	5	150000000	9	190	0.621439738915361	0.699904926309755	0.683905823195575
10	r4.2xlarge	80	610000	16000	5	150000000	9	190	0.621439738915361	0.699904926309755	0.683905823195575
10	r4.2xlarge	80	610000	16000	5	150000000	9	190	0.621439738915361	0.699904926309755	0.683905823195575
10	r4.2xlarge	80	610000	16000	5	150000000	9	192	0.621439738915361	0.699904926309755	0.683905823195575
10	r4.2xlarge	80	610000	16000	5	150000000	9	194	0.621439738915361	0.699904926309755	0.683905823195575
10	r4.2xlarge	80	610000	18600	5	175000000	3	162	0.621439738915361	0.699904926309755	0.683905823195575
10	r4.2xlarge	80	610000	18600	5	175000000	3	162	0.621439738915361	0.699904926309755	0.683905823195575
10	r4.2xlarge	80	610000	18600	5	175000000	3	164	0.621439738915361	0.699904926309755	0.683905823195575
10	r4.2xlarge	80	610000	18600	5	175000000	3	164	0.621439738915361	0.699904926309755	0.683905823195575
10	r4.2xlarge	80	610000	18600	5	175000000	3	166	0.621439738915361	0.699904926309755	0.683905823195575
10	r4.2xlarge	80	610000	18600	5	175000000	5	196	0.621439738915361	0.699904926309755	0.683905823195575
10	r4.2xlarge	80	610000	18600	5	175000000	5	196	0.621439738915361	0.699904926309755	0.683905823195575
10	r4.2xlarge	80	610000	18600	5	175000000	5	198	0.621439738915361	0.699904926309755	0.683905823195575
10	r4.2xlarge	80	610000	18600	5	175000000	5	200	0.621439738915361	0.699904926309755	0.683905823195575
10	r4.2xlarge	80	610000	18600	5	175000000	5	206	0.621439738915361	0.699904926309755	0.683905823195575
10	r4.2xlarge	80	610000	18600	5	175000000	7	204	0.621439738915361	0.699904926309755	0.683905823195575
10	r4.2xlarge	80	610000	18600	5	175000000	7	204	0.621439738915361	0.699904926309755	0.683905823195575
10	r4.2xlarge	80	610000	18600	5	175000000	7	204	0.621439738915361	0.699904926309755	0.683905823195575
10	r4.2xlarge	80	610000	18600	5	175000000	7	208	0.621439738915361	0.699904926309755	0.683905823195575
10	r4.2xlarge	80	610000	18600	5	175000000	7	212	0.621439738915361	0.699904926309755	0.683905823195575
10	r4.2xlarge	80	610000	18600	5	175000000	9	212	0.621439738915361	0.699904926309755	0.683905823195575
10	r4.2xlarge	80	610000	18600	5	175000000	9	214	0.621439738915361	0.699904926309755	0.683905823195575
10	r4.2xlarge	80	610000	18600	5	175000000	9	214	0.621439738915361	0.699904926309755	0.683905823195575
10	r4.2xlarge	80	610000	18600	5	175000000	9	214	0.621439738915361	0.699904926309755	0.683905823195575
10	r4.2xlarge	80	610000	18600	5	175000000	9	216	0.621439738915361	0.699904926309755	0.683905823195575
10	r4.2xlarge	80	610000	20300	10	100000000	3	170	0.621439738915361	0.699904926309755	0.683905823195575
10	r4.2xlarge	80	610000	20300	10	100000000	3	174	0.621439738915361	0.699904926309755	0.683905823195575
10	r4.2xlarge	80	610000	20300	10	100000000	3	176	0.621439738915361	0.699904926309755	0.683905823195575
10	r4.2xlarge	80	610000	20300	10	100000000	3	176	0.621439738915361	0.699904926309755	0.683905823195575
10	r4.2xlarge	80	610000	20300	10	100000000	3	176	0.621439738915361	0.699904926309755	0.683905823195575
10	r4.2xlarge	80	610000	20300	10	100000000	5	170	0.621439738915361	0.699904926309755	0.683905823195575
10	r4.2xlarge	80	610000	20300	10	100000000	5	170	0.621439738915361	0.699904926309755	0.683905823195575
10	r4.2xlarge	80	610000	20300	10	100000000	5	176	0.621439738915361	0.699904926309755	0.683905823195575
10	r4.2xlarge	80	610000	20300	10	100000000	5	180	0.621439738915361	0.699904926309755	0.683905823195575
10	r4.2xlarge	80	610000	20300	10	100000000	5	182	0.621439738915361	0.699904926309755	0.683905823195575
10	r4.2xlarge	80	610000	20300	10	100000000	7	170	0.621439738915361	0.699904926309755	0.683905823195575
10	r4.2xlarge	80	610000	20300	10	100000000	7	174	0.621439738915361	0.699904926309755	0.683905823195575
10	r4.2xlarge	80	610000	20300	10	100000000	7	176	0.621439738915361	0.699904926309755	0.683905823195575
10	r4.2xlarge	80	610000	20300	10	100000000	7	178	0.621439738915361	0.699904926309755	0.683905823195575
10	r4.2xlarge	80	610000	20300	10	100000000	7	178	0.621439738915361	0.699904926309755	0.683905823195575
10	r4.2xlarge	80	610000	20300	10	100000000	9	184	0.621439738915361	0.699904926309755	0.683905823195575
10	r4.2xlarge	80	610000	20300	10	100000000	9	186	0.621439738915361	0.699904926309755	0.683905823195575
10	r4.2xlarge	80	610000	20300	10	100000000	9	192	0.621439738915361	0.699904926309755	0.683905823195575
10	r4.2xlarge	80	610000	20300	10	100000000	9	192	0.621439738915361	0.699904926309755	0.683905823195575
10	r4.2xlarge	80	610000	20300	10	100000000	9	194	0.621439738915361	0.699904926309755	0.683905823195575
10	r4.2xlarge	80	610000	21300	5	200000000	3	200	0.621439738915361	0.699904926309755	0.683905823195575
10	r4.2xlarge	80	610000	21300	5	200000000	3	204	0.621439738915361	0.699904926309755	0.683905823195575
10	r4.2xlarge	80	610000	21300	5	200000000	3	206	0.621439738915361	0.699904926309755	0.683905823195575
10	r4.2xlarge	80	610000	21300	5	200000000	3	208	0.621439738915361	0.699904926309755	0.683905823195575
10	r4.2xlarge	80	610000	21300	5	200000000	3	208	0.621439738915361	0.699904926309755	0.683905823195575
10	r4.2xlarge	80	610000	21300	5	200000000	5	224	0.621439738915361	0.699904926309755	0.683905823195575
10	r4.2xlarge	80	610000	21300	5	200000000	5	226	0.621439738915361	0.699904926309755	0.683905823195575
10	r4.2xlarge	80	610000	21300	5	200000000	5	234	0.621439738915361	0.699904926309755	0.683905823195575
10	r4.2xlarge	80	610000	21300	5	200000000	5	238	0.621439738915361	0.699904926309755	0.683905823195575
10	r4.2xlarge	80	610000	21300	5	200000000	5	238	0.621439738915361	0.699904926309755	0.683905823195575
10	r4.2xlarge	80	610000	21300	5	200000000	7	226	0.621439738915361	0.699904926309755	0.683905823195575
10	r4.2xlarge	80	610000	21300	5	200000000	7	236	0.621439738915361	0.699904926309755	0.683905823195575
10	r4.2xlarge	80	610000	21300	5	200000000	7	238	0.621439738915361	0.699904926309755	0.683905823195575
10	r4.2xlarge	80	610000	21300	5	200000000	7	248	0.621439738915361	0.699904926309755	0.683905823195575
10	r4.2xlarge	80	610000	21300	5	200000000	7	248	0.621439738915361	0.699904926309755	0.683905823195575
10	r4.2xlarge	80	610000	21300	5	200000000	9	244	0.621439738915361	0.699904926309755	0.683905823195575
10	r4.2xlarge	80	610000	21300	5	200000000	9	246	0.621439738915361	0.699904926309755	0.683905823195575
10	r4.2xlarge	80	610000	21300	5	200000000	9	256	0.621439738915361	0.699904926309755	0.683905823195575
10	r4.2xlarge	80	610000	21300	5	200000000	9	256	0.621439738915361	0.699904926309755	0.683905823195575
10	r4.2xlarge	80	610000	21300	5	200000000	9	256	0.621439738915361	0.699904926309755	0.683905823195575
10	r4.2xlarge	80	610000	30500	15	100000000	3	172	0.621439738915361	0.699904926309755	0.683905823195575
10	r4.2xlarge	80	610000	30500	15	100000000	3	174	0.621439738915361	0.699904926309755	0.683905823195575
10	r4.2xlarge	80	610000	30500	15	100000000	3	174	0.621439738915361	0.699904926309755	0.683905823195575
10	r4.2xlarge	80	610000	30500	15	100000000	3	176	0.621439738915361	0.699904926309755	0.683905823195575
10	r4.2xlarge	80	610000	30500	15	100000000	3	176	0.621439738915361	0.699904926309755	0.683905823195575
10	r4.2xlarge	80	610000	30500	15	100000000	5	204	0.621439738915361	0.699904926309755	0.683905823195575
10	r4.2xlarge	80	610000	30500	15	100000000	5	204	0.621439738915361	0.699904926309755	0.683905823195575
10	r4.2xlarge	80	610000	30500	15	100000000	5	204	0.621439738915361	0.699904926309755	0.683905823195575
10	r4.2xlarge	80	610000	30500	15	100000000	5	206	0.621439738915361	0.699904926309755	0.683905823195575
10	r4.2xlarge	80	610000	30500	15	100000000	5	206	0.621439738915361	0.699904926309755	0.683905823195575
10	r4.2xlarge	80	610000	30500	15	100000000	7	206	0.621439738915361	0.699904926309755	0.683905823195575
10	r4.2xlarge	80	610000	30500	15	100000000	7	210	0.621439738915361	0.699904926309755	0.683905823195575
10	r4.2xlarge	80	610000	30500	15	100000000	7	212	0.621439738915361	0.699904926309755	0.683905823195575
10	r4.2xlarge	80	610000	30500	15	100000000	7	214	0.621439738915361	0.699904926309755	0.683905823195575
10	r4.2xlarge	80	610000	30500	15	100000000	7	214	0.621439738915361	0.699904926309755	0.683905823195575
10	r4.2xlarge	80	610000	30500	15	100000000	9	216	0.621439738915361	0.699904926309755	0.683905823195575
10	r4.2xlarge	80	610000	30500	15	100000000	9	216	0.621439738915361	0.699904926309755	0.683905823195575
10	r4.2xlarge	80	610000	30500	15	100000000	9	216	0.621439738915361	0.699904926309755	0.683905823195575
10	r4.2xlarge	80	610000	30500	15	100000000	9	218	0.621439738915361	0.699904926309755	0.683905823195575
10	r4.2xlarge	80	610000	30500	15	100000000	9	218	0.621439738915361	0.699904926309755	0.683905823195575
12	r4.2xlarge	96	732000	10500	5	100000000	3	94	0.621439738915361	0.699904926309755	0.683905823195575
12	r4.2xlarge	96	732000	10500	5	100000000	3	94	0.621439738915361	0.699904926309755	0.683905823195575
12	r4.2xlarge	96	732000	10500	5	100000000	3	96	0.621439738915361	0.699904926309755	0.683905823195575
12	r4.2xlarge	96	732000	10500	5	100000000	3	96	0.621439738915361	0.699904926309755	0.683905823195575
12	r4.2xlarge	96	732000	10500	5	100000000	3	98	0.621439738915361	0.699904926309755	0.683905823195575
12	r4.2xlarge	96	732000	10500	5	100000000	5	112	0.621439738915361	0.699904926309755	0.683905823195575
12	r4.2xlarge	96	732000	10500	5	100000000	5	114	0.621439738915361	0.699904926309755	0.683905823195575
12	r4.2xlarge	96	732000	10500	5	100000000	5	114	0.621439738915361	0.699904926309755	0.683905823195575
12	r4.2xlarge	96	732000	10500	5	100000000	5	114	0.621439738915361	0.699904926309755	0.683905823195575
12	r4.2xlarge	96	732000	10500	5	100000000	5	116	0.621439738915361	0.699904926309755	0.683905823195575
12	r4.2xlarge	96	732000	10500	5	100000000	7	118	0.621439738915361	0.699904926309755	0.683905823195575
12	r4.2xlarge	96	732000	10500	5	100000000	7	118	0.621439738915361	0.699904926309755	0.683905823195575
12	r4.2xlarge	96	732000	10500	5	100000000	7	118	0.621439738915361	0.699904926309755	0.683905823195575
12	r4.2xlarge	96	732000	10500	5	100000000	7	118	0.621439738915361	0.699904926309755	0.683905823195575
12	r4.2xlarge	96	732000	10500	5	100000000	7	120	0.621439738915361	0.699904926309755	0.683905823195575
12	r4.2xlarge	96	732000	10500	5	100000000	9	118	0.621439738915361	0.699904926309755	0.683905823195575
12	r4.2xlarge	96	732000	10500	5	100000000	9	118	0.621439738915361	0.699904926309755	0.683905823195575
12	r4.2xlarge	96	732000	10500	5	100000000	9	120	0.621439738915361	0.699904926309755	0.683905823195575
12	r4.2xlarge	96	732000	10500	5	100000000	9	122	0.621439738915361	0.699904926309755	0.683905823195575
12	r4.2xlarge	96	732000	10500	5	100000000	9	122	0.621439738915361	0.699904926309755	0.683905823195575
12	r4.2xlarge	96	732000	13200	5	125000000	3	130	0.621439738915361	0.699904926309755	0.683905823195575
12	r4.2xlarge	96	732000	13200	5	125000000	3	132	0.621439738915361	0.699904926309755	0.683905823195575
12	r4.2xlarge	96	732000	13200	5	125000000	3	134	0.621439738915361	0.699904926309755	0.683905823195575
12	r4.2xlarge	96	732000	13200	5	125000000	3	134	0.621439738915361	0.699904926309755	0.683905823195575
12	r4.2xlarge	96	732000	13200	5	125000000	3	136	0.621439738915361	0.699904926309755	0.683905823195575
12	r4.2xlarge	96	732000	13200	5	125000000	5	148	0.621439738915361	0.699904926309755	0.683905823195575
12	r4.2xlarge	96	732000	13200	5	125000000	5	154	0.621439738915361	0.699904926309755	0.683905823195575
12	r4.2xlarge	96	732000	13200	5	125000000	5	154	0.621439738915361	0.699904926309755	0.683905823195575
12	r4.2xlarge	96	732000	13200	5	125000000	5	158	0.621439738915361	0.699904926309755	0.683905823195575
12	r4.2xlarge	96	732000	13200	5	125000000	5	160	0.621439738915361	0.699904926309755	0.683905823195575
12	r4.2xlarge	96	732000	13200	5	125000000	7	158	0.621439738915361	0.699904926309755	0.683905823195575
12	r4.2xlarge	96	732000	13200	5	125000000	7	158	0.621439738915361	0.699904926309755	0.683905823195575
12	r4.2xlarge	96	732000	13200	5	125000000	7	162	0.621439738915361	0.699904926309755	0.683905823195575
12	r4.2xlarge	96	732000	13200	5	125000000	7	164	0.621439738915361	0.699904926309755	0.683905823195575
12	r4.2xlarge	96	732000	13200	5	125000000	7	172	0.621439738915361	0.699904926309755	0.683905823195575
12	r4.2xlarge	96	732000	13200	5	125000000	9	164	0.621439738915361	0.699904926309755	0.683905823195575
12	r4.2xlarge	96	732000	13200	5	125000000	9	166	0.621439738915361	0.699904926309755	0.683905823195575
12	r4.2xlarge	96	732000	13200	5	125000000	9	166	0.621439738915361	0.699904926309755	0.683905823195575
12	r4.2xlarge	96	732000	13200	5	125000000	9	172	0.621439738915361	0.699904926309755	0.683905823195575
12	r4.2xlarge	96	732000	13200	5	125000000	9	176	0.621439738915361	0.699904926309755	0.683905823195575
12	r4.2xlarge	96	732000	16000	5	150000000	3	138	0.621439738915361	0.699904926309755	0.683905823195575
12	r4.2xlarge	96	732000	16000	5	150000000	3	140	0.621439738915361	0.699904926309755	0.683905823195575
12	r4.2xlarge	96	732000	16000	5	150000000	3	140	0.621439738915361	0.699904926309755	0.683905823195575
12	r4.2xlarge	96	732000	16000	5	150000000	3	142	0.621439738915361	0.699904926309755	0.683905823195575
12	r4.2xlarge	96	732000	16000	5	150000000	3	142	0.621439738915361	0.699904926309755	0.683905823195575
12	r4.2xlarge	96	732000	16000	5	150000000	5	166	0.621439738915361	0.699904926309755	0.683905823195575
12	r4.2xlarge	96	732000	16000	5	150000000	5	170	0.621439738915361	0.699904926309755	0.683905823195575
12	r4.2xlarge	96	732000	16000	5	150000000	5	170	0.621439738915361	0.699904926309755	0.683905823195575
12	r4.2xlarge	96	732000	16000	5	150000000	5	170	0.621439738915361	0.699904926309755	0.683905823195575
12	r4.2xlarge	96	732000	16000	5	150000000	5	172	0.621439738915361	0.699904926309755	0.683905823195575
12	r4.2xlarge	96	732000	16000	5	150000000	7	168	0.621439738915361	0.699904926309755	0.683905823195575
12	r4.2xlarge	96	732000	16000	5	150000000	7	170	0.621439738915361	0.699904926309755	0.683905823195575
12	r4.2xlarge	96	732000	16000	5	150000000	7	174	0.621439738915361	0.699904926309755	0.683905823195575
12	r4.2xlarge	96	732000	16000	5	150000000	7	174	0.621439738915361	0.699904926309755	0.683905823195575
12	r4.2xlarge	96	732000	16000	5	150000000	7	180	0.621439738915361	0.699904926309755	0.683905823195575
12	r4.2xlarge	96	732000	16000	5	150000000	9	180	0.621439738915361	0.699904926309755	0.683905823195575
12	r4.2xlarge	96	732000	16000	5	150000000	9	184	0.621439738915361	0.699904926309755	0.683905823195575
12	r4.2xlarge	96	732000	16000	5	150000000	9	186	0.621439738915361	0.699904926309755	0.683905823195575
12	r4.2xlarge	96	732000	16000	5	150000000	9	188	0.621439738915361	0.699904926309755	0.683905823195575
12	r4.2xlarge	96	732000	16000	5	150000000	9	194	0.621439738915361	0.699904926309755	0.683905823195575
12	r4.2xlarge	96	732000	18600	5	175000000	3	142	0.621439738915361	0.699904926309755	0.683905823195575
12	r4.2xlarge	96	732000	18600	5	175000000	3	142	0.621439738915361	0.699904926309755	0.683905823195575
12	r4.2xlarge	96	732000	18600	5	175000000	3	142	0.621439738915361	0.699904926309755	0.683905823195575
12	r4.2xlarge	96	732000	18600	5	175000000	3	142	0.621439738915361	0.699904926309755	0.683905823195575
12	r4.2xlarge	96	732000	18600	5	175000000	3	144	0.621439738915361	0.699904926309755	0.683905823195575
12	r4.2xlarge	96	732000	18600	5	175000000	5	172	0.621439738915361	0.699904926309755	0.683905823195575
12	r4.2xlarge	96	732000	18600	5	175000000	5	172	0.621439738915361	0.699904926309755	0.683905823195575
12	r4.2xlarge	96	732000	18600	5	175000000	5	172	0.621439738915361	0.699904926309755	0.683905823195575
12	r4.2xlarge	96	732000	18600	5	175000000	5	174	0.621439738915361	0.699904926309755	0.683905823195575
12	r4.2xlarge	96	732000	18600	5	175000000	5	176	0.621439738915361	0.699904926309755	0.683905823195575
12	r4.2xlarge	96	732000	18600	5	175000000	7	176	0.621439738915361	0.699904926309755	0.683905823195575
12	r4.2xlarge	96	732000	18600	5	175000000	7	176	0.621439738915361	0.699904926309755	0.683905823195575
12	r4.2xlarge	96	732000	18600	5	175000000	7	180	0.621439738915361	0.699904926309755	0.683905823195575
12	r4.2xlarge	96	732000	18600	5	175000000	7	180	0.621439738915361	0.699904926309755	0.683905823195575
12	r4.2xlarge	96	732000	18600	5	175000000	7	182	0.621439738915361	0.699904926309755	0.683905823195575
12	r4.2xlarge	96	732000	18600	5	175000000	9	182	0.621439738915361	0.699904926309755	0.683905823195575
12	r4.2xlarge	96	732000	18600	5	175000000	9	182	0.621439738915361	0.699904926309755	0.683905823195575
12	r4.2xlarge	96	732000	18600	5	175000000	9	182	0.621439738915361	0.699904926309755	0.683905823195575
12	r4.2xlarge	96	732000	18600	5	175000000	9	184	0.621439738915361	0.699904926309755	0.683905823195575
12	r4.2xlarge	96	732000	18600	5	175000000	9	186	0.621439738915361	0.699904926309755	0.683905823195575
12	r4.2xlarge	96	732000	20300	10	100000000	3	140	0.621439738915361	0.699904926309755	0.683905823195575
12	r4.2xlarge	96	732000	20300	10	100000000	3	140	0.621439738915361	0.699904926309755	0.683905823195575
12	r4.2xlarge	96	732000	20300	10	100000000	3	140	0.621439738915361	0.699904926309755	0.683905823195575
12	r4.2xlarge	96	732000	20300	10	100000000	3	140	0.621439738915361	0.699904926309755	0.683905823195575
12	r4.2xlarge	96	732000	20300	10	100000000	3	140	0.621439738915361	0.699904926309755	0.683905823195575
12	r4.2xlarge	96	732000	20300	10	100000000	5	142	0.621439738915361	0.699904926309755	0.683905823195575
12	r4.2xlarge	96	732000	20300	10	100000000	5	142	0.621439738915361	0.699904926309755	0.683905823195575
12	r4.2xlarge	96	732000	20300	10	100000000	5	144	0.621439738915361	0.699904926309755	0.683905823195575
12	r4.2xlarge	96	732000	20300	10	100000000	5	146	0.621439738915361	0.699904926309755	0.683905823195575
12	r4.2xlarge	96	732000	20300	10	100000000	5	146	0.621439738915361	0.699904926309755	0.683905823195575
12	r4.2xlarge	96	732000	20300	10	100000000	7	146	0.621439738915361	0.699904926309755	0.683905823195575
12	r4.2xlarge	96	732000	20300	10	100000000	7	146	0.621439738915361	0.699904926309755	0.683905823195575
12	r4.2xlarge	96	732000	20300	10	100000000	7	148	0.621439738915361	0.699904926309755	0.683905823195575
12	r4.2xlarge	96	732000	20300	10	100000000	7	148	0.621439738915361	0.699904926309755	0.683905823195575
12	r4.2xlarge	96	732000	20300	10	100000000	7	152	0.621439738915361	0.699904926309755	0.683905823195575
12	r4.2xlarge	96	732000	20300	10	100000000	9	150	0.621439738915361	0.699904926309755	0.683905823195575
12	r4.2xlarge	96	732000	20300	10	100000000	9	152	0.621439738915361	0.699904926309755	0.683905823195575
12	r4.2xlarge	96	732000	20300	10	100000000	9	152	0.621439738915361	0.699904926309755	0.683905823195575
12	r4.2xlarge	96	732000	20300	10	100000000	9	154	0.621439738915361	0.699904926309755	0.683905823195575
12	r4.2xlarge	96	732000	20300	10	100000000	9	154	0.621439738915361	0.699904926309755	0.683905823195575
12	r4.2xlarge	96	732000	21300	5	200000000	3	160	0.621439738915361	0.699904926309755	0.683905823195575
12	r4.2xlarge	96	732000	21300	5	200000000	3	160	0.621439738915361	0.699904926309755	0.683905823195575
12	r4.2xlarge	96	732000	21300	5	200000000	3	162	0.621439738915361	0.699904926309755	0.683905823195575
12	r4.2xlarge	96	732000	21300	5	200000000	3	162	0.621439738915361	0.699904926309755	0.683905823195575
12	r4.2xlarge	96	732000	21300	5	200000000	3	164	0.621439738915361	0.699904926309755	0.683905823195575
12	r4.2xlarge	96	732000	21300	5	200000000	5	180	0.621439738915361	0.699904926309755	0.683905823195575
12	r4.2xlarge	96	732000	21300	5	200000000	5	182	0.621439738915361	0.699904926309755	0.683905823195575
12	r4.2xlarge	96	732000	21300	5	200000000	5	184	0.621439738915361	0.699904926309755	0.683905823195575
12	r4.2xlarge	96	732000	21300	5	200000000	5	186	0.621439738915361	0.699904926309755	0.683905823195575
12	r4.2xlarge	96	732000	21300	5	200000000	5	186	0.621439738915361	0.699904926309755	0.683905823195575
12	r4.2xlarge	96	732000	21300	5	200000000	7	188	0.621439738915361	0.699904926309755	0.683905823195575
12	r4.2xlarge	96	732000	21300	5	200000000	7	188	0.621439738915361	0.699904926309755	0.683905823195575
12	r4.2xlarge	96	732000	21300	5	200000000	7	190	0.621439738915361	0.699904926309755	0.683905823195575
12	r4.2xlarge	96	732000	21300	5	200000000	7	190	0.621439738915361	0.699904926309755	0.683905823195575
12	r4.2xlarge	96	732000	21300	5	200000000	7	194	0.621439738915361	0.699904926309755	0.683905823195575
12	r4.2xlarge	96	732000	21300	5	200000000	9	196	0.621439738915361	0.699904926309755	0.683905823195575
12	r4.2xlarge	96	732000	21300	5	200000000	9	196	0.621439738915361	0.699904926309755	0.683905823195575
12	r4.2xlarge	96	732000	21300	5	200000000	9	198	0.621439738915361	0.699904926309755	0.683905823195575
12	r4.2xlarge	96	732000	21300	5	200000000	9	200	0.621439738915361	0.699904926309755	0.683905823195575
12	r4.2xlarge	96	732000	21300	5	200000000	9	202	0.621439738915361	0.699904926309755	0.683905823195575
12	r4.2xlarge	96	732000	30500	15	100000000	3	144	0.621439738915361	0.699904926309755	0.683905823195575
12	r4.2xlarge	96	732000	30500	15	100000000	3	144	0.621439738915361	0.699904926309755	0.683905823195575
12	r4.2xlarge	96	732000	30500	15	100000000	3	144	0.621439738915361	0.699904926309755	0.683905823195575
12	r4.2xlarge	96	732000	30500	15	100000000	3	146	0.621439738915361	0.699904926309755	0.683905823195575
12	r4.2xlarge	96	732000	30500	15	100000000	3	146	0.621439738915361	0.699904926309755	0.683905823195575
12	r4.2xlarge	96	732000	30500	15	100000000	5	168	0.621439738915361	0.699904926309755	0.683905823195575
12	r4.2xlarge	96	732000	30500	15	100000000	5	170	0.621439738915361	0.699904926309755	0.683905823195575
12	r4.2xlarge	96	732000	30500	15	100000000	5	170	0.621439738915361	0.699904926309755	0.683905823195575
12	r4.2xlarge	96	732000	30500	15	100000000	5	170	0.621439738915361	0.699904926309755	0.683905823195575
12	r4.2xlarge	96	732000	30500	15	100000000	5	174	0.621439738915361	0.699904926309755	0.683905823195575
12	r4.2xlarge	96	732000	30500	15	100000000	7	172	0.621439738915361	0.699904926309755	0.683905823195575
12	r4.2xlarge	96	732000	30500	15	100000000	7	174	0.621439738915361	0.699904926309755	0.683905823195575
12	r4.2xlarge	96	732000	30500	15	100000000	7	174	0.621439738915361	0.699904926309755	0.683905823195575
12	r4.2xlarge	96	732000	30500	15	100000000	7	178	0.621439738915361	0.699904926309755	0.683905823195575
12	r4.2xlarge	96	732000	30500	15	100000000	7	178	0.621439738915361	0.699904926309755	0.683905823195575
12	r4.2xlarge	96	732000	30500	15	100000000	9	180	0.621439738915361	0.699904926309755	0.683905823195575
12	r4.2xlarge	96	732000	30500	15	100000000	9	180	0.621439738915361	0.699904926309755	0.683905823195575
12	r4.2xlarge	96	732000	30500	15	100000000	9	180	0.621439738915361	0.699904926309755	0.683905823195575
12	r4.2xlarge	96	732000	30500	15	100000000	9	180	0.621439738915361	0.699904926309755	0.683905823195575
12	r4.2xlarge	96	732000	30500	15	100000000	9	182	0.621439738915361	0.699904926309755	0.683905823195575
2	r4.xlarge	8	61000	16000	5	150000000	3	3878	0.621758403741034	0.91340066266808	0.680859830691666
2	r4.xlarge	8	61000	16000	5	150000000	3	3894	0.621758403741034	0.91340066266808	0.680859830691666
2	r4.xlarge	8	61000	16000	5	150000000	3	3916	0.621758403741034	0.91340066266808	0.680859830691666
2	r4.xlarge	8	61000	16000	5	150000000	3	3930	0.621758403741034	0.91340066266808	0.680859830691666
2	r4.xlarge	8	61000	16000	5	150000000	3	3952	0.621758403741034	0.91340066266808	0.680859830691666
4	r4.xlarge	16	122000	16000	5	150000000	3	1080	0.621758403741034	0.91340066266808	0.680859830691666
4	r4.xlarge	16	122000	16000	5	150000000	3	1082	0.621758403741034	0.91340066266808	0.680859830691666
4	r4.xlarge	16	122000	16000	5	150000000	3	1104	0.621758403741034	0.91340066266808	0.680859830691666
4	r4.xlarge	16	122000	16000	5	150000000	3	1118	0.621758403741034	0.91340066266808	0.680859830691666
4	r4.xlarge	16	122000	16000	5	150000000	3	1122	0.621758403741034	0.91340066266808	0.680859830691666
6	r4.xlarge	24	183000	16000	5	150000000	3	472	0.621758403741034	0.91340066266808	0.680859830691666
6	r4.xlarge	24	183000	16000	5	150000000	3	478	0.621758403741034	0.91340066266808	0.680859830691666
6	r4.xlarge	24	183000	16000	5	150000000	3	484	0.621758403741034	0.91340066266808	0.680859830691666
6	r4.xlarge	24	183000	16000	5	150000000	3	484	0.621758403741034	0.91340066266808	0.680859830691666
6	r4.xlarge	24	183000	16000	5	150000000	3	488	0.621758403741034	0.91340066266808	0.680859830691666
8	r4.xlarge	32	244000	16000	5	150000000	3	338	0.621758403741034	0.91340066266808	0.680859830691666
8	r4.xlarge	32	244000	16000	5	150000000	3	340	0.621758403741034	0.91340066266808	0.680859830691666
8	r4.xlarge	32	244000	16000	5	150000000	3	342	0.621758403741034	0.91340066266808	0.680859830691666
8	r4.xlarge	32	244000	16000	5	150000000	3	342	0.621758403741034	0.91340066266808	0.680859830691666
8	r4.xlarge	32	244000	16000	5	150000000	3	346	0.621758403741034	0.91340066266808	0.680859830691666
10	r4.xlarge	40	305000	16000	5	150000000	3	246	0.621758403741034	0.91340066266808	0.680859830691666
10	r4.xlarge	40	305000	16000	5	150000000	3	248	0.621758403741034	0.91340066266808	0.680859830691666
10	r4.xlarge	40	305000	16000	5	150000000	3	250	0.621758403741034	0.91340066266808	0.680859830691666
10	r4.xlarge	40	305000	16000	5	150000000	3	250	0.621758403741034	0.91340066266808	0.680859830691666
10	r4.xlarge	40	305000	16000	5	150000000	3	252	0.621758403741034	0.91340066266808	0.680859830691666
12	r4.xlarge	48	366000	16000	5	150000000	3	228	0.621758403741034	0.91340066266808	0.680859830691666
12	r4.xlarge	48	366000	16000	5	150000000	3	230	0.621758403741034	0.91340066266808	0.680859830691666
12	r4.xlarge	48	366000	16000	5	150000000	3	232	0.621758403741034	0.91340066266808	0.680859830691666
12	r4.xlarge	48	366000	16000	5	150000000	3	234	0.621758403741034	0.91340066266808	0.680859830691666
12	r4.xlarge	48	366000	16000	5	150000000	3	236	0.621758403741034	0.91340066266808	0.680859830691666
