instance_count	machine_type	slots	memory	data_size_MB	features	observations	iterations	gross_runtime	cpu_sysbench	disk_seq_fio	memory_sysbench
2	r4.2xlarge	16	122000	9730	5	100000000	1	214	0.621439738915361	0.699904926309755	0.683905823195575
2	r4.2xlarge	16	122000	9730	5	100000000	1	214	0.621439738915361	0.699904926309755	0.683905823195575
2	r4.2xlarge	16	122000	9730	5	100000000	1	216	0.621439738915361	0.699904926309755	0.683905823195575
2	r4.2xlarge	16	122000	9730	5	100000000	1	216	0.621439738915361	0.699904926309755	0.683905823195575
2	r4.2xlarge	16	122000	9730	5	100000000	1	218	0.621439738915361	0.699904926309755	0.683905823195575
2	r4.2xlarge	16	122000	9730	5	100000000	25	316	0.621439738915361	0.699904926309755	0.683905823195575
2	r4.2xlarge	16	122000	9730	5	100000000	25	316	0.621439738915361	0.699904926309755	0.683905823195575
2	r4.2xlarge	16	122000	9730	5	100000000	25	316	0.621439738915361	0.699904926309755	0.683905823195575
2	r4.2xlarge	16	122000	9730	5	100000000	25	318	0.621439738915361	0.699904926309755	0.683905823195575
2	r4.2xlarge	16	122000	9730	5	100000000	25	320	0.621439738915361	0.699904926309755	0.683905823195575
2	r4.2xlarge	16	122000	9730	5	100000000	50	410	0.621439738915361	0.699904926309755	0.683905823195575
2	r4.2xlarge	16	122000	9730	5	100000000	50	410	0.621439738915361	0.699904926309755	0.683905823195575
2	r4.2xlarge	16	122000	9730	5	100000000	50	412	0.621439738915361	0.699904926309755	0.683905823195575
2	r4.2xlarge	16	122000	9730	5	100000000	50	412	0.621439738915361	0.699904926309755	0.683905823195575
2	r4.2xlarge	16	122000	9730	5	100000000	50	412	0.621439738915361	0.699904926309755	0.683905823195575
2	r4.2xlarge	16	122000	9730	5	100000000	100	408	0.621439738915361	0.699904926309755	0.683905823195575
2	r4.2xlarge	16	122000	9730	5	100000000	100	410	0.621439738915361	0.699904926309755	0.683905823195575
2	r4.2xlarge	16	122000	9730	5	100000000	100	410	0.621439738915361	0.699904926309755	0.683905823195575
2	r4.2xlarge	16	122000	9730	5	100000000	100	410	0.621439738915361	0.699904926309755	0.683905823195575
2	r4.2xlarge	16	122000	9730	5	100000000	100	410	0.621439738915361	0.699904926309755	0.683905823195575
2	r4.2xlarge	16	122000	14540	5	150000000	1	298	0.621439738915361	0.699904926309755	0.683905823195575
2	r4.2xlarge	16	122000	14540	5	150000000	1	298	0.621439738915361	0.699904926309755	0.683905823195575
2	r4.2xlarge	16	122000	14540	5	150000000	1	300	0.621439738915361	0.699904926309755	0.683905823195575
2	r4.2xlarge	16	122000	14540	5	150000000	1	300	0.621439738915361	0.699904926309755	0.683905823195575
2	r4.2xlarge	16	122000	14540	5	150000000	1	300	0.621439738915361	0.699904926309755	0.683905823195575
2	r4.2xlarge	16	122000	14540	5	150000000	25	446	0.621439738915361	0.699904926309755	0.683905823195575
2	r4.2xlarge	16	122000	14540	5	150000000	25	450	0.621439738915361	0.699904926309755	0.683905823195575
2	r4.2xlarge	16	122000	14540	5	150000000	25	450	0.621439738915361	0.699904926309755	0.683905823195575
2	r4.2xlarge	16	122000	14540	5	150000000	25	452	0.621439738915361	0.699904926309755	0.683905823195575
2	r4.2xlarge	16	122000	14540	5	150000000	25	456	0.621439738915361	0.699904926309755	0.683905823195575
2	r4.2xlarge	16	122000	14540	5	150000000	50	588	0.621439738915361	0.699904926309755	0.683905823195575
2	r4.2xlarge	16	122000	14540	5	150000000	50	590	0.621439738915361	0.699904926309755	0.683905823195575
2	r4.2xlarge	16	122000	14540	5	150000000	50	592	0.621439738915361	0.699904926309755	0.683905823195575
2	r4.2xlarge	16	122000	14540	5	150000000	50	596	0.621439738915361	0.699904926309755	0.683905823195575
2	r4.2xlarge	16	122000	14540	5	150000000	50	596	0.621439738915361	0.699904926309755	0.683905823195575
2	r4.2xlarge	16	122000	14540	5	150000000	100	590	0.621439738915361	0.699904926309755	0.683905823195575
2	r4.2xlarge	16	122000	14540	5	150000000	100	592	0.621439738915361	0.699904926309755	0.683905823195575
2	r4.2xlarge	16	122000	14540	5	150000000	100	592	0.621439738915361	0.699904926309755	0.683905823195575
2	r4.2xlarge	16	122000	14540	5	150000000	100	594	0.621439738915361	0.699904926309755	0.683905823195575
2	r4.2xlarge	16	122000	14540	5	150000000	100	596	0.621439738915361	0.699904926309755	0.683905823195575
2	r4.2xlarge	16	122000	19353	5	200000000	1	376	0.621439738915361	0.699904926309755	0.683905823195575
2	r4.2xlarge	16	122000	19353	5	200000000	1	378	0.621439738915361	0.699904926309755	0.683905823195575
2	r4.2xlarge	16	122000	19353	5	200000000	1	378	0.621439738915361	0.699904926309755	0.683905823195575
2	r4.2xlarge	16	122000	19353	5	200000000	1	380	0.621439738915361	0.699904926309755	0.683905823195575
2	r4.2xlarge	16	122000	19353	5	200000000	1	380	0.621439738915361	0.699904926309755	0.683905823195575
2	r4.2xlarge	16	122000	19353	5	200000000	25	574	0.621439738915361	0.699904926309755	0.683905823195575
2	r4.2xlarge	16	122000	19353	5	200000000	25	576	0.621439738915361	0.699904926309755	0.683905823195575
2	r4.2xlarge	16	122000	19353	5	200000000	25	578	0.621439738915361	0.699904926309755	0.683905823195575
2	r4.2xlarge	16	122000	19353	5	200000000	25	578	0.621439738915361	0.699904926309755	0.683905823195575
2	r4.2xlarge	16	122000	19353	5	200000000	25	578	0.621439738915361	0.699904926309755	0.683905823195575
2	r4.2xlarge	16	122000	19353	5	200000000	50	768	0.621439738915361	0.699904926309755	0.683905823195575
2	r4.2xlarge	16	122000	19353	5	200000000	50	770	0.621439738915361	0.699904926309755	0.683905823195575
2	r4.2xlarge	16	122000	19353	5	200000000	50	770	0.621439738915361	0.699904926309755	0.683905823195575
2	r4.2xlarge	16	122000	19353	5	200000000	50	776	0.621439738915361	0.699904926309755	0.683905823195575
2	r4.2xlarge	16	122000	19353	5	200000000	50	780	0.621439738915361	0.699904926309755	0.683905823195575
2	r4.2xlarge	16	122000	19353	5	200000000	100	770	0.621439738915361	0.699904926309755	0.683905823195575
2	r4.2xlarge	16	122000	19353	5	200000000	100	772	0.621439738915361	0.699904926309755	0.683905823195575
2	r4.2xlarge	16	122000	19353	5	200000000	100	772	0.621439738915361	0.699904926309755	0.683905823195575
2	r4.2xlarge	16	122000	19353	5	200000000	100	774	0.621439738915361	0.699904926309755	0.683905823195575
2	r4.2xlarge	16	122000	19353	5	200000000	100	782	0.621439738915361	0.699904926309755	0.683905823195575
2	r4.2xlarge	16	122000	19558	10	100000000	1	312	0.621439738915361	0.699904926309755	0.683905823195575
2	r4.2xlarge	16	122000	19558	10	100000000	1	314	0.621439738915361	0.699904926309755	0.683905823195575
2	r4.2xlarge	16	122000	19558	10	100000000	1	314	0.621439738915361	0.699904926309755	0.683905823195575
2	r4.2xlarge	16	122000	19558	10	100000000	1	314	0.621439738915361	0.699904926309755	0.683905823195575
2	r4.2xlarge	16	122000	19558	10	100000000	1	316	0.621439738915361	0.699904926309755	0.683905823195575
2	r4.2xlarge	16	122000	19558	10	100000000	25	426	0.621439738915361	0.699904926309755	0.683905823195575
2	r4.2xlarge	16	122000	19558	10	100000000	25	426	0.621439738915361	0.699904926309755	0.683905823195575
2	r4.2xlarge	16	122000	19558	10	100000000	25	428	0.621439738915361	0.699904926309755	0.683905823195575
2	r4.2xlarge	16	122000	19558	10	100000000	25	430	0.621439738915361	0.699904926309755	0.683905823195575
2	r4.2xlarge	16	122000	19558	10	100000000	25	434	0.621439738915361	0.699904926309755	0.683905823195575
2	r4.2xlarge	16	122000	19558	10	100000000	50	476	0.621439738915361	0.699904926309755	0.683905823195575
2	r4.2xlarge	16	122000	19558	10	100000000	50	478	0.621439738915361	0.699904926309755	0.683905823195575
2	r4.2xlarge	16	122000	19558	10	100000000	50	480	0.621439738915361	0.699904926309755	0.683905823195575
2	r4.2xlarge	16	122000	19558	10	100000000	50	482	0.621439738915361	0.699904926309755	0.683905823195575
2	r4.2xlarge	16	122000	19558	10	100000000	50	482	0.621439738915361	0.699904926309755	0.683905823195575
2	r4.2xlarge	16	122000	19558	10	100000000	100	474	0.621439738915361	0.699904926309755	0.683905823195575
2	r4.2xlarge	16	122000	19558	10	100000000	100	478	0.621439738915361	0.699904926309755	0.683905823195575
2	r4.2xlarge	16	122000	19558	10	100000000	100	478	0.621439738915361	0.699904926309755	0.683905823195575
2	r4.2xlarge	16	122000	19558	10	100000000	100	478	0.621439738915361	0.699904926309755	0.683905823195575
2	r4.2xlarge	16	122000	19558	10	100000000	100	488	0.621439738915361	0.699904926309755	0.683905823195575
2	r4.2xlarge	16	122000	24268	5	250000000	1	542	0.621439738915361	0.699904926309755	0.683905823195575
2	r4.2xlarge	16	122000	24268	5	250000000	1	544	0.621439738915361	0.699904926309755	0.683905823195575
2	r4.2xlarge	16	122000	24268	5	250000000	1	544	0.621439738915361	0.699904926309755	0.683905823195575
2	r4.2xlarge	16	122000	24268	5	250000000	1	546	0.621439738915361	0.699904926309755	0.683905823195575
2	r4.2xlarge	16	122000	24268	5	250000000	1	552	0.621439738915361	0.699904926309755	0.683905823195575
2	r4.2xlarge	16	122000	24268	5	250000000	25	2262	0.621439738915361	0.699904926309755	0.683905823195575
2	r4.2xlarge	16	122000	24268	5	250000000	25	2268	0.621439738915361	0.699904926309755	0.683905823195575
2	r4.2xlarge	16	122000	24268	5	250000000	25	2270	0.621439738915361	0.699904926309755	0.683905823195575
2	r4.2xlarge	16	122000	24268	5	250000000	25	2270	0.621439738915361	0.699904926309755	0.683905823195575
2	r4.2xlarge	16	122000	24268	5	250000000	25	2272	0.621439738915361	0.699904926309755	0.683905823195575
2	r4.2xlarge	16	122000	24268	5	250000000	50	3938	0.621439738915361	0.699904926309755	0.683905823195575
2	r4.2xlarge	16	122000	24268	5	250000000	50	3944	0.621439738915361	0.699904926309755	0.683905823195575
2	r4.2xlarge	16	122000	24268	5	250000000	50	3944	0.621439738915361	0.699904926309755	0.683905823195575
2	r4.2xlarge	16	122000	24268	5	250000000	50	3978	0.621439738915361	0.699904926309755	0.683905823195575
2	r4.2xlarge	16	122000	24268	5	250000000	50	4022	0.621439738915361	0.699904926309755	0.683905823195575
2	r4.2xlarge	16	122000	24268	5	250000000	100	3944	0.621439738915361	0.699904926309755	0.683905823195575
2	r4.2xlarge	16	122000	24268	5	250000000	100	3948	0.621439738915361	0.699904926309755	0.683905823195575
2	r4.2xlarge	16	122000	24268	5	250000000	100	3952	0.621439738915361	0.699904926309755	0.683905823195575
2	r4.2xlarge	16	122000	24268	5	250000000	100	3978	0.621439738915361	0.699904926309755	0.683905823195575
2	r4.2xlarge	16	122000	24268	5	250000000	100	4056	0.621439738915361	0.699904926309755	0.683905823195575
2	r4.2xlarge	16	122000	29081	5	300000000	1	808	0.621439738915361	0.699904926309755	0.683905823195575
2	r4.2xlarge	16	122000	29081	5	300000000	1	814	0.621439738915361	0.699904926309755	0.683905823195575
2	r4.2xlarge	16	122000	29081	5	300000000	1	816	0.621439738915361	0.699904926309755	0.683905823195575
2	r4.2xlarge	16	122000	29081	5	300000000	1	818	0.621439738915361	0.699904926309755	0.683905823195575
2	r4.2xlarge	16	122000	29081	5	300000000	1	824	0.621439738915361	0.699904926309755	0.683905823195575
2	r4.2xlarge	16	122000	29081	5	300000000	25	5792	0.621439738915361	0.699904926309755	0.683905823195575
2	r4.2xlarge	16	122000	29081	5	300000000	25	5822	0.621439738915361	0.699904926309755	0.683905823195575
2	r4.2xlarge	16	122000	29081	5	300000000	25	5830	0.621439738915361	0.699904926309755	0.683905823195575
2	r4.2xlarge	16	122000	29081	5	300000000	25	5852	0.621439738915361	0.699904926309755	0.683905823195575
2	r4.2xlarge	16	122000	29081	5	300000000	25	5872	0.621439738915361	0.699904926309755	0.683905823195575
2	r4.2xlarge	16	122000	29081	5	300000000	50	10746	0.621439738915361	0.699904926309755	0.683905823195575
2	r4.2xlarge	16	122000	29081	5	300000000	50	10902	0.621439738915361	0.699904926309755	0.683905823195575
2	r4.2xlarge	16	122000	29081	5	300000000	50	10900	0.621439738915361	0.699904926309755	0.683905823195575
2	r4.2xlarge	16	122000	29081	5	300000000	50	10914	0.621439738915361	0.699904926309755	0.683905823195575
2	r4.2xlarge	16	122000	29081	5	300000000	50	10914	0.621439738915361	0.699904926309755	0.683905823195575
2	r4.2xlarge	16	122000	29081	5	300000000	100	10749	0.621439738915361	0.699904926309755	0.683905823195575
2	r4.2xlarge	16	122000	29081	5	300000000	100	10892	0.621439738915361	0.699904926309755	0.683905823195575
2	r4.2xlarge	16	122000	29081	5	300000000	100	10901	0.621439738915361	0.699904926309755	0.683905823195575
2	r4.2xlarge	16	122000	29081	5	300000000	100	10915	0.621439738915361	0.699904926309755	0.683905823195575
2	r4.2xlarge	16	122000	29081	5	300000000	100	10913	0.621439738915361	0.699904926309755	0.683905823195575
2	r4.2xlarge	16	122000	29593	15	100000000	1	412	0.621439738915361	0.699904926309755	0.683905823195575
2	r4.2xlarge	16	122000	29593	15	100000000	1	412	0.621439738915361	0.699904926309755	0.683905823195575
2	r4.2xlarge	16	122000	29593	15	100000000	1	414	0.621439738915361	0.699904926309755	0.683905823195575
2	r4.2xlarge	16	122000	29593	15	100000000	1	414	0.621439738915361	0.699904926309755	0.683905823195575
2	r4.2xlarge	16	122000	29593	15	100000000	1	418	0.621439738915361	0.699904926309755	0.683905823195575
2	r4.2xlarge	16	122000	29593	15	100000000	25	536	0.621439738915361	0.699904926309755	0.683905823195575
2	r4.2xlarge	16	122000	29593	15	100000000	25	538	0.621439738915361	0.699904926309755	0.683905823195575
2	r4.2xlarge	16	122000	29593	15	100000000	25	538	0.621439738915361	0.699904926309755	0.683905823195575
2	r4.2xlarge	16	122000	29593	15	100000000	25	540	0.621439738915361	0.699904926309755	0.683905823195575
2	r4.2xlarge	16	122000	29593	15	100000000	25	540	0.621439738915361	0.699904926309755	0.683905823195575
2	r4.2xlarge	16	122000	29593	15	100000000	50	626	0.621439738915361	0.699904926309755	0.683905823195575
2	r4.2xlarge	16	122000	29593	15	100000000	50	626	0.621439738915361	0.699904926309755	0.683905823195575
2	r4.2xlarge	16	122000	29593	15	100000000	50	628	0.621439738915361	0.699904926309755	0.683905823195575
2	r4.2xlarge	16	122000	29593	15	100000000	50	630	0.621439738915361	0.699904926309755	0.683905823195575
2	r4.2xlarge	16	122000	29593	15	100000000	50	630	0.621439738915361	0.699904926309755	0.683905823195575
2	r4.2xlarge	16	122000	29593	15	100000000	100	628	0.621439738915361	0.699904926309755	0.683905823195575
2	r4.2xlarge	16	122000	29593	15	100000000	100	630	0.621439738915361	0.699904926309755	0.683905823195575
2	r4.2xlarge	16	122000	29593	15	100000000	100	630	0.621439738915361	0.699904926309755	0.683905823195575
2	r4.2xlarge	16	122000	29593	15	100000000	100	630	0.621439738915361	0.699904926309755	0.683905823195575
2	r4.2xlarge	16	122000	29593	15	100000000	100	634	0.621439738915361	0.699904926309755	0.683905823195575
2	m4.2xlarge	16	64000	19353	5	200000000	25	942	0.73813508679461	0.917837907061713	0.817114731721182
2	m4.2xlarge	16	64000	19353	5	200000000	25	942	0.73813508679461	0.917837907061713	0.817114731721182
2	m4.2xlarge	16	64000	19353	5	200000000	25	944	0.73813508679461	0.917837907061713	0.817114731721182
2	m4.2xlarge	16	64000	19353	5	200000000	25	949	0.73813508679461	0.917837907061713	0.817114731721182
2	m4.2xlarge	16	64000	19353	5	200000000	25	951	0.73813508679461	0.917837907061713	0.817114731721182
2	r4.xlarge	8	61000	19353	5	200000000	25	1996	0.621758403741034	0.91340066266808	0.680859830691666
2	r4.xlarge	8	61000	19353	5	200000000	25	1997	0.621758403741034	0.91340066266808	0.680859830691666
2	r4.xlarge	8	61000	19353	5	200000000	25	2002	0.621758403741034	0.91340066266808	0.680859830691666
2	r4.xlarge	8	61000	19353	5	200000000	25	2002	0.621758403741034	0.91340066266808	0.680859830691666
2	r4.xlarge	8	61000	19353	5	200000000	25	2022	0.621758403741034	0.91340066266808	0.680859830691666
4	r4.2xlarge	32	244000	9730	5	100000000	1	94	0.621439738915361	0.699904926309755	0.683905823195575
4	r4.2xlarge	32	244000	9730	5	100000000	1	96	0.621439738915361	0.699904926309755	0.683905823195575
4	r4.2xlarge	32	244000	9730	5	100000000	1	96	0.621439738915361	0.699904926309755	0.683905823195575
4	r4.2xlarge	32	244000	9730	5	100000000	1	96	0.621439738915361	0.699904926309755	0.683905823195575
4	r4.2xlarge	32	244000	9730	5	100000000	1	98	0.621439738915361	0.699904926309755	0.683905823195575
4	r4.2xlarge	32	244000	9730	5	100000000	25	136	0.621439738915361	0.699904926309755	0.683905823195575
4	r4.2xlarge	32	244000	9730	5	100000000	25	140	0.621439738915361	0.699904926309755	0.683905823195575
4	r4.2xlarge	32	244000	9730	5	100000000	25	140	0.621439738915361	0.699904926309755	0.683905823195575
4	r4.2xlarge	32	244000	9730	5	100000000	25	140	0.621439738915361	0.699904926309755	0.683905823195575
4	r4.2xlarge	32	244000	9730	5	100000000	25	142	0.621439738915361	0.699904926309755	0.683905823195575
4	r4.2xlarge	32	244000	9730	5	100000000	50	170	0.621439738915361	0.699904926309755	0.683905823195575
4	r4.2xlarge	32	244000	9730	5	100000000	50	172	0.621439738915361	0.699904926309755	0.683905823195575
4	r4.2xlarge	32	244000	9730	5	100000000	50	172	0.621439738915361	0.699904926309755	0.683905823195575
4	r4.2xlarge	32	244000	9730	5	100000000	50	172	0.621439738915361	0.699904926309755	0.683905823195575
4	r4.2xlarge	32	244000	9730	5	100000000	50	178	0.621439738915361	0.699904926309755	0.683905823195575
4	r4.2xlarge	32	244000	9730	5	100000000	100	172	0.621439738915361	0.699904926309755	0.683905823195575
4	r4.2xlarge	32	244000	9730	5	100000000	100	174	0.621439738915361	0.699904926309755	0.683905823195575
4	r4.2xlarge	32	244000	9730	5	100000000	100	174	0.621439738915361	0.699904926309755	0.683905823195575
4	r4.2xlarge	32	244000	9730	5	100000000	100	176	0.621439738915361	0.699904926309755	0.683905823195575
4	r4.2xlarge	32	244000	9730	5	100000000	100	176	0.621439738915361	0.699904926309755	0.683905823195575
4	r4.2xlarge	32	244000	14540	5	150000000	1	126	0.621439738915361	0.699904926309755	0.683905823195575
4	r4.2xlarge	32	244000	14540	5	150000000	1	126	0.621439738915361	0.699904926309755	0.683905823195575
4	r4.2xlarge	32	244000	14540	5	150000000	1	126	0.621439738915361	0.699904926309755	0.683905823195575
4	r4.2xlarge	32	244000	14540	5	150000000	1	126	0.621439738915361	0.699904926309755	0.683905823195575
4	r4.2xlarge	32	244000	14540	5	150000000	1	126	0.621439738915361	0.699904926309755	0.683905823195575
4	r4.2xlarge	32	244000	14540	5	150000000	25	182	0.621439738915361	0.699904926309755	0.683905823195575
4	r4.2xlarge	32	244000	14540	5	150000000	25	182	0.621439738915361	0.699904926309755	0.683905823195575
4	r4.2xlarge	32	244000	14540	5	150000000	25	182	0.621439738915361	0.699904926309755	0.683905823195575
4	r4.2xlarge	32	244000	14540	5	150000000	25	184	0.621439738915361	0.699904926309755	0.683905823195575
4	r4.2xlarge	32	244000	14540	5	150000000	25	184	0.621439738915361	0.699904926309755	0.683905823195575
4	r4.2xlarge	32	244000	14540	5	150000000	50	234	0.621439738915361	0.699904926309755	0.683905823195575
4	r4.2xlarge	32	244000	14540	5	150000000	50	234	0.621439738915361	0.699904926309755	0.683905823195575
4	r4.2xlarge	32	244000	14540	5	150000000	50	236	0.621439738915361	0.699904926309755	0.683905823195575
4	r4.2xlarge	32	244000	14540	5	150000000	50	236	0.621439738915361	0.699904926309755	0.683905823195575
4	r4.2xlarge	32	244000	14540	5	150000000	50	238	0.621439738915361	0.699904926309755	0.683905823195575
4	r4.2xlarge	32	244000	14540	5	150000000	100	232	0.621439738915361	0.699904926309755	0.683905823195575
4	r4.2xlarge	32	244000	14540	5	150000000	100	232	0.621439738915361	0.699904926309755	0.683905823195575
4	r4.2xlarge	32	244000	14540	5	150000000	100	234	0.621439738915361	0.699904926309755	0.683905823195575
4	r4.2xlarge	32	244000	14540	5	150000000	100	236	0.621439738915361	0.699904926309755	0.683905823195575
4	r4.2xlarge	32	244000	14540	5	150000000	100	236	0.621439738915361	0.699904926309755	0.683905823195575
4	r4.2xlarge	32	244000	19353	5	200000000	1	152	0.621439738915361	0.699904926309755	0.683905823195575
4	r4.2xlarge	32	244000	19353	5	200000000	1	154	0.621439738915361	0.699904926309755	0.683905823195575
4	r4.2xlarge	32	244000	19353	5	200000000	1	154	0.621439738915361	0.699904926309755	0.683905823195575
4	r4.2xlarge	32	244000	19353	5	200000000	1	156	0.621439738915361	0.699904926309755	0.683905823195575
4	r4.2xlarge	32	244000	19353	5	200000000	1	156	0.621439738915361	0.699904926309755	0.683905823195575
4	r4.2xlarge	32	244000	19353	5	200000000	25	228	0.621439738915361	0.699904926309755	0.683905823195575
4	r4.2xlarge	32	244000	19353	5	200000000	25	230	0.621439738915361	0.699904926309755	0.683905823195575
4	r4.2xlarge	32	244000	19353	5	200000000	25	230	0.621439738915361	0.699904926309755	0.683905823195575
4	r4.2xlarge	32	244000	19353	5	200000000	25	230	0.621439738915361	0.699904926309755	0.683905823195575
4	r4.2xlarge	32	244000	19353	5	200000000	25	232	0.621439738915361	0.699904926309755	0.683905823195575
4	r4.2xlarge	32	244000	19353	5	200000000	50	300	0.621439738915361	0.699904926309755	0.683905823195575
4	r4.2xlarge	32	244000	19353	5	200000000	50	300	0.621439738915361	0.699904926309755	0.683905823195575
4	r4.2xlarge	32	244000	19353	5	200000000	50	300	0.621439738915361	0.699904926309755	0.683905823195575
4	r4.2xlarge	32	244000	19353	5	200000000	50	302	0.621439738915361	0.699904926309755	0.683905823195575
4	r4.2xlarge	32	244000	19353	5	200000000	50	312	0.621439738915361	0.699904926309755	0.683905823195575
4	r4.2xlarge	32	244000	19353	5	200000000	100	300	0.621439738915361	0.699904926309755	0.683905823195575
4	r4.2xlarge	32	244000	19353	5	200000000	100	302	0.621439738915361	0.699904926309755	0.683905823195575
4	r4.2xlarge	32	244000	19353	5	200000000	100	302	0.621439738915361	0.699904926309755	0.683905823195575
4	r4.2xlarge	32	244000	19353	5	200000000	100	304	0.621439738915361	0.699904926309755	0.683905823195575
4	r4.2xlarge	32	244000	19353	5	200000000	100	304	0.621439738915361	0.699904926309755	0.683905823195575
4	r4.2xlarge	32	244000	19558	10	100000000	1	128	0.621439738915361	0.699904926309755	0.683905823195575
4	r4.2xlarge	32	244000	19558	10	100000000	1	130	0.621439738915361	0.699904926309755	0.683905823195575
4	r4.2xlarge	32	244000	19558	10	100000000	1	130	0.621439738915361	0.699904926309755	0.683905823195575
4	r4.2xlarge	32	244000	19558	10	100000000	1	130	0.621439738915361	0.699904926309755	0.683905823195575
4	r4.2xlarge	32	244000	19558	10	100000000	1	130	0.621439738915361	0.699904926309755	0.683905823195575
4	r4.2xlarge	32	244000	19558	10	100000000	25	174	0.621439738915361	0.699904926309755	0.683905823195575
4	r4.2xlarge	32	244000	19558	10	100000000	25	174	0.621439738915361	0.699904926309755	0.683905823195575
4	r4.2xlarge	32	244000	19558	10	100000000	25	176	0.621439738915361	0.699904926309755	0.683905823195575
4	r4.2xlarge	32	244000	19558	10	100000000	25	176	0.621439738915361	0.699904926309755	0.683905823195575
4	r4.2xlarge	32	244000	19558	10	100000000	25	176	0.621439738915361	0.699904926309755	0.683905823195575
4	r4.2xlarge	32	244000	19558	10	100000000	50	190	0.621439738915361	0.699904926309755	0.683905823195575
4	r4.2xlarge	32	244000	19558	10	100000000	50	192	0.621439738915361	0.699904926309755	0.683905823195575
4	r4.2xlarge	32	244000	19558	10	100000000	50	194	0.621439738915361	0.699904926309755	0.683905823195575
4	r4.2xlarge	32	244000	19558	10	100000000	50	194	0.621439738915361	0.699904926309755	0.683905823195575
4	r4.2xlarge	32	244000	19558	10	100000000	50	194	0.621439738915361	0.699904926309755	0.683905823195575
4	r4.2xlarge	32	244000	19558	10	100000000	100	190	0.621439738915361	0.699904926309755	0.683905823195575
4	r4.2xlarge	32	244000	19558	10	100000000	100	190	0.621439738915361	0.699904926309755	0.683905823195575
4	r4.2xlarge	32	244000	19558	10	100000000	100	192	0.621439738915361	0.699904926309755	0.683905823195575
4	r4.2xlarge	32	244000	19558	10	100000000	100	192	0.621439738915361	0.699904926309755	0.683905823195575
4	r4.2xlarge	32	244000	19558	10	100000000	100	198	0.621439738915361	0.699904926309755	0.683905823195575
4	r4.2xlarge	32	244000	24268	5	250000000	1	184	0.621439738915361	0.699904926309755	0.683905823195575
4	r4.2xlarge	32	244000	24268	5	250000000	1	184	0.621439738915361	0.699904926309755	0.683905823195575
4	r4.2xlarge	32	244000	24268	5	250000000	1	184	0.621439738915361	0.699904926309755	0.683905823195575
4	r4.2xlarge	32	244000	24268	5	250000000	1	186	0.621439738915361	0.699904926309755	0.683905823195575
4	r4.2xlarge	32	244000	24268	5	250000000	1	186	0.621439738915361	0.699904926309755	0.683905823195575
4	r4.2xlarge	32	244000	24268	5	250000000	25	276	0.621439738915361	0.699904926309755	0.683905823195575
4	r4.2xlarge	32	244000	24268	5	250000000	25	278	0.621439738915361	0.699904926309755	0.683905823195575
4	r4.2xlarge	32	244000	24268	5	250000000	25	278	0.621439738915361	0.699904926309755	0.683905823195575
4	r4.2xlarge	32	244000	24268	5	250000000	25	278	0.621439738915361	0.699904926309755	0.683905823195575
4	r4.2xlarge	32	244000	24268	5	250000000	25	278	0.621439738915361	0.699904926309755	0.683905823195575
4	r4.2xlarge	32	244000	24268	5	250000000	50	364	0.621439738915361	0.699904926309755	0.683905823195575
4	r4.2xlarge	32	244000	24268	5	250000000	50	368	0.621439738915361	0.699904926309755	0.683905823195575
4	r4.2xlarge	32	244000	24268	5	250000000	50	368	0.621439738915361	0.699904926309755	0.683905823195575
4	r4.2xlarge	32	244000	24268	5	250000000	50	370	0.621439738915361	0.699904926309755	0.683905823195575
4	r4.2xlarge	32	244000	24268	5	250000000	50	372	0.621439738915361	0.699904926309755	0.683905823195575
4	r4.2xlarge	32	244000	24268	5	250000000	100	366	0.621439738915361	0.699904926309755	0.683905823195575
4	r4.2xlarge	32	244000	24268	5	250000000	100	366	0.621439738915361	0.699904926309755	0.683905823195575
4	r4.2xlarge	32	244000	24268	5	250000000	100	366	0.621439738915361	0.699904926309755	0.683905823195575
4	r4.2xlarge	32	244000	24268	5	250000000	100	366	0.621439738915361	0.699904926309755	0.683905823195575
4	r4.2xlarge	32	244000	24268	5	250000000	100	368	0.621439738915361	0.699904926309755	0.683905823195575
4	r4.2xlarge	32	244000	29081	5	300000000	1	210	0.621439738915361	0.699904926309755	0.683905823195575
4	r4.2xlarge	32	244000	29081	5	300000000	1	210	0.621439738915361	0.699904926309755	0.683905823195575
4	r4.2xlarge	32	244000	29081	5	300000000	1	212	0.621439738915361	0.699904926309755	0.683905823195575
4	r4.2xlarge	32	244000	29081	5	300000000	1	212	0.621439738915361	0.699904926309755	0.683905823195575
4	r4.2xlarge	32	244000	29081	5	300000000	1	212	0.621439738915361	0.699904926309755	0.683905823195575
4	r4.2xlarge	32	244000	29081	5	300000000	25	322	0.621439738915361	0.699904926309755	0.683905823195575
4	r4.2xlarge	32	244000	29081	5	300000000	25	322	0.621439738915361	0.699904926309755	0.683905823195575
4	r4.2xlarge	32	244000	29081	5	300000000	25	324	0.621439738915361	0.699904926309755	0.683905823195575
4	r4.2xlarge	32	244000	29081	5	300000000	25	326	0.621439738915361	0.699904926309755	0.683905823195575
4	r4.2xlarge	32	244000	29081	5	300000000	25	326	0.621439738915361	0.699904926309755	0.683905823195575
4	r4.2xlarge	32	244000	29081	5	300000000	50	430	0.621439738915361	0.699904926309755	0.683905823195575
4	r4.2xlarge	32	244000	29081	5	300000000	50	430	0.621439738915361	0.699904926309755	0.683905823195575
4	r4.2xlarge	32	244000	29081	5	300000000	50	434	0.621439738915361	0.699904926309755	0.683905823195575
4	r4.2xlarge	32	244000	29081	5	300000000	50	436	0.621439738915361	0.699904926309755	0.683905823195575
4	r4.2xlarge	32	244000	29081	5	300000000	50	438	0.621439738915361	0.699904926309755	0.683905823195575
4	r4.2xlarge	32	244000	29081	5	300000000	100	428	0.621439738915361	0.699904926309755	0.683905823195575
4	r4.2xlarge	32	244000	29081	5	300000000	100	428	0.621439738915361	0.699904926309755	0.683905823195575
4	r4.2xlarge	32	244000	29081	5	300000000	100	432	0.621439738915361	0.699904926309755	0.683905823195575
4	r4.2xlarge	32	244000	29081	5	300000000	100	436	0.621439738915361	0.699904926309755	0.683905823195575
4	r4.2xlarge	32	244000	29081	5	300000000	100	436	0.621439738915361	0.699904926309755	0.683905823195575
4	r4.2xlarge	32	244000	29593	15	100000000	1	162	0.621439738915361	0.699904926309755	0.683905823195575
4	r4.2xlarge	32	244000	29593	15	100000000	1	162	0.621439738915361	0.699904926309755	0.683905823195575
4	r4.2xlarge	32	244000	29593	15	100000000	1	164	0.621439738915361	0.699904926309755	0.683905823195575
4	r4.2xlarge	32	244000	29593	15	100000000	1	166	0.621439738915361	0.699904926309755	0.683905823195575
4	r4.2xlarge	32	244000	29593	15	100000000	1	166	0.621439738915361	0.699904926309755	0.683905823195575
4	r4.2xlarge	32	244000	29593	15	100000000	25	210	0.621439738915361	0.699904926309755	0.683905823195575
4	r4.2xlarge	32	244000	29593	15	100000000	25	210	0.621439738915361	0.699904926309755	0.683905823195575
4	r4.2xlarge	32	244000	29593	15	100000000	25	210	0.621439738915361	0.699904926309755	0.683905823195575
4	r4.2xlarge	32	244000	29593	15	100000000	25	212	0.621439738915361	0.699904926309755	0.683905823195575
4	r4.2xlarge	32	244000	29593	15	100000000	25	218	0.621439738915361	0.699904926309755	0.683905823195575
4	r4.2xlarge	32	244000	29593	15	100000000	50	242	0.621439738915361	0.699904926309755	0.683905823195575
4	r4.2xlarge	32	244000	29593	15	100000000	50	244	0.621439738915361	0.699904926309755	0.683905823195575
4	r4.2xlarge	32	244000	29593	15	100000000	50	244	0.621439738915361	0.699904926309755	0.683905823195575
4	r4.2xlarge	32	244000	29593	15	100000000	50	246	0.621439738915361	0.699904926309755	0.683905823195575
4	r4.2xlarge	32	244000	29593	15	100000000	50	246	0.621439738915361	0.699904926309755	0.683905823195575
4	r4.2xlarge	32	244000	29593	15	100000000	100	240	0.621439738915361	0.699904926309755	0.683905823195575
4	r4.2xlarge	32	244000	29593	15	100000000	100	242	0.621439738915361	0.699904926309755	0.683905823195575
4	r4.2xlarge	32	244000	29593	15	100000000	100	242	0.621439738915361	0.699904926309755	0.683905823195575
4	r4.2xlarge	32	244000	29593	15	100000000	100	242	0.621439738915361	0.699904926309755	0.683905823195575
4	r4.2xlarge	32	244000	29593	15	100000000	100	248	0.621439738915361	0.699904926309755	0.683905823195575
4	m4.2xlarge	32	128000	19353	5	200000000	25	262	0.73813508679461	0.917837907061713	0.817114731721182
4	m4.2xlarge	32	128000	19353	5	200000000	25	266	0.73813508679461	0.917837907061713	0.817114731721182
4	m4.2xlarge	32	128000	19353	5	200000000	25	266	0.73813508679461	0.917837907061713	0.817114731721182
4	m4.2xlarge	32	128000	19353	5	200000000	25	280	0.73813508679461	0.917837907061713	0.817114731721182
4	m4.2xlarge	32	128000	19353	5	200000000	25	360	0.73813508679461	0.917837907061713	0.817114731721182
4	r4.xlarge	16	122000	19353	5	200000000	25	644	0.621758403741034	0.91340066266808	0.680859830691666
4	r4.xlarge	16	122000	19353	5	200000000	25	644	0.621758403741034	0.91340066266808	0.680859830691666
4	r4.xlarge	16	122000	19353	5	200000000	25	664	0.621758403741034	0.91340066266808	0.680859830691666
4	r4.xlarge	16	122000	19353	5	200000000	25	674	0.621758403741034	0.91340066266808	0.680859830691666
4	r4.xlarge	16	122000	19353	5	200000000	25	696	0.621758403741034	0.91340066266808	0.680859830691666
6	r4.2xlarge	48	366000	9730	5	100000000	1	72	0.621439738915361	0.699904926309755	0.683905823195575
6	r4.2xlarge	48	366000	9730	5	100000000	1	72	0.621439738915361	0.699904926309755	0.683905823195575
6	r4.2xlarge	48	366000	9730	5	100000000	1	72	0.621439738915361	0.699904926309755	0.683905823195575
6	r4.2xlarge	48	366000	9730	5	100000000	1	74	0.621439738915361	0.699904926309755	0.683905823195575
6	r4.2xlarge	48	366000	9730	5	100000000	1	74	0.621439738915361	0.699904926309755	0.683905823195575
6	r4.2xlarge	48	366000	9730	5	100000000	25	96	0.621439738915361	0.699904926309755	0.683905823195575
6	r4.2xlarge	48	366000	9730	5	100000000	25	98	0.621439738915361	0.699904926309755	0.683905823195575
6	r4.2xlarge	48	366000	9730	5	100000000	25	98	0.621439738915361	0.699904926309755	0.683905823195575
6	r4.2xlarge	48	366000	9730	5	100000000	25	98	0.621439738915361	0.699904926309755	0.683905823195575
6	r4.2xlarge	48	366000	9730	5	100000000	25	100	0.621439738915361	0.699904926309755	0.683905823195575
6	r4.2xlarge	48	366000	9730	5	100000000	50	120	0.621439738915361	0.699904926309755	0.683905823195575
6	r4.2xlarge	48	366000	9730	5	100000000	50	120	0.621439738915361	0.699904926309755	0.683905823195575
6	r4.2xlarge	48	366000	9730	5	100000000	50	122	0.621439738915361	0.699904926309755	0.683905823195575
6	r4.2xlarge	48	366000	9730	5	100000000	50	122	0.621439738915361	0.699904926309755	0.683905823195575
6	r4.2xlarge	48	366000	9730	5	100000000	50	124	0.621439738915361	0.699904926309755	0.683905823195575
6	r4.2xlarge	48	366000	9730	5	100000000	100	120	0.621439738915361	0.699904926309755	0.683905823195575
6	r4.2xlarge	48	366000	9730	5	100000000	100	120	0.621439738915361	0.699904926309755	0.683905823195575
6	r4.2xlarge	48	366000	9730	5	100000000	100	122	0.621439738915361	0.699904926309755	0.683905823195575
6	r4.2xlarge	48	366000	9730	5	100000000	100	122	0.621439738915361	0.699904926309755	0.683905823195575
6	r4.2xlarge	48	366000	9730	5	100000000	100	122	0.621439738915361	0.699904926309755	0.683905823195575
6	r4.2xlarge	48	366000	14540	5	150000000	1	90	0.621439738915361	0.699904926309755	0.683905823195575
6	r4.2xlarge	48	366000	14540	5	150000000	1	90	0.621439738915361	0.699904926309755	0.683905823195575
6	r4.2xlarge	48	366000	14540	5	150000000	1	90	0.621439738915361	0.699904926309755	0.683905823195575
6	r4.2xlarge	48	366000	14540	5	150000000	1	90	0.621439738915361	0.699904926309755	0.683905823195575
6	r4.2xlarge	48	366000	14540	5	150000000	1	90	0.621439738915361	0.699904926309755	0.683905823195575
6	r4.2xlarge	48	366000	14540	5	150000000	25	124	0.621439738915361	0.699904926309755	0.683905823195575
6	r4.2xlarge	48	366000	14540	5	150000000	25	126	0.621439738915361	0.699904926309755	0.683905823195575
6	r4.2xlarge	48	366000	14540	5	150000000	25	126	0.621439738915361	0.699904926309755	0.683905823195575
6	r4.2xlarge	48	366000	14540	5	150000000	25	126	0.621439738915361	0.699904926309755	0.683905823195575
6	r4.2xlarge	48	366000	14540	5	150000000	25	130	0.621439738915361	0.699904926309755	0.683905823195575
6	r4.2xlarge	48	366000	14540	5	150000000	50	158	0.621439738915361	0.699904926309755	0.683905823195575
6	r4.2xlarge	48	366000	14540	5	150000000	50	158	0.621439738915361	0.699904926309755	0.683905823195575
6	r4.2xlarge	48	366000	14540	5	150000000	50	158	0.621439738915361	0.699904926309755	0.683905823195575
6	r4.2xlarge	48	366000	14540	5	150000000	50	160	0.621439738915361	0.699904926309755	0.683905823195575
6	r4.2xlarge	48	366000	14540	5	150000000	50	160	0.621439738915361	0.699904926309755	0.683905823195575
6	r4.2xlarge	48	366000	14540	5	150000000	100	156	0.621439738915361	0.699904926309755	0.683905823195575
6	r4.2xlarge	48	366000	14540	5	150000000	100	156	0.621439738915361	0.699904926309755	0.683905823195575
6	r4.2xlarge	48	366000	14540	5	150000000	100	158	0.621439738915361	0.699904926309755	0.683905823195575
6	r4.2xlarge	48	366000	14540	5	150000000	100	158	0.621439738915361	0.699904926309755	0.683905823195575
6	r4.2xlarge	48	366000	14540	5	150000000	100	160	0.621439738915361	0.699904926309755	0.683905823195575
6	r4.2xlarge	48	366000	19353	5	200000000	1	104	0.621439738915361	0.699904926309755	0.683905823195575
6	r4.2xlarge	48	366000	19353	5	200000000	1	106	0.621439738915361	0.699904926309755	0.683905823195575
6	r4.2xlarge	48	366000	19353	5	200000000	1	106	0.621439738915361	0.699904926309755	0.683905823195575
6	r4.2xlarge	48	366000	19353	5	200000000	1	106	0.621439738915361	0.699904926309755	0.683905823195575
6	r4.2xlarge	48	366000	19353	5	200000000	1	106	0.621439738915361	0.699904926309755	0.683905823195575
6	r4.2xlarge	48	366000	19353	5	200000000	25	152	0.621439738915361	0.699904926309755	0.683905823195575
6	r4.2xlarge	48	366000	19353	5	200000000	25	152	0.621439738915361	0.699904926309755	0.683905823195575
6	r4.2xlarge	48	366000	19353	5	200000000	25	154	0.621439738915361	0.699904926309755	0.683905823195575
6	r4.2xlarge	48	366000	19353	5	200000000	25	154	0.621439738915361	0.699904926309755	0.683905823195575
6	r4.2xlarge	48	366000	19353	5	200000000	25	154	0.621439738915361	0.699904926309755	0.683905823195575
6	r4.2xlarge	48	366000	19353	5	200000000	50	194	0.621439738915361	0.699904926309755	0.683905823195575
6	r4.2xlarge	48	366000	19353	5	200000000	50	196	0.621439738915361	0.699904926309755	0.683905823195575
6	r4.2xlarge	48	366000	19353	5	200000000	50	196	0.621439738915361	0.699904926309755	0.683905823195575
6	r4.2xlarge	48	366000	19353	5	200000000	50	198	0.621439738915361	0.699904926309755	0.683905823195575
6	r4.2xlarge	48	366000	19353	5	200000000	50	198	0.621439738915361	0.699904926309755	0.683905823195575
6	r4.2xlarge	48	366000	19353	5	200000000	100	196	0.621439738915361	0.699904926309755	0.683905823195575
6	r4.2xlarge	48	366000	19353	5	200000000	100	196	0.621439738915361	0.699904926309755	0.683905823195575
6	r4.2xlarge	48	366000	19353	5	200000000	100	196	0.621439738915361	0.699904926309755	0.683905823195575
6	r4.2xlarge	48	366000	19353	5	200000000	100	196	0.621439738915361	0.699904926309755	0.683905823195575
6	r4.2xlarge	48	366000	19353	5	200000000	100	198	0.621439738915361	0.699904926309755	0.683905823195575
6	r4.2xlarge	48	366000	19558	10	100000000	1	92	0.621439738915361	0.699904926309755	0.683905823195575
6	r4.2xlarge	48	366000	19558	10	100000000	1	92	0.621439738915361	0.699904926309755	0.683905823195575
6	r4.2xlarge	48	366000	19558	10	100000000	1	92	0.621439738915361	0.699904926309755	0.683905823195575
6	r4.2xlarge	48	366000	19558	10	100000000	1	92	0.621439738915361	0.699904926309755	0.683905823195575
6	r4.2xlarge	48	366000	19558	10	100000000	1	92	0.621439738915361	0.699904926309755	0.683905823195575
6	r4.2xlarge	48	366000	19558	10	100000000	25	120	0.621439738915361	0.699904926309755	0.683905823195575
6	r4.2xlarge	48	366000	19558	10	100000000	25	122	0.621439738915361	0.699904926309755	0.683905823195575
6	r4.2xlarge	48	366000	19558	10	100000000	25	122	0.621439738915361	0.699904926309755	0.683905823195575
6	r4.2xlarge	48	366000	19558	10	100000000	25	122	0.621439738915361	0.699904926309755	0.683905823195575
6	r4.2xlarge	48	366000	19558	10	100000000	25	122	0.621439738915361	0.699904926309755	0.683905823195575
6	r4.2xlarge	48	366000	19558	10	100000000	50	132	0.621439738915361	0.699904926309755	0.683905823195575
6	r4.2xlarge	48	366000	19558	10	100000000	50	132	0.621439738915361	0.699904926309755	0.683905823195575
6	r4.2xlarge	48	366000	19558	10	100000000	50	132	0.621439738915361	0.699904926309755	0.683905823195575
6	r4.2xlarge	48	366000	19558	10	100000000	50	132	0.621439738915361	0.699904926309755	0.683905823195575
6	r4.2xlarge	48	366000	19558	10	100000000	50	134	0.621439738915361	0.699904926309755	0.683905823195575
6	r4.2xlarge	48	366000	19558	10	100000000	100	132	0.621439738915361	0.699904926309755	0.683905823195575
6	r4.2xlarge	48	366000	19558	10	100000000	100	132	0.621439738915361	0.699904926309755	0.683905823195575
6	r4.2xlarge	48	366000	19558	10	100000000	100	134	0.621439738915361	0.699904926309755	0.683905823195575
6	r4.2xlarge	48	366000	19558	10	100000000	100	134	0.621439738915361	0.699904926309755	0.683905823195575
6	r4.2xlarge	48	366000	19558	10	100000000	100	134	0.621439738915361	0.699904926309755	0.683905823195575
6	r4.2xlarge	48	366000	24268	5	250000000	1	124	0.621439738915361	0.699904926309755	0.683905823195575
6	r4.2xlarge	48	366000	24268	5	250000000	1	124	0.621439738915361	0.699904926309755	0.683905823195575
6	r4.2xlarge	48	366000	24268	5	250000000	1	124	0.621439738915361	0.699904926309755	0.683905823195575
6	r4.2xlarge	48	366000	24268	5	250000000	1	124	0.621439738915361	0.699904926309755	0.683905823195575
6	r4.2xlarge	48	366000	24268	5	250000000	1	126	0.621439738915361	0.699904926309755	0.683905823195575
6	r4.2xlarge	48	366000	24268	5	250000000	25	182	0.621439738915361	0.699904926309755	0.683905823195575
6	r4.2xlarge	48	366000	24268	5	250000000	25	182	0.621439738915361	0.699904926309755	0.683905823195575
6	r4.2xlarge	48	366000	24268	5	250000000	25	182	0.621439738915361	0.699904926309755	0.683905823195575
6	r4.2xlarge	48	366000	24268	5	250000000	25	184	0.621439738915361	0.699904926309755	0.683905823195575
6	r4.2xlarge	48	366000	24268	5	250000000	25	184	0.621439738915361	0.699904926309755	0.683905823195575
6	r4.2xlarge	48	366000	24268	5	250000000	50	234	0.621439738915361	0.699904926309755	0.683905823195575
6	r4.2xlarge	48	366000	24268	5	250000000	50	234	0.621439738915361	0.699904926309755	0.683905823195575
6	r4.2xlarge	48	366000	24268	5	250000000	50	236	0.621439738915361	0.699904926309755	0.683905823195575
6	r4.2xlarge	48	366000	24268	5	250000000	50	236	0.621439738915361	0.699904926309755	0.683905823195575
6	r4.2xlarge	48	366000	24268	5	250000000	50	238	0.621439738915361	0.699904926309755	0.683905823195575
6	r4.2xlarge	48	366000	24268	5	250000000	100	232	0.621439738915361	0.699904926309755	0.683905823195575
6	r4.2xlarge	48	366000	24268	5	250000000	100	234	0.621439738915361	0.699904926309755	0.683905823195575
6	r4.2xlarge	48	366000	24268	5	250000000	100	236	0.621439738915361	0.699904926309755	0.683905823195575
6	r4.2xlarge	48	366000	24268	5	250000000	100	240	0.621439738915361	0.699904926309755	0.683905823195575
6	r4.2xlarge	48	366000	24268	5	250000000	100	240	0.621439738915361	0.699904926309755	0.683905823195575
6	r4.2xlarge	48	366000	29081	5	300000000	1	142	0.621439738915361	0.699904926309755	0.683905823195575
6	r4.2xlarge	48	366000	29081	5	300000000	1	142	0.621439738915361	0.699904926309755	0.683905823195575
6	r4.2xlarge	48	366000	29081	5	300000000	1	142	0.621439738915361	0.699904926309755	0.683905823195575
6	r4.2xlarge	48	366000	29081	5	300000000	1	142	0.621439738915361	0.699904926309755	0.683905823195575
6	r4.2xlarge	48	366000	29081	5	300000000	1	144	0.621439738915361	0.699904926309755	0.683905823195575
6	r4.2xlarge	48	366000	29081	5	300000000	25	208	0.621439738915361	0.699904926309755	0.683905823195575
6	r4.2xlarge	48	366000	29081	5	300000000	25	210	0.621439738915361	0.699904926309755	0.683905823195575
6	r4.2xlarge	48	366000	29081	5	300000000	25	210	0.621439738915361	0.699904926309755	0.683905823195575
6	r4.2xlarge	48	366000	29081	5	300000000	25	210	0.621439738915361	0.699904926309755	0.683905823195575
6	r4.2xlarge	48	366000	29081	5	300000000	25	212	0.621439738915361	0.699904926309755	0.683905823195575
6	r4.2xlarge	48	366000	29081	5	300000000	50	270	0.621439738915361	0.699904926309755	0.683905823195575
6	r4.2xlarge	48	366000	29081	5	300000000	50	274	0.621439738915361	0.699904926309755	0.683905823195575
6	r4.2xlarge	48	366000	29081	5	300000000	50	274	0.621439738915361	0.699904926309755	0.683905823195575
6	r4.2xlarge	48	366000	29081	5	300000000	50	274	0.621439738915361	0.699904926309755	0.683905823195575
6	r4.2xlarge	48	366000	29081	5	300000000	50	278	0.621439738915361	0.699904926309755	0.683905823195575
6	r4.2xlarge	48	366000	29081	5	300000000	100	270	0.621439738915361	0.699904926309755	0.683905823195575
6	r4.2xlarge	48	366000	29081	5	300000000	100	274	0.621439738915361	0.699904926309755	0.683905823195575
6	r4.2xlarge	48	366000	29081	5	300000000	100	274	0.621439738915361	0.699904926309755	0.683905823195575
6	r4.2xlarge	48	366000	29081	5	300000000	100	274	0.621439738915361	0.699904926309755	0.683905823195575
6	r4.2xlarge	48	366000	29081	5	300000000	100	276	0.621439738915361	0.699904926309755	0.683905823195575
6	r4.2xlarge	48	366000	29593	15	100000000	1	112	0.621439738915361	0.699904926309755	0.683905823195575
6	r4.2xlarge	48	366000	29593	15	100000000	1	112	0.621439738915361	0.699904926309755	0.683905823195575
6	r4.2xlarge	48	366000	29593	15	100000000	1	112	0.621439738915361	0.699904926309755	0.683905823195575
6	r4.2xlarge	48	366000	29593	15	100000000	1	114	0.621439738915361	0.699904926309755	0.683905823195575
6	r4.2xlarge	48	366000	29593	15	100000000	1	114	0.621439738915361	0.699904926309755	0.683905823195575
6	r4.2xlarge	48	366000	29593	15	100000000	25	144	0.621439738915361	0.699904926309755	0.683905823195575
6	r4.2xlarge	48	366000	29593	15	100000000	25	144	0.621439738915361	0.699904926309755	0.683905823195575
6	r4.2xlarge	48	366000	29593	15	100000000	25	146	0.621439738915361	0.699904926309755	0.683905823195575
6	r4.2xlarge	48	366000	29593	15	100000000	25	146	0.621439738915361	0.699904926309755	0.683905823195575
6	r4.2xlarge	48	366000	29593	15	100000000	25	146	0.621439738915361	0.699904926309755	0.683905823195575
6	r4.2xlarge	48	366000	29593	15	100000000	50	164	0.621439738915361	0.699904926309755	0.683905823195575
6	r4.2xlarge	48	366000	29593	15	100000000	50	164	0.621439738915361	0.699904926309755	0.683905823195575
6	r4.2xlarge	48	366000	29593	15	100000000	50	164	0.621439738915361	0.699904926309755	0.683905823195575
6	r4.2xlarge	48	366000	29593	15	100000000	50	164	0.621439738915361	0.699904926309755	0.683905823195575
6	r4.2xlarge	48	366000	29593	15	100000000	50	166	0.621439738915361	0.699904926309755	0.683905823195575
6	r4.2xlarge	48	366000	29593	15	100000000	100	164	0.621439738915361	0.699904926309755	0.683905823195575
6	r4.2xlarge	48	366000	29593	15	100000000	100	164	0.621439738915361	0.699904926309755	0.683905823195575
6	r4.2xlarge	48	366000	29593	15	100000000	100	166	0.621439738915361	0.699904926309755	0.683905823195575
6	r4.2xlarge	48	366000	29593	15	100000000	100	166	0.621439738915361	0.699904926309755	0.683905823195575
6	r4.2xlarge	48	366000	29593	15	100000000	100	166	0.621439738915361	0.699904926309755	0.683905823195575
6	m4.2xlarge	48	192000	19353	5	200000000	25	166	0.73813508679461	0.917837907061713	0.817114731721182
6	m4.2xlarge	48	192000	19353	5	200000000	25	168	0.73813508679461	0.917837907061713	0.817114731721182
6	m4.2xlarge	48	192000	19353	5	200000000	25	168	0.73813508679461	0.917837907061713	0.817114731721182
6	m4.2xlarge	48	192000	19353	5	200000000	25	170	0.73813508679461	0.917837907061713	0.817114731721182
6	m4.2xlarge	48	192000	19353	5	200000000	25	170	0.73813508679461	0.917837907061713	0.817114731721182
6	r4.xlarge	24	183000	19353	5	200000000	25	310	0.621758403741034	0.91340066266808	0.680859830691666
6	r4.xlarge	24	183000	19353	5	200000000	25	310	0.621758403741034	0.91340066266808	0.680859830691666
6	r4.xlarge	24	183000	19353	5	200000000	25	312	0.621758403741034	0.91340066266808	0.680859830691666
6	r4.xlarge	24	183000	19353	5	200000000	25	318	0.621758403741034	0.91340066266808	0.680859830691666
6	r4.xlarge	24	183000	19353	5	200000000	25	320	0.621758403741034	0.91340066266808	0.680859830691666
8	r4.2xlarge	64	488000	9730	5	100000000	1	62	0.621439738915361	0.699904926309755	0.683905823195575
8	r4.2xlarge	64	488000	9730	5	100000000	1	64	0.621439738915361	0.699904926309755	0.683905823195575
8	r4.2xlarge	64	488000	9730	5	100000000	1	64	0.621439738915361	0.699904926309755	0.683905823195575
8	r4.2xlarge	64	488000	9730	5	100000000	1	64	0.621439738915361	0.699904926309755	0.683905823195575
8	r4.2xlarge	64	488000	9730	5	100000000	1	66	0.621439738915361	0.699904926309755	0.683905823195575
8	r4.2xlarge	64	488000	9730	5	100000000	25	84	0.621439738915361	0.699904926309755	0.683905823195575
8	r4.2xlarge	64	488000	9730	5	100000000	25	84	0.621439738915361	0.699904926309755	0.683905823195575
8	r4.2xlarge	64	488000	9730	5	100000000	25	86	0.621439738915361	0.699904926309755	0.683905823195575
8	r4.2xlarge	64	488000	9730	5	100000000	25	86	0.621439738915361	0.699904926309755	0.683905823195575
8	r4.2xlarge	64	488000	9730	5	100000000	25	86	0.621439738915361	0.699904926309755	0.683905823195575
8	r4.2xlarge	64	488000	9730	5	100000000	50	102	0.621439738915361	0.699904926309755	0.683905823195575
8	r4.2xlarge	64	488000	9730	5	100000000	50	102	0.621439738915361	0.699904926309755	0.683905823195575
8	r4.2xlarge	64	488000	9730	5	100000000	50	104	0.621439738915361	0.699904926309755	0.683905823195575
8	r4.2xlarge	64	488000	9730	5	100000000	50	104	0.621439738915361	0.699904926309755	0.683905823195575
8	r4.2xlarge	64	488000	9730	5	100000000	50	104	0.621439738915361	0.699904926309755	0.683905823195575
8	r4.2xlarge	64	488000	9730	5	100000000	100	102	0.621439738915361	0.699904926309755	0.683905823195575
8	r4.2xlarge	64	488000	9730	5	100000000	100	102	0.621439738915361	0.699904926309755	0.683905823195575
8	r4.2xlarge	64	488000	9730	5	100000000	100	102	0.621439738915361	0.699904926309755	0.683905823195575
8	r4.2xlarge	64	488000	9730	5	100000000	100	102	0.621439738915361	0.699904926309755	0.683905823195575
8	r4.2xlarge	64	488000	9730	5	100000000	100	106	0.621439738915361	0.699904926309755	0.683905823195575
8	r4.2xlarge	64	488000	14540	5	150000000	1	74	0.621439738915361	0.699904926309755	0.683905823195575
8	r4.2xlarge	64	488000	14540	5	150000000	1	74	0.621439738915361	0.699904926309755	0.683905823195575
8	r4.2xlarge	64	488000	14540	5	150000000	1	76	0.621439738915361	0.699904926309755	0.683905823195575
8	r4.2xlarge	64	488000	14540	5	150000000	1	76	0.621439738915361	0.699904926309755	0.683905823195575
8	r4.2xlarge	64	488000	14540	5	150000000	1	78	0.621439738915361	0.699904926309755	0.683905823195575
8	r4.2xlarge	64	488000	14540	5	150000000	25	104	0.621439738915361	0.699904926309755	0.683905823195575
8	r4.2xlarge	64	488000	14540	5	150000000	25	104	0.621439738915361	0.699904926309755	0.683905823195575
8	r4.2xlarge	64	488000	14540	5	150000000	25	106	0.621439738915361	0.699904926309755	0.683905823195575
8	r4.2xlarge	64	488000	14540	5	150000000	25	106	0.621439738915361	0.699904926309755	0.683905823195575
8	r4.2xlarge	64	488000	14540	5	150000000	25	108	0.621439738915361	0.699904926309755	0.683905823195575
8	r4.2xlarge	64	488000	14540	5	150000000	50	126	0.621439738915361	0.699904926309755	0.683905823195575
8	r4.2xlarge	64	488000	14540	5	150000000	50	128	0.621439738915361	0.699904926309755	0.683905823195575
8	r4.2xlarge	64	488000	14540	5	150000000	50	130	0.621439738915361	0.699904926309755	0.683905823195575
8	r4.2xlarge	64	488000	14540	5	150000000	50	132	0.621439738915361	0.699904926309755	0.683905823195575
8	r4.2xlarge	64	488000	14540	5	150000000	50	132	0.621439738915361	0.699904926309755	0.683905823195575
8	r4.2xlarge	64	488000	14540	5	150000000	100	128	0.621439738915361	0.699904926309755	0.683905823195575
8	r4.2xlarge	64	488000	14540	5	150000000	100	128	0.621439738915361	0.699904926309755	0.683905823195575
8	r4.2xlarge	64	488000	14540	5	150000000	100	130	0.621439738915361	0.699904926309755	0.683905823195575
8	r4.2xlarge	64	488000	14540	5	150000000	100	130	0.621439738915361	0.699904926309755	0.683905823195575
8	r4.2xlarge	64	488000	14540	5	150000000	100	132	0.621439738915361	0.699904926309755	0.683905823195575
8	r4.2xlarge	64	488000	19353	5	200000000	1	86	0.621439738915361	0.699904926309755	0.683905823195575
8	r4.2xlarge	64	488000	19353	5	200000000	1	88	0.621439738915361	0.699904926309755	0.683905823195575
8	r4.2xlarge	64	488000	19353	5	200000000	1	88	0.621439738915361	0.699904926309755	0.683905823195575
8	r4.2xlarge	64	488000	19353	5	200000000	1	88	0.621439738915361	0.699904926309755	0.683905823195575
8	r4.2xlarge	64	488000	19353	5	200000000	1	92	0.621439738915361	0.699904926309755	0.683905823195575
8	r4.2xlarge	64	488000	19353	5	200000000	25	124	0.621439738915361	0.699904926309755	0.683905823195575
8	r4.2xlarge	64	488000	19353	5	200000000	25	124	0.621439738915361	0.699904926309755	0.683905823195575
8	r4.2xlarge	64	488000	19353	5	200000000	25	124	0.621439738915361	0.699904926309755	0.683905823195575
8	r4.2xlarge	64	488000	19353	5	200000000	25	124	0.621439738915361	0.699904926309755	0.683905823195575
8	r4.2xlarge	64	488000	19353	5	200000000	25	124	0.621439738915361	0.699904926309755	0.683905823195575
8	r4.2xlarge	64	488000	19353	5	200000000	50	154	0.621439738915361	0.699904926309755	0.683905823195575
8	r4.2xlarge	64	488000	19353	5	200000000	50	154	0.621439738915361	0.699904926309755	0.683905823195575
8	r4.2xlarge	64	488000	19353	5	200000000	50	156	0.621439738915361	0.699904926309755	0.683905823195575
8	r4.2xlarge	64	488000	19353	5	200000000	50	158	0.621439738915361	0.699904926309755	0.683905823195575
8	r4.2xlarge	64	488000	19353	5	200000000	50	160	0.621439738915361	0.699904926309755	0.683905823195575
8	r4.2xlarge	64	488000	19353	5	200000000	100	154	0.621439738915361	0.699904926309755	0.683905823195575
8	r4.2xlarge	64	488000	19353	5	200000000	100	156	0.621439738915361	0.699904926309755	0.683905823195575
8	r4.2xlarge	64	488000	19353	5	200000000	100	158	0.621439738915361	0.699904926309755	0.683905823195575
8	r4.2xlarge	64	488000	19353	5	200000000	100	158	0.621439738915361	0.699904926309755	0.683905823195575
8	r4.2xlarge	64	488000	19353	5	200000000	100	158	0.621439738915361	0.699904926309755	0.683905823195575
8	r4.2xlarge	64	488000	19558	10	100000000	1	78	0.621439738915361	0.699904926309755	0.683905823195575
8	r4.2xlarge	64	488000	19558	10	100000000	1	78	0.621439738915361	0.699904926309755	0.683905823195575
8	r4.2xlarge	64	488000	19558	10	100000000	1	78	0.621439738915361	0.699904926309755	0.683905823195575
8	r4.2xlarge	64	488000	19558	10	100000000	1	78	0.621439738915361	0.699904926309755	0.683905823195575
8	r4.2xlarge	64	488000	19558	10	100000000	1	80	0.621439738915361	0.699904926309755	0.683905823195575
8	r4.2xlarge	64	488000	19558	10	100000000	25	102	0.621439738915361	0.699904926309755	0.683905823195575
8	r4.2xlarge	64	488000	19558	10	100000000	25	102	0.621439738915361	0.699904926309755	0.683905823195575
8	r4.2xlarge	64	488000	19558	10	100000000	25	102	0.621439738915361	0.699904926309755	0.683905823195575
8	r4.2xlarge	64	488000	19558	10	100000000	25	102	0.621439738915361	0.699904926309755	0.683905823195575
8	r4.2xlarge	64	488000	19558	10	100000000	25	104	0.621439738915361	0.699904926309755	0.683905823195575
8	r4.2xlarge	64	488000	19558	10	100000000	50	110	0.621439738915361	0.699904926309755	0.683905823195575
8	r4.2xlarge	64	488000	19558	10	100000000	50	110	0.621439738915361	0.699904926309755	0.683905823195575
8	r4.2xlarge	64	488000	19558	10	100000000	50	110	0.621439738915361	0.699904926309755	0.683905823195575
8	r4.2xlarge	64	488000	19558	10	100000000	50	112	0.621439738915361	0.699904926309755	0.683905823195575
8	r4.2xlarge	64	488000	19558	10	100000000	50	112	0.621439738915361	0.699904926309755	0.683905823195575
8	r4.2xlarge	64	488000	19558	10	100000000	100	110	0.621439738915361	0.699904926309755	0.683905823195575
8	r4.2xlarge	64	488000	19558	10	100000000	100	110	0.621439738915361	0.699904926309755	0.683905823195575
8	r4.2xlarge	64	488000	19558	10	100000000	100	112	0.621439738915361	0.699904926309755	0.683905823195575
8	r4.2xlarge	64	488000	19558	10	100000000	100	112	0.621439738915361	0.699904926309755	0.683905823195575
8	r4.2xlarge	64	488000	19558	10	100000000	100	112	0.621439738915361	0.699904926309755	0.683905823195575
8	r4.2xlarge	64	488000	24268	5	250000000	1	98	0.621439738915361	0.699904926309755	0.683905823195575
8	r4.2xlarge	64	488000	24268	5	250000000	1	100	0.621439738915361	0.699904926309755	0.683905823195575
8	r4.2xlarge	64	488000	24268	5	250000000	1	100	0.621439738915361	0.699904926309755	0.683905823195575
8	r4.2xlarge	64	488000	24268	5	250000000	1	102	0.621439738915361	0.699904926309755	0.683905823195575
8	r4.2xlarge	64	488000	24268	5	250000000	1	102	0.621439738915361	0.699904926309755	0.683905823195575
8	r4.2xlarge	64	488000	24268	5	250000000	25	142	0.621439738915361	0.699904926309755	0.683905823195575
8	r4.2xlarge	64	488000	24268	5	250000000	25	142	0.621439738915361	0.699904926309755	0.683905823195575
8	r4.2xlarge	64	488000	24268	5	250000000	25	142	0.621439738915361	0.699904926309755	0.683905823195575
8	r4.2xlarge	64	488000	24268	5	250000000	25	144	0.621439738915361	0.699904926309755	0.683905823195575
8	r4.2xlarge	64	488000	24268	5	250000000	25	144	0.621439738915361	0.699904926309755	0.683905823195575
8	r4.2xlarge	64	488000	24268	5	250000000	50	178	0.621439738915361	0.699904926309755	0.683905823195575
8	r4.2xlarge	64	488000	24268	5	250000000	50	180	0.621439738915361	0.699904926309755	0.683905823195575
8	r4.2xlarge	64	488000	24268	5	250000000	50	180	0.621439738915361	0.699904926309755	0.683905823195575
8	r4.2xlarge	64	488000	24268	5	250000000	50	182	0.621439738915361	0.699904926309755	0.683905823195575
8	r4.2xlarge	64	488000	24268	5	250000000	50	182	0.621439738915361	0.699904926309755	0.683905823195575
8	r4.2xlarge	64	488000	24268	5	250000000	100	180	0.621439738915361	0.699904926309755	0.683905823195575
8	r4.2xlarge	64	488000	24268	5	250000000	100	180	0.621439738915361	0.699904926309755	0.683905823195575
8	r4.2xlarge	64	488000	24268	5	250000000	100	182	0.621439738915361	0.699904926309755	0.683905823195575
8	r4.2xlarge	64	488000	24268	5	250000000	100	182	0.621439738915361	0.699904926309755	0.683905823195575
8	r4.2xlarge	64	488000	24268	5	250000000	100	182	0.621439738915361	0.699904926309755	0.683905823195575
8	r4.2xlarge	64	488000	29081	5	300000000	1	112	0.621439738915361	0.699904926309755	0.683905823195575
8	r4.2xlarge	64	488000	29081	5	300000000	1	112	0.621439738915361	0.699904926309755	0.683905823195575
8	r4.2xlarge	64	488000	29081	5	300000000	1	114	0.621439738915361	0.699904926309755	0.683905823195575
8	r4.2xlarge	64	488000	29081	5	300000000	1	114	0.621439738915361	0.699904926309755	0.683905823195575
8	r4.2xlarge	64	488000	29081	5	300000000	1	114	0.621439738915361	0.699904926309755	0.683905823195575
8	r4.2xlarge	64	488000	29081	5	300000000	25	162	0.621439738915361	0.699904926309755	0.683905823195575
8	r4.2xlarge	64	488000	29081	5	300000000	25	162	0.621439738915361	0.699904926309755	0.683905823195575
8	r4.2xlarge	64	488000	29081	5	300000000	25	162	0.621439738915361	0.699904926309755	0.683905823195575
8	r4.2xlarge	64	488000	29081	5	300000000	25	164	0.621439738915361	0.699904926309755	0.683905823195575
8	r4.2xlarge	64	488000	29081	5	300000000	25	166	0.621439738915361	0.699904926309755	0.683905823195575
8	r4.2xlarge	64	488000	29081	5	300000000	50	208	0.621439738915361	0.699904926309755	0.683905823195575
8	r4.2xlarge	64	488000	29081	5	300000000	50	212	0.621439738915361	0.699904926309755	0.683905823195575
8	r4.2xlarge	64	488000	29081	5	300000000	50	212	0.621439738915361	0.699904926309755	0.683905823195575
8	r4.2xlarge	64	488000	29081	5	300000000	50	214	0.621439738915361	0.699904926309755	0.683905823195575
8	r4.2xlarge	64	488000	29081	5	300000000	50	216	0.621439738915361	0.699904926309755	0.683905823195575
8	r4.2xlarge	64	488000	29081	5	300000000	100	208	0.621439738915361	0.699904926309755	0.683905823195575
8	r4.2xlarge	64	488000	29081	5	300000000	100	210	0.621439738915361	0.699904926309755	0.683905823195575
8	r4.2xlarge	64	488000	29081	5	300000000	100	210	0.621439738915361	0.699904926309755	0.683905823195575
8	r4.2xlarge	64	488000	29081	5	300000000	100	214	0.621439738915361	0.699904926309755	0.683905823195575
8	r4.2xlarge	64	488000	29081	5	300000000	100	216	0.621439738915361	0.699904926309755	0.683905823195575
8	r4.2xlarge	64	488000	29593	15	100000000	1	92	0.621439738915361	0.699904926309755	0.683905823195575
8	r4.2xlarge	64	488000	29593	15	100000000	1	92	0.621439738915361	0.699904926309755	0.683905823195575
8	r4.2xlarge	64	488000	29593	15	100000000	1	92	0.621439738915361	0.699904926309755	0.683905823195575
8	r4.2xlarge	64	488000	29593	15	100000000	1	94	0.621439738915361	0.699904926309755	0.683905823195575
8	r4.2xlarge	64	488000	29593	15	100000000	1	94	0.621439738915361	0.699904926309755	0.683905823195575
8	r4.2xlarge	64	488000	29593	15	100000000	25	116	0.621439738915361	0.699904926309755	0.683905823195575
8	r4.2xlarge	64	488000	29593	15	100000000	25	116	0.621439738915361	0.699904926309755	0.683905823195575
8	r4.2xlarge	64	488000	29593	15	100000000	25	118	0.621439738915361	0.699904926309755	0.683905823195575
8	r4.2xlarge	64	488000	29593	15	100000000	25	120	0.621439738915361	0.699904926309755	0.683905823195575
8	r4.2xlarge	64	488000	29593	15	100000000	25	120	0.621439738915361	0.699904926309755	0.683905823195575
8	r4.2xlarge	64	488000	29593	15	100000000	50	132	0.621439738915361	0.699904926309755	0.683905823195575
8	r4.2xlarge	64	488000	29593	15	100000000	50	132	0.621439738915361	0.699904926309755	0.683905823195575
8	r4.2xlarge	64	488000	29593	15	100000000	50	134	0.621439738915361	0.699904926309755	0.683905823195575
8	r4.2xlarge	64	488000	29593	15	100000000	50	134	0.621439738915361	0.699904926309755	0.683905823195575
8	r4.2xlarge	64	488000	29593	15	100000000	50	136	0.621439738915361	0.699904926309755	0.683905823195575
8	r4.2xlarge	64	488000	29593	15	100000000	100	132	0.621439738915361	0.699904926309755	0.683905823195575
8	r4.2xlarge	64	488000	29593	15	100000000	100	134	0.621439738915361	0.699904926309755	0.683905823195575
8	r4.2xlarge	64	488000	29593	15	100000000	100	134	0.621439738915361	0.699904926309755	0.683905823195575
8	r4.2xlarge	64	488000	29593	15	100000000	100	134	0.621439738915361	0.699904926309755	0.683905823195575
8	r4.2xlarge	64	488000	29593	15	100000000	100	134	0.621439738915361	0.699904926309755	0.683905823195575
8	m4.2xlarge	64	256000	19353	5	200000000	25	132	0.73813508679461	0.917837907061713	0.817114731721182
8	m4.2xlarge	64	256000	19353	5	200000000	25	132	0.73813508679461	0.917837907061713	0.817114731721182
8	m4.2xlarge	64	256000	19353	5	200000000	25	132	0.73813508679461	0.917837907061713	0.817114731721182
8	m4.2xlarge	64	256000	19353	5	200000000	25	132	0.73813508679461	0.917837907061713	0.817114731721182
8	m4.2xlarge	64	256000	19353	5	200000000	25	138	0.73813508679461	0.917837907061713	0.817114731721182
8	r4.xlarge	32	244000	19353	5	200000000	25	220	0.621758403741034	0.91340066266808	0.680859830691666
8	r4.xlarge	32	244000	19353	5	200000000	25	222	0.621758403741034	0.91340066266808	0.680859830691666
8	r4.xlarge	32	244000	19353	5	200000000	25	222	0.621758403741034	0.91340066266808	0.680859830691666
8	r4.xlarge	32	244000	19353	5	200000000	25	222	0.621758403741034	0.91340066266808	0.680859830691666
8	r4.xlarge	32	244000	19353	5	200000000	25	224	0.621758403741034	0.91340066266808	0.680859830691666
10	r4.2xlarge	80	610000	9730	5	100000000	1	58	0.621439738915361	0.699904926309755	0.683905823195575
10	r4.2xlarge	80	610000	9730	5	100000000	1	58	0.621439738915361	0.699904926309755	0.683905823195575
10	r4.2xlarge	80	610000	9730	5	100000000	1	60	0.621439738915361	0.699904926309755	0.683905823195575
10	r4.2xlarge	80	610000	9730	5	100000000	1	60	0.621439738915361	0.699904926309755	0.683905823195575
10	r4.2xlarge	80	610000	9730	5	100000000	1	62	0.621439738915361	0.699904926309755	0.683905823195575
10	r4.2xlarge	80	610000	9730	5	100000000	25	80	0.621439738915361	0.699904926309755	0.683905823195575
10	r4.2xlarge	80	610000	9730	5	100000000	25	80	0.621439738915361	0.699904926309755	0.683905823195575
10	r4.2xlarge	80	610000	9730	5	100000000	25	80	0.621439738915361	0.699904926309755	0.683905823195575
10	r4.2xlarge	80	610000	9730	5	100000000	25	80	0.621439738915361	0.699904926309755	0.683905823195575
10	r4.2xlarge	80	610000	9730	5	100000000	25	84	0.621439738915361	0.699904926309755	0.683905823195575
10	r4.2xlarge	80	610000	9730	5	100000000	50	96	0.621439738915361	0.699904926309755	0.683905823195575
10	r4.2xlarge	80	610000	9730	5	100000000	50	98	0.621439738915361	0.699904926309755	0.683905823195575
10	r4.2xlarge	80	610000	9730	5	100000000	50	98	0.621439738915361	0.699904926309755	0.683905823195575
10	r4.2xlarge	80	610000	9730	5	100000000	50	100	0.621439738915361	0.699904926309755	0.683905823195575
10	r4.2xlarge	80	610000	9730	5	100000000	50	100	0.621439738915361	0.699904926309755	0.683905823195575
10	r4.2xlarge	80	610000	9730	5	100000000	100	96	0.621439738915361	0.699904926309755	0.683905823195575
10	r4.2xlarge	80	610000	9730	5	100000000	100	96	0.621439738915361	0.699904926309755	0.683905823195575
10	r4.2xlarge	80	610000	9730	5	100000000	100	98	0.621439738915361	0.699904926309755	0.683905823195575
10	r4.2xlarge	80	610000	9730	5	100000000	100	98	0.621439738915361	0.699904926309755	0.683905823195575
10	r4.2xlarge	80	610000	9730	5	100000000	100	100	0.621439738915361	0.699904926309755	0.683905823195575
10	r4.2xlarge	80	610000	14540	5	150000000	1	66	0.621439738915361	0.699904926309755	0.683905823195575
10	r4.2xlarge	80	610000	14540	5	150000000	1	68	0.621439738915361	0.699904926309755	0.683905823195575
10	r4.2xlarge	80	610000	14540	5	150000000	1	68	0.621439738915361	0.699904926309755	0.683905823195575
10	r4.2xlarge	80	610000	14540	5	150000000	1	70	0.621439738915361	0.699904926309755	0.683905823195575
10	r4.2xlarge	80	610000	14540	5	150000000	1	70	0.621439738915361	0.699904926309755	0.683905823195575
10	r4.2xlarge	80	610000	14540	5	150000000	25	94	0.621439738915361	0.699904926309755	0.683905823195575
10	r4.2xlarge	80	610000	14540	5	150000000	25	94	0.621439738915361	0.699904926309755	0.683905823195575
10	r4.2xlarge	80	610000	14540	5	150000000	25	96	0.621439738915361	0.699904926309755	0.683905823195575
10	r4.2xlarge	80	610000	14540	5	150000000	25	96	0.621439738915361	0.699904926309755	0.683905823195575
10	r4.2xlarge	80	610000	14540	5	150000000	25	98	0.621439738915361	0.699904926309755	0.683905823195575
10	r4.2xlarge	80	610000	14540	5	150000000	50	116	0.621439738915361	0.699904926309755	0.683905823195575
10	r4.2xlarge	80	610000	14540	5	150000000	50	116	0.621439738915361	0.699904926309755	0.683905823195575
10	r4.2xlarge	80	610000	14540	5	150000000	50	116	0.621439738915361	0.699904926309755	0.683905823195575
10	r4.2xlarge	80	610000	14540	5	150000000	50	116	0.621439738915361	0.699904926309755	0.683905823195575
10	r4.2xlarge	80	610000	14540	5	150000000	50	118	0.621439738915361	0.699904926309755	0.683905823195575
10	r4.2xlarge	80	610000	14540	5	150000000	100	116	0.621439738915361	0.699904926309755	0.683905823195575
10	r4.2xlarge	80	610000	14540	5	150000000	100	116	0.621439738915361	0.699904926309755	0.683905823195575
10	r4.2xlarge	80	610000	14540	5	150000000	100	116	0.621439738915361	0.699904926309755	0.683905823195575
10	r4.2xlarge	80	610000	14540	5	150000000	100	118	0.621439738915361	0.699904926309755	0.683905823195575
10	r4.2xlarge	80	610000	14540	5	150000000	100	118	0.621439738915361	0.699904926309755	0.683905823195575
10	r4.2xlarge	80	610000	19353	5	200000000	1	78	0.621439738915361	0.699904926309755	0.683905823195575
10	r4.2xlarge	80	610000	19353	5	200000000	1	80	0.621439738915361	0.699904926309755	0.683905823195575
10	r4.2xlarge	80	610000	19353	5	200000000	1	80	0.621439738915361	0.699904926309755	0.683905823195575
10	r4.2xlarge	80	610000	19353	5	200000000	1	80	0.621439738915361	0.699904926309755	0.683905823195575
10	r4.2xlarge	80	610000	19353	5	200000000	1	82	0.621439738915361	0.699904926309755	0.683905823195575
10	r4.2xlarge	80	610000	19353	5	200000000	25	110	0.621439738915361	0.699904926309755	0.683905823195575
10	r4.2xlarge	80	610000	19353	5	200000000	25	110	0.621439738915361	0.699904926309755	0.683905823195575
10	r4.2xlarge	80	610000	19353	5	200000000	25	110	0.621439738915361	0.699904926309755	0.683905823195575
10	r4.2xlarge	80	610000	19353	5	200000000	25	112	0.621439738915361	0.699904926309755	0.683905823195575
10	r4.2xlarge	80	610000	19353	5	200000000	25	112	0.621439738915361	0.699904926309755	0.683905823195575
10	r4.2xlarge	80	610000	19353	5	200000000	50	136	0.621439738915361	0.699904926309755	0.683905823195575
10	r4.2xlarge	80	610000	19353	5	200000000	50	138	0.621439738915361	0.699904926309755	0.683905823195575
10	r4.2xlarge	80	610000	19353	5	200000000	50	138	0.621439738915361	0.699904926309755	0.683905823195575
10	r4.2xlarge	80	610000	19353	5	200000000	50	138	0.621439738915361	0.699904926309755	0.683905823195575
10	r4.2xlarge	80	610000	19353	5	200000000	50	144	0.621439738915361	0.699904926309755	0.683905823195575
10	r4.2xlarge	80	610000	19353	5	200000000	100	134	0.621439738915361	0.699904926309755	0.683905823195575
10	r4.2xlarge	80	610000	19353	5	200000000	100	138	0.621439738915361	0.699904926309755	0.683905823195575
10	r4.2xlarge	80	610000	19353	5	200000000	100	138	0.621439738915361	0.699904926309755	0.683905823195575
10	r4.2xlarge	80	610000	19353	5	200000000	100	140	0.621439738915361	0.699904926309755	0.683905823195575
10	r4.2xlarge	80	610000	19353	5	200000000	100	140	0.621439738915361	0.699904926309755	0.683905823195575
10	r4.2xlarge	80	610000	19558	10	100000000	1	68	0.621439738915361	0.699904926309755	0.683905823195575
10	r4.2xlarge	80	610000	19558	10	100000000	1	70	0.621439738915361	0.699904926309755	0.683905823195575
10	r4.2xlarge	80	610000	19558	10	100000000	1	70	0.621439738915361	0.699904926309755	0.683905823195575
10	r4.2xlarge	80	610000	19558	10	100000000	1	70	0.621439738915361	0.699904926309755	0.683905823195575
10	r4.2xlarge	80	610000	19558	10	100000000	1	70	0.621439738915361	0.699904926309755	0.683905823195575
10	r4.2xlarge	80	610000	19558	10	100000000	25	90	0.621439738915361	0.699904926309755	0.683905823195575
10	r4.2xlarge	80	610000	19558	10	100000000	25	90	0.621439738915361	0.699904926309755	0.683905823195575
10	r4.2xlarge	80	610000	19558	10	100000000	25	90	0.621439738915361	0.699904926309755	0.683905823195575
10	r4.2xlarge	80	610000	19558	10	100000000	25	90	0.621439738915361	0.699904926309755	0.683905823195575
10	r4.2xlarge	80	610000	19558	10	100000000	25	92	0.621439738915361	0.699904926309755	0.683905823195575
10	r4.2xlarge	80	610000	19558	10	100000000	50	98	0.621439738915361	0.699904926309755	0.683905823195575
10	r4.2xlarge	80	610000	19558	10	100000000	50	98	0.621439738915361	0.699904926309755	0.683905823195575
10	r4.2xlarge	80	610000	19558	10	100000000	50	98	0.621439738915361	0.699904926309755	0.683905823195575
10	r4.2xlarge	80	610000	19558	10	100000000	50	100	0.621439738915361	0.699904926309755	0.683905823195575
10	r4.2xlarge	80	610000	19558	10	100000000	50	100	0.621439738915361	0.699904926309755	0.683905823195575
10	r4.2xlarge	80	610000	19558	10	100000000	100	98	0.621439738915361	0.699904926309755	0.683905823195575
10	r4.2xlarge	80	610000	19558	10	100000000	100	98	0.621439738915361	0.699904926309755	0.683905823195575
10	r4.2xlarge	80	610000	19558	10	100000000	100	98	0.621439738915361	0.699904926309755	0.683905823195575
10	r4.2xlarge	80	610000	19558	10	100000000	100	100	0.621439738915361	0.699904926309755	0.683905823195575
10	r4.2xlarge	80	610000	19558	10	100000000	100	100	0.621439738915361	0.699904926309755	0.683905823195575
10	r4.2xlarge	80	610000	24268	5	250000000	1	88	0.621439738915361	0.699904926309755	0.683905823195575
10	r4.2xlarge	80	610000	24268	5	250000000	1	88	0.621439738915361	0.699904926309755	0.683905823195575
10	r4.2xlarge	80	610000	24268	5	250000000	1	88	0.621439738915361	0.699904926309755	0.683905823195575
10	r4.2xlarge	80	610000	24268	5	250000000	1	88	0.621439738915361	0.699904926309755	0.683905823195575
10	r4.2xlarge	80	610000	24268	5	250000000	1	90	0.621439738915361	0.699904926309755	0.683905823195575
10	r4.2xlarge	80	610000	24268	5	250000000	25	124	0.621439738915361	0.699904926309755	0.683905823195575
10	r4.2xlarge	80	610000	24268	5	250000000	25	124	0.621439738915361	0.699904926309755	0.683905823195575
10	r4.2xlarge	80	610000	24268	5	250000000	25	124	0.621439738915361	0.699904926309755	0.683905823195575
10	r4.2xlarge	80	610000	24268	5	250000000	25	126	0.621439738915361	0.699904926309755	0.683905823195575
10	r4.2xlarge	80	610000	24268	5	250000000	25	128	0.621439738915361	0.699904926309755	0.683905823195575
10	r4.2xlarge	80	610000	24268	5	250000000	50	158	0.621439738915361	0.699904926309755	0.683905823195575
10	r4.2xlarge	80	610000	24268	5	250000000	50	158	0.621439738915361	0.699904926309755	0.683905823195575
10	r4.2xlarge	80	610000	24268	5	250000000	50	160	0.621439738915361	0.699904926309755	0.683905823195575
10	r4.2xlarge	80	610000	24268	5	250000000	50	160	0.621439738915361	0.699904926309755	0.683905823195575
10	r4.2xlarge	80	610000	24268	5	250000000	50	160	0.621439738915361	0.699904926309755	0.683905823195575
10	r4.2xlarge	80	610000	24268	5	250000000	100	156	0.621439738915361	0.699904926309755	0.683905823195575
10	r4.2xlarge	80	610000	24268	5	250000000	100	158	0.621439738915361	0.699904926309755	0.683905823195575
10	r4.2xlarge	80	610000	24268	5	250000000	100	158	0.621439738915361	0.699904926309755	0.683905823195575
10	r4.2xlarge	80	610000	24268	5	250000000	100	160	0.621439738915361	0.699904926309755	0.683905823195575
10	r4.2xlarge	80	610000	24268	5	250000000	100	160	0.621439738915361	0.699904926309755	0.683905823195575
10	r4.2xlarge	80	610000	29081	5	300000000	1	96	0.621439738915361	0.699904926309755	0.683905823195575
10	r4.2xlarge	80	610000	29081	5	300000000	1	98	0.621439738915361	0.699904926309755	0.683905823195575
10	r4.2xlarge	80	610000	29081	5	300000000	1	98	0.621439738915361	0.699904926309755	0.683905823195575
10	r4.2xlarge	80	610000	29081	5	300000000	1	100	0.621439738915361	0.699904926309755	0.683905823195575
10	r4.2xlarge	80	610000	29081	5	300000000	1	100	0.621439738915361	0.699904926309755	0.683905823195575
10	r4.2xlarge	80	610000	29081	5	300000000	25	140	0.621439738915361	0.699904926309755	0.683905823195575
10	r4.2xlarge	80	610000	29081	5	300000000	25	140	0.621439738915361	0.699904926309755	0.683905823195575
10	r4.2xlarge	80	610000	29081	5	300000000	25	142	0.621439738915361	0.699904926309755	0.683905823195575
10	r4.2xlarge	80	610000	29081	5	300000000	25	142	0.621439738915361	0.699904926309755	0.683905823195575
10	r4.2xlarge	80	610000	29081	5	300000000	25	144	0.621439738915361	0.699904926309755	0.683905823195575
10	r4.2xlarge	80	610000	29081	5	300000000	50	172	0.621439738915361	0.699904926309755	0.683905823195575
10	r4.2xlarge	80	610000	29081	5	300000000	50	172	0.621439738915361	0.699904926309755	0.683905823195575
10	r4.2xlarge	80	610000	29081	5	300000000	50	178	0.621439738915361	0.699904926309755	0.683905823195575
10	r4.2xlarge	80	610000	29081	5	300000000	50	178	0.621439738915361	0.699904926309755	0.683905823195575
10	r4.2xlarge	80	610000	29081	5	300000000	50	178	0.621439738915361	0.699904926309755	0.683905823195575
10	r4.2xlarge	80	610000	29081	5	300000000	100	176	0.621439738915361	0.699904926309755	0.683905823195575
10	r4.2xlarge	80	610000	29081	5	300000000	100	176	0.621439738915361	0.699904926309755	0.683905823195575
10	r4.2xlarge	80	610000	29081	5	300000000	100	176	0.621439738915361	0.699904926309755	0.683905823195575
10	r4.2xlarge	80	610000	29081	5	300000000	100	180	0.621439738915361	0.699904926309755	0.683905823195575
10	r4.2xlarge	80	610000	29081	5	300000000	100	180	0.621439738915361	0.699904926309755	0.683905823195575
10	r4.2xlarge	80	610000	29593	15	100000000	1	80	0.621439738915361	0.699904926309755	0.683905823195575
10	r4.2xlarge	80	610000	29593	15	100000000	1	80	0.621439738915361	0.699904926309755	0.683905823195575
10	r4.2xlarge	80	610000	29593	15	100000000	1	80	0.621439738915361	0.699904926309755	0.683905823195575
10	r4.2xlarge	80	610000	29593	15	100000000	1	82	0.621439738915361	0.699904926309755	0.683905823195575
10	r4.2xlarge	80	610000	29593	15	100000000	1	82	0.621439738915361	0.699904926309755	0.683905823195575
10	r4.2xlarge	80	610000	29593	15	100000000	25	102	0.621439738915361	0.699904926309755	0.683905823195575
10	r4.2xlarge	80	610000	29593	15	100000000	25	104	0.621439738915361	0.699904926309755	0.683905823195575
10	r4.2xlarge	80	610000	29593	15	100000000	25	104	0.621439738915361	0.699904926309755	0.683905823195575
10	r4.2xlarge	80	610000	29593	15	100000000	25	104	0.621439738915361	0.699904926309755	0.683905823195575
10	r4.2xlarge	80	610000	29593	15	100000000	25	104	0.621439738915361	0.699904926309755	0.683905823195575
10	r4.2xlarge	80	610000	29593	15	100000000	50	114	0.621439738915361	0.699904926309755	0.683905823195575
10	r4.2xlarge	80	610000	29593	15	100000000	50	114	0.621439738915361	0.699904926309755	0.683905823195575
10	r4.2xlarge	80	610000	29593	15	100000000	50	116	0.621439738915361	0.699904926309755	0.683905823195575
10	r4.2xlarge	80	610000	29593	15	100000000	50	118	0.621439738915361	0.699904926309755	0.683905823195575
10	r4.2xlarge	80	610000	29593	15	100000000	50	118	0.621439738915361	0.699904926309755	0.683905823195575
10	r4.2xlarge	80	610000	29593	15	100000000	100	114	0.621439738915361	0.699904926309755	0.683905823195575
10	r4.2xlarge	80	610000	29593	15	100000000	100	114	0.621439738915361	0.699904926309755	0.683905823195575
10	r4.2xlarge	80	610000	29593	15	100000000	100	116	0.621439738915361	0.699904926309755	0.683905823195575
10	r4.2xlarge	80	610000	29593	15	100000000	100	118	0.621439738915361	0.699904926309755	0.683905823195575
10	r4.2xlarge	80	610000	29593	15	100000000	100	120	0.621439738915361	0.699904926309755	0.683905823195575
10	m4.2xlarge	80	320000	19353	5	200000000	25	116	0.73813508679461	0.917837907061713	0.817114731721182
10	m4.2xlarge	80	320000	19353	5	200000000	25	116	0.73813508679461	0.917837907061713	0.817114731721182
10	m4.2xlarge	80	320000	19353	5	200000000	25	116	0.73813508679461	0.917837907061713	0.817114731721182
10	m4.2xlarge	80	320000	19353	5	200000000	25	118	0.73813508679461	0.917837907061713	0.817114731721182
10	m4.2xlarge	80	320000	19353	5	200000000	25	120	0.73813508679461	0.917837907061713	0.817114731721182
10	r4.xlarge	40	305000	19353	5	200000000	25	176	0.621758403741034	0.91340066266808	0.680859830691666
10	r4.xlarge	40	305000	19353	5	200000000	25	176	0.621758403741034	0.91340066266808	0.680859830691666
10	r4.xlarge	40	305000	19353	5	200000000	25	180	0.621758403741034	0.91340066266808	0.680859830691666
10	r4.xlarge	40	305000	19353	5	200000000	25	182	0.621758403741034	0.91340066266808	0.680859830691666
10	r4.xlarge	40	305000	19353	5	200000000	25	184	0.621758403741034	0.91340066266808	0.680859830691666
12	r4.2xlarge	96	732000	9730	5	100000000	1	56	0.621439738915361	0.699904926309755	0.683905823195575
12	r4.2xlarge	96	732000	9730	5	100000000	1	56	0.621439738915361	0.699904926309755	0.683905823195575
12	r4.2xlarge	96	732000	9730	5	100000000	1	56	0.621439738915361	0.699904926309755	0.683905823195575
12	r4.2xlarge	96	732000	9730	5	100000000	1	58	0.621439738915361	0.699904926309755	0.683905823195575
12	r4.2xlarge	96	732000	9730	5	100000000	1	60	0.621439738915361	0.699904926309755	0.683905823195575
12	r4.2xlarge	96	732000	9730	5	100000000	25	70	0.621439738915361	0.699904926309755	0.683905823195575
12	r4.2xlarge	96	732000	9730	5	100000000	25	72	0.621439738915361	0.699904926309755	0.683905823195575
12	r4.2xlarge	96	732000	9730	5	100000000	25	72	0.621439738915361	0.699904926309755	0.683905823195575
12	r4.2xlarge	96	732000	9730	5	100000000	25	72	0.621439738915361	0.699904926309755	0.683905823195575
12	r4.2xlarge	96	732000	9730	5	100000000	25	74	0.621439738915361	0.699904926309755	0.683905823195575
12	r4.2xlarge	96	732000	9730	5	100000000	50	84	0.621439738915361	0.699904926309755	0.683905823195575
12	r4.2xlarge	96	732000	9730	5	100000000	50	84	0.621439738915361	0.699904926309755	0.683905823195575
12	r4.2xlarge	96	732000	9730	5	100000000	50	84	0.621439738915361	0.699904926309755	0.683905823195575
12	r4.2xlarge	96	732000	9730	5	100000000	50	86	0.621439738915361	0.699904926309755	0.683905823195575
12	r4.2xlarge	96	732000	9730	5	100000000	50	86	0.621439738915361	0.699904926309755	0.683905823195575
12	r4.2xlarge	96	732000	9730	5	100000000	100	84	0.621439738915361	0.699904926309755	0.683905823195575
12	r4.2xlarge	96	732000	9730	5	100000000	100	84	0.621439738915361	0.699904926309755	0.683905823195575
12	r4.2xlarge	96	732000	9730	5	100000000	100	84	0.621439738915361	0.699904926309755	0.683905823195575
12	r4.2xlarge	96	732000	9730	5	100000000	100	84	0.621439738915361	0.699904926309755	0.683905823195575
12	r4.2xlarge	96	732000	9730	5	100000000	100	86	0.621439738915361	0.699904926309755	0.683905823195575
12	r4.2xlarge	96	732000	14540	5	150000000	1	64	0.621439738915361	0.699904926309755	0.683905823195575
12	r4.2xlarge	96	732000	14540	5	150000000	1	64	0.621439738915361	0.699904926309755	0.683905823195575
12	r4.2xlarge	96	732000	14540	5	150000000	1	64	0.621439738915361	0.699904926309755	0.683905823195575
12	r4.2xlarge	96	732000	14540	5	150000000	1	64	0.621439738915361	0.699904926309755	0.683905823195575
12	r4.2xlarge	96	732000	14540	5	150000000	1	64	0.621439738915361	0.699904926309755	0.683905823195575
12	r4.2xlarge	96	732000	14540	5	150000000	25	84	0.621439738915361	0.699904926309755	0.683905823195575
12	r4.2xlarge	96	732000	14540	5	150000000	25	84	0.621439738915361	0.699904926309755	0.683905823195575
12	r4.2xlarge	96	732000	14540	5	150000000	25	86	0.621439738915361	0.699904926309755	0.683905823195575
12	r4.2xlarge	96	732000	14540	5	150000000	25	86	0.621439738915361	0.699904926309755	0.683905823195575
12	r4.2xlarge	96	732000	14540	5	150000000	25	86	0.621439738915361	0.699904926309755	0.683905823195575
12	r4.2xlarge	96	732000	14540	5	150000000	50	102	0.621439738915361	0.699904926309755	0.683905823195575
12	r4.2xlarge	96	732000	14540	5	150000000	50	102	0.621439738915361	0.699904926309755	0.683905823195575
12	r4.2xlarge	96	732000	14540	5	150000000	50	102	0.621439738915361	0.699904926309755	0.683905823195575
12	r4.2xlarge	96	732000	14540	5	150000000	50	104	0.621439738915361	0.699904926309755	0.683905823195575
12	r4.2xlarge	96	732000	14540	5	150000000	50	104	0.621439738915361	0.699904926309755	0.683905823195575
12	r4.2xlarge	96	732000	14540	5	150000000	100	102	0.621439738915361	0.699904926309755	0.683905823195575
12	r4.2xlarge	96	732000	14540	5	150000000	100	102	0.621439738915361	0.699904926309755	0.683905823195575
12	r4.2xlarge	96	732000	14540	5	150000000	100	104	0.621439738915361	0.699904926309755	0.683905823195575
12	r4.2xlarge	96	732000	14540	5	150000000	100	104	0.621439738915361	0.699904926309755	0.683905823195575
12	r4.2xlarge	96	732000	14540	5	150000000	100	106	0.621439738915361	0.699904926309755	0.683905823195575
12	r4.2xlarge	96	732000	19353	5	200000000	1	72	0.621439738915361	0.699904926309755	0.683905823195575
12	r4.2xlarge	96	732000	19353	5	200000000	1	72	0.621439738915361	0.699904926309755	0.683905823195575
12	r4.2xlarge	96	732000	19353	5	200000000	1	72	0.621439738915361	0.699904926309755	0.683905823195575
12	r4.2xlarge	96	732000	19353	5	200000000	1	72	0.621439738915361	0.699904926309755	0.683905823195575
12	r4.2xlarge	96	732000	19353	5	200000000	1	72	0.621439738915361	0.699904926309755	0.683905823195575
12	r4.2xlarge	96	732000	19353	5	200000000	25	98	0.621439738915361	0.699904926309755	0.683905823195575
12	r4.2xlarge	96	732000	19353	5	200000000	25	100	0.621439738915361	0.699904926309755	0.683905823195575
12	r4.2xlarge	96	732000	19353	5	200000000	25	100	0.621439738915361	0.699904926309755	0.683905823195575
12	r4.2xlarge	96	732000	19353	5	200000000	25	100	0.621439738915361	0.699904926309755	0.683905823195575
12	r4.2xlarge	96	732000	19353	5	200000000	25	102	0.621439738915361	0.699904926309755	0.683905823195575
12	r4.2xlarge	96	732000	19353	5	200000000	50	120	0.621439738915361	0.699904926309755	0.683905823195575
12	r4.2xlarge	96	732000	19353	5	200000000	50	122	0.621439738915361	0.699904926309755	0.683905823195575
12	r4.2xlarge	96	732000	19353	5	200000000	50	122	0.621439738915361	0.699904926309755	0.683905823195575
12	r4.2xlarge	96	732000	19353	5	200000000	50	122	0.621439738915361	0.699904926309755	0.683905823195575
12	r4.2xlarge	96	732000	19353	5	200000000	50	122	0.621439738915361	0.699904926309755	0.683905823195575
12	r4.2xlarge	96	732000	19353	5	200000000	100	120	0.621439738915361	0.699904926309755	0.683905823195575
12	r4.2xlarge	96	732000	19353	5	200000000	100	122	0.621439738915361	0.699904926309755	0.683905823195575
12	r4.2xlarge	96	732000	19353	5	200000000	100	122	0.621439738915361	0.699904926309755	0.683905823195575
12	r4.2xlarge	96	732000	19353	5	200000000	100	124	0.621439738915361	0.699904926309755	0.683905823195575
12	r4.2xlarge	96	732000	19353	5	200000000	100	124	0.621439738915361	0.699904926309755	0.683905823195575
12	r4.2xlarge	96	732000	19558	10	100000000	1	64	0.621439738915361	0.699904926309755	0.683905823195575
12	r4.2xlarge	96	732000	19558	10	100000000	1	64	0.621439738915361	0.699904926309755	0.683905823195575
12	r4.2xlarge	96	732000	19558	10	100000000	1	64	0.621439738915361	0.699904926309755	0.683905823195575
12	r4.2xlarge	96	732000	19558	10	100000000	1	66	0.621439738915361	0.699904926309755	0.683905823195575
12	r4.2xlarge	96	732000	19558	10	100000000	1	66	0.621439738915361	0.699904926309755	0.683905823195575
12	r4.2xlarge	96	732000	19558	10	100000000	25	84	0.621439738915361	0.699904926309755	0.683905823195575
12	r4.2xlarge	96	732000	19558	10	100000000	25	84	0.621439738915361	0.699904926309755	0.683905823195575
12	r4.2xlarge	96	732000	19558	10	100000000	25	84	0.621439738915361	0.699904926309755	0.683905823195575
12	r4.2xlarge	96	732000	19558	10	100000000	25	84	0.621439738915361	0.699904926309755	0.683905823195575
12	r4.2xlarge	96	732000	19558	10	100000000	25	86	0.621439738915361	0.699904926309755	0.683905823195575
12	r4.2xlarge	96	732000	19558	10	100000000	50	88	0.621439738915361	0.699904926309755	0.683905823195575
12	r4.2xlarge	96	732000	19558	10	100000000	50	90	0.621439738915361	0.699904926309755	0.683905823195575
12	r4.2xlarge	96	732000	19558	10	100000000	50	90	0.621439738915361	0.699904926309755	0.683905823195575
12	r4.2xlarge	96	732000	19558	10	100000000	50	90	0.621439738915361	0.699904926309755	0.683905823195575
12	r4.2xlarge	96	732000	19558	10	100000000	50	90	0.621439738915361	0.699904926309755	0.683905823195575
12	r4.2xlarge	96	732000	19558	10	100000000	100	88	0.621439738915361	0.699904926309755	0.683905823195575
12	r4.2xlarge	96	732000	19558	10	100000000	100	88	0.621439738915361	0.699904926309755	0.683905823195575
12	r4.2xlarge	96	732000	19558	10	100000000	100	92	0.621439738915361	0.699904926309755	0.683905823195575
12	r4.2xlarge	96	732000	19558	10	100000000	100	92	0.621439738915361	0.699904926309755	0.683905823195575
12	r4.2xlarge	96	732000	19558	10	100000000	100	92	0.621439738915361	0.699904926309755	0.683905823195575
12	r4.2xlarge	96	732000	24268	5	250000000	1	78	0.621439738915361	0.699904926309755	0.683905823195575
12	r4.2xlarge	96	732000	24268	5	250000000	1	80	0.621439738915361	0.699904926309755	0.683905823195575
12	r4.2xlarge	96	732000	24268	5	250000000	1	80	0.621439738915361	0.699904926309755	0.683905823195575
12	r4.2xlarge	96	732000	24268	5	250000000	1	80	0.621439738915361	0.699904926309755	0.683905823195575
12	r4.2xlarge	96	732000	24268	5	250000000	1	80	0.621439738915361	0.699904926309755	0.683905823195575
12	r4.2xlarge	96	732000	24268	5	250000000	25	112	0.621439738915361	0.699904926309755	0.683905823195575
12	r4.2xlarge	96	732000	24268	5	250000000	25	112	0.621439738915361	0.699904926309755	0.683905823195575
12	r4.2xlarge	96	732000	24268	5	250000000	25	114	0.621439738915361	0.699904926309755	0.683905823195575
12	r4.2xlarge	96	732000	24268	5	250000000	25	114	0.621439738915361	0.699904926309755	0.683905823195575
12	r4.2xlarge	96	732000	24268	5	250000000	25	114	0.621439738915361	0.699904926309755	0.683905823195575
12	r4.2xlarge	96	732000	24268	5	250000000	50	138	0.621439738915361	0.699904926309755	0.683905823195575
12	r4.2xlarge	96	732000	24268	5	250000000	50	140	0.621439738915361	0.699904926309755	0.683905823195575
12	r4.2xlarge	96	732000	24268	5	250000000	50	140	0.621439738915361	0.699904926309755	0.683905823195575
12	r4.2xlarge	96	732000	24268	5	250000000	50	140	0.621439738915361	0.699904926309755	0.683905823195575
12	r4.2xlarge	96	732000	24268	5	250000000	50	140	0.621439738915361	0.699904926309755	0.683905823195575
12	r4.2xlarge	96	732000	24268	5	250000000	100	140	0.621439738915361	0.699904926309755	0.683905823195575
12	r4.2xlarge	96	732000	24268	5	250000000	100	140	0.621439738915361	0.699904926309755	0.683905823195575
12	r4.2xlarge	96	732000	24268	5	250000000	100	140	0.621439738915361	0.699904926309755	0.683905823195575
12	r4.2xlarge	96	732000	24268	5	250000000	100	140	0.621439738915361	0.699904926309755	0.683905823195575
12	r4.2xlarge	96	732000	24268	5	250000000	100	142	0.621439738915361	0.699904926309755	0.683905823195575
12	r4.2xlarge	96	732000	29081	5	300000000	1	86	0.621439738915361	0.699904926309755	0.683905823195575
12	r4.2xlarge	96	732000	29081	5	300000000	1	88	0.621439738915361	0.699904926309755	0.683905823195575
12	r4.2xlarge	96	732000	29081	5	300000000	1	88	0.621439738915361	0.699904926309755	0.683905823195575
12	r4.2xlarge	96	732000	29081	5	300000000	1	88	0.621439738915361	0.699904926309755	0.683905823195575
12	r4.2xlarge	96	732000	29081	5	300000000	1	88	0.621439738915361	0.699904926309755	0.683905823195575
12	r4.2xlarge	96	732000	29081	5	300000000	25	124	0.621439738915361	0.699904926309755	0.683905823195575
12	r4.2xlarge	96	732000	29081	5	300000000	25	124	0.621439738915361	0.699904926309755	0.683905823195575
12	r4.2xlarge	96	732000	29081	5	300000000	25	124	0.621439738915361	0.699904926309755	0.683905823195575
12	r4.2xlarge	96	732000	29081	5	300000000	25	126	0.621439738915361	0.699904926309755	0.683905823195575
12	r4.2xlarge	96	732000	29081	5	300000000	25	126	0.621439738915361	0.699904926309755	0.683905823195575
12	r4.2xlarge	96	732000	29081	5	300000000	50	156	0.621439738915361	0.699904926309755	0.683905823195575
12	r4.2xlarge	96	732000	29081	5	300000000	50	156	0.621439738915361	0.699904926309755	0.683905823195575
12	r4.2xlarge	96	732000	29081	5	300000000	50	156	0.621439738915361	0.699904926309755	0.683905823195575
12	r4.2xlarge	96	732000	29081	5	300000000	50	158	0.621439738915361	0.699904926309755	0.683905823195575
12	r4.2xlarge	96	732000	29081	5	300000000	50	158	0.621439738915361	0.699904926309755	0.683905823195575
12	r4.2xlarge	96	732000	29081	5	300000000	100	158	0.621439738915361	0.699904926309755	0.683905823195575
12	r4.2xlarge	96	732000	29081	5	300000000	100	158	0.621439738915361	0.699904926309755	0.683905823195575
12	r4.2xlarge	96	732000	29081	5	300000000	100	158	0.621439738915361	0.699904926309755	0.683905823195575
12	r4.2xlarge	96	732000	29081	5	300000000	100	158	0.621439738915361	0.699904926309755	0.683905823195575
12	r4.2xlarge	96	732000	29081	5	300000000	100	160	0.621439738915361	0.699904926309755	0.683905823195575
12	r4.2xlarge	96	732000	29593	15	100000000	1	72	0.621439738915361	0.699904926309755	0.683905823195575
12	r4.2xlarge	96	732000	29593	15	100000000	1	72	0.621439738915361	0.699904926309755	0.683905823195575
12	r4.2xlarge	96	732000	29593	15	100000000	1	74	0.621439738915361	0.699904926309755	0.683905823195575
12	r4.2xlarge	96	732000	29593	15	100000000	1	74	0.621439738915361	0.699904926309755	0.683905823195575
12	r4.2xlarge	96	732000	29593	15	100000000	1	74	0.621439738915361	0.699904926309755	0.683905823195575
12	r4.2xlarge	96	732000	29593	15	100000000	25	94	0.621439738915361	0.699904926309755	0.683905823195575
12	r4.2xlarge	96	732000	29593	15	100000000	25	94	0.621439738915361	0.699904926309755	0.683905823195575
12	r4.2xlarge	96	732000	29593	15	100000000	25	96	0.621439738915361	0.699904926309755	0.683905823195575
12	r4.2xlarge	96	732000	29593	15	100000000	25	96	0.621439738915361	0.699904926309755	0.683905823195575
12	r4.2xlarge	96	732000	29593	15	100000000	25	98	0.621439738915361	0.699904926309755	0.683905823195575
12	r4.2xlarge	96	732000	29593	15	100000000	50	106	0.621439738915361	0.699904926309755	0.683905823195575
12	r4.2xlarge	96	732000	29593	15	100000000	50	106	0.621439738915361	0.699904926309755	0.683905823195575
12	r4.2xlarge	96	732000	29593	15	100000000	50	106	0.621439738915361	0.699904926309755	0.683905823195575
12	r4.2xlarge	96	732000	29593	15	100000000	50	106	0.621439738915361	0.699904926309755	0.683905823195575
12	r4.2xlarge	96	732000	29593	15	100000000	50	108	0.621439738915361	0.699904926309755	0.683905823195575
12	r4.2xlarge	96	732000	29593	15	100000000	100	106	0.621439738915361	0.699904926309755	0.683905823195575
12	r4.2xlarge	96	732000	29593	15	100000000	100	106	0.621439738915361	0.699904926309755	0.683905823195575
12	r4.2xlarge	96	732000	29593	15	100000000	100	108	0.621439738915361	0.699904926309755	0.683905823195575
12	r4.2xlarge	96	732000	29593	15	100000000	100	108	0.621439738915361	0.699904926309755	0.683905823195575
12	r4.2xlarge	96	732000	29593	15	100000000	100	108	0.621439738915361	0.699904926309755	0.683905823195575
12	m4.2xlarge	96	384000	19353	5	200000000	25	100	0.73813508679461	0.917837907061713	0.817114731721182
12	m4.2xlarge	96	384000	19353	5	200000000	25	102	0.73813508679461	0.917837907061713	0.817114731721182
12	m4.2xlarge	96	384000	19353	5	200000000	25	106	0.73813508679461	0.917837907061713	0.817114731721182
12	m4.2xlarge	96	384000	19353	5	200000000	25	106	0.73813508679461	0.917837907061713	0.817114731721182
12	m4.2xlarge	96	384000	19353	5	200000000	25	106	0.73813508679461	0.917837907061713	0.817114731721182
12	r4.xlarge	48	366000	19353	5	200000000	25	152	0.621758403741034	0.91340066266808	0.680859830691666
12	r4.xlarge	48	366000	19353	5	200000000	25	154	0.621758403741034	0.91340066266808	0.680859830691666
12	r4.xlarge	48	366000	19353	5	200000000	25	154	0.621758403741034	0.91340066266808	0.680859830691666
12	r4.xlarge	48	366000	19353	5	200000000	25	156	0.621758403741034	0.91340066266808	0.680859830691666
12	r4.xlarge	48	366000	19353	5	200000000	25	156	0.621758403741034	0.91340066266808	0.680859830691666
